fantrax_id,name,positions,mlb_team,real_draft_year,aliases,birthdate,career_ab,career_ip,mlbam_id,bio_refreshed_at,real_life_il
050w9,"Henderson, Gunnar",SS,BAL,\N,"[""henderson gunnar""]",\N,\N,\N,\N,\N,\N
050w8,"Cavaco, Keoni",SS,(N/A),\N,"[""cavaco keoni""]",\N,\N,\N,\N,\N,\N
05294,"Sanchez, Junior",3B,(N/A),\N,[],\N,\N,\N,\N,\N,\N
0527f,"Made, Kevin",2B,WSH,\N,"[""made kevin""]",\N,\N,\N,\N,\N,\N
03nuc,"Castillo, Luis",SP,CHW,\N,[],\N,\N,\N,\N,\N,\N
0527e,"Mena, Ismael",CF,(N/A),\N,"[""mena ismael""]",\N,\N,\N,\N,\N,\N
05tzo,"Ritchie, J.R.",SP,ATL,\N,"[""ritchie j r""]",\N,\N,\N,\N,\N,\N
05tzp,"Gonzalez, Jacob",2B,PIT,\N,"[""gonzalez jacob""]",\N,\N,\N,\N,\N,\N
05tzm,"Hickey, Nathan",1B,BOS,\N,"[""hickey nathan""]",\N,\N,\N,\N,\N,\N
05tzn,"Messick, Parker",SP,CLE,\N,"[""messick parker""]",\N,\N,\N,\N,\N,\N
05tzk,"Shawver, Evan",RP,COL,\N,"[""shawver evan""]",\N,\N,\N,\N,\N,\N
05ua0,"Debiec, Max",SP,(N/A),\N,"[""debiec max""]",\N,\N,\N,\N,\N,\N
0529m,"Cerda, Allan",CF,(N/A),\N,"[""cerda allan""]",\N,\N,\N,\N,\N,\N
0529l,"Rodriguez, Endy",1B,PIT,\N,"[""rodriguez endy""]",\N,\N,\N,\N,\N,\N
03p9d,"Tate, Dillon",RP,LAA,\N,"[""tate dillon""]",\N,\N,\N,\N,\N,\N
063zd,"Encarnacion, Anyelo",SS,STL,\N,"[""encarnacion anyelo""]",\N,\N,\N,\N,\N,\N
050vp,"Ramos, Jose",RF,NYM,\N,[],\N,\N,\N,\N,\N,\N
050vo,"Nunez, Dedniel",RP,NYM,\N,"[""nunez dedniel""]",\N,\N,\N,\N,\N,\N
050vn,"Priester, Quinn",SP,MIL,\N,"[""priester quinn""]",\N,\N,\N,\N,\N,\N
0657d,"Qin, Zack",RP,SD,\N,"[""qin zack""]",\N,\N,\N,\N,\N,\N
0657g,"Jessee, Brody",RP,CIN,\N,"[""jessee brody""]",\N,\N,\N,\N,\N,\N
0657f,"Kachel, Andrew",2B,(N/A),\N,"[""kachel andrew""]",\N,\N,\N,\N,\N,\N
0657a,"McLaughlin, Mark",RP,CHW,\N,"[""mclaughlin mark""]",\N,\N,\N,\N,\N,\N
0657c,"Mabrey, Will",RP,ARI,\N,"[""mabrey will""]",\N,\N,\N,\N,\N,\N
0657b,"Serretti, Danny",3B,ARI,\N,"[""serretti danny""]",\N,\N,\N,\N,\N,\N
06589,"Neeck, Brandon",RP,PIT,\N,"[""neeck brandon""]",\N,\N,\N,\N,\N,\N
06586,"Lowe, Isaiah",SP,SD,\N,"[""lowe isaiah""]",\N,\N,\N,\N,\N,\N
06585,"Mejia, Ian",SP,ATL,\N,"[""mejia ian""]",\N,\N,\N,\N,\N,\N
06588,"Jacobson, Tanner",RP,(N/A),\N,"[""jacobson tanner""]",\N,\N,\N,\N,\N,\N
06587,"Noriega, Branden",SP,(N/A),\N,"[""noriega branden""]",\N,\N,\N,\N,\N,\N
06582,"Adams, Luke",3B,MIL,\N,"[""adams luke""]",\N,\N,\N,\N,\N,\N
050s0,"Paris, Kyren",CF,LAA,\N,"[""paris kyren""]",\N,\N,\N,\N,\N,\N
06581,"Vogel, Tyler",RP,SF,\N,"[""vogel tyler""]",\N,\N,\N,\N,\N,\N
050s3,"Walston, Blake",SP,ARI,\N,"[""walston blake""]",\N,\N,\N,\N,\N,\N
06584,"Burke, Jacob",CF,CHW,\N,"[""burke jacob""]",\N,\N,\N,\N,\N,\N
06583,"Peoples, Nick",RF,WSH,\N,"[""peoples nick""]",\N,\N,\N,\N,\N,\N
06580,"Ross, Dylan",RP,NYM,\N,"[""ross dylan""]",\N,\N,\N,\N,\N,\N
028is,"Velasquez, Vince",SP,KC,\N,"[""velasquez vince""]",\N,\N,\N,\N,\N,\N
03nqg,"Allard, Kolby",RP,PHI,\N,"[""allard kolby""]",\N,\N,\N,\N,\N,\N
03nqh,"Funkhouser, Kyle",SP,(N/A),\N,"[""funkhouser kyle""]",\N,\N,\N,\N,\N,\N
03nqc,"Suarez, Jose",RP,ATH,\N,[],\N,\N,\N,\N,\N,\N
06fz8,"Scott, Quincy",1B,TEX,\N,"[""scott quincy""]",\N,\N,\N,\N,\N,\N
076wg,"Alvarez, Alonzo",C,(N/A),\N,"[""alvarez alonzo""]",\N,\N,\N,\N,\N,\N
06fz9,"Minton, Hayden",SP,DET,\N,"[""minton hayden""]",\N,\N,\N,\N,\N,\N
06fz7,"Shade, Colby",CF,MIA,\N,"[""shade colby""]",\N,\N,\N,\N,\N,\N
06fz4,"Henley, Kyle",CF,CIN,\N,"[""henley kyle""]",\N,\N,\N,\N,\N,\N
06fz5,"Amendt, Kyle",RP,ARI,\N,"[""amendt kyle""]",\N,\N,\N,\N,\N,\N
06fz3,"Farris, Mitch",SP,LAA,\N,"[""farris mitch""]",\N,\N,\N,\N,\N,\N
06fz1,"Cordero, Miguel",RP,(N/A),\N,"[""cordero miguel""]",\N,\N,\N,\N,\N,\N
06578,"Graves, Mavis",SP,PHI,\N,"[""graves mavis""]",\N,\N,\N,\N,\N,\N
05249,"Martin, Austin",LF,MIN,\N,"[""martin austin""]",\N,\N,\N,\N,\N,\N
06575,"Brock, T.J.",RP,TOR,\N,"[""brock t j""]",\N,\N,\N,\N,\N,\N
063u5,"Medina, Manuel",RP,(N/A),\N,"[""medina manuel""]",\N,\N,\N,\N,\N,\N
06fxd,"Hurtado, Joel",SP,LAA,\N,"[""hurtado joel""]",\N,\N,\N,\N,\N,\N
06577,"Walsh, Michael",RP,PIT,\N,"[""walsh michael""]",\N,\N,\N,\N,\N,\N
06576,"Rujano, Luis",RP,CHC,\N,"[""rujano luis""]",\N,\N,\N,\N,\N,\N
076vq,"Perez, Jesus",LF,MIA,\N,"[""perez jesus""]",\N,\N,\N,\N,\N,\N
076vo,"Alvarez, Miguel",RP,SD,\N,"[""alvarez miguel""]",\N,\N,\N,\N,\N,\N
076vp,"Mudler, Scott",C,PHI,\N,"[""mudler scott""]",\N,\N,\N,\N,\N,\N
076vm,"Roa, Darwin",RP,PIT,\N,"[""roa darwin""]",\N,\N,\N,\N,\N,\N
076vn,"Gonzalez, Tony",RP,PIT,\N,"[""gonzalez tony""]",\N,\N,\N,\N,\N,\N
076vk,"Paez, Gabriel",SP,TB,\N,"[""paez gabriel""]",\N,\N,\N,\N,\N,\N
076vl,"Silvestre, Jose",SP,TEX,\N,"[""silvestre jose""]",\N,\N,\N,\N,\N,\N
076vi,"Hiciano, Frederick",SP,MIN,\N,"[""hiciano frederick""]",\N,\N,\N,\N,\N,\N
076vj,"Hernandez, Julien",SP,ARI,\N,"[""hernandez julien""]",\N,\N,\N,\N,\N,\N
06fww,"Roller, Chris",CF,(N/A),\N,"[""roller chris""]",\N,\N,\N,\N,\N,\N
076vh,"Testerman, Austin",SP,CLE,\N,"[""testerman austin""]",\N,\N,\N,\N,\N,\N
05tzg,"Jung, Jace",3B,DET,\N,"[""jung jace""]",\N,\N,\N,\N,\N,\N
05tzh,"Boissiere, Branden",1B,WSH,\N,"[""boissiere branden""]",\N,\N,\N,\N,\N,\N
05tze,"Smith, Noah",SS,(N/A),\N,"[""smith noah""]",\N,\N,\N,\N,\N,\N
0526b,"Diaz, Victor",1B,(N/A),\N,[],\N,\N,\N,\N,\N,\N
05tzf,"Minacci, Camden",RP,LAA,\N,"[""minacci camden""]",\N,\N,\N,\N,\N,\N
0526a,"Ramirez, Alex",RF,CHC,\N,"[""ramirez alex""]",\N,\N,\N,\N,\N,\N
05tzc,"Downs, Aaron",3B,(N/A),\N,"[""downs aaron""]",\N,\N,\N,\N,\N,\N
05tzb,"Moore, Grayson",RP,CHC,\N,"[""moore grayson""]",\N,\N,\N,\N,\N,\N
063vy,"Schoenle, Garrett",RP,CHW,\N,"[""schoenle garrett""]",\N,\N,\N,\N,\N,\N
063vu,"Shaw, Matt",3B,CHC,\N,"[""shaw matt""]",\N,\N,\N,\N,\N,\N
04s8l,"Fajardo, Yoyner",RF,(N/A),\N,"[""fajardo yoyner""]",\N,\N,\N,\N,\N,\N
0658b,"Tong, Jonah",SP,NYM,\N,"[""tong jonah""]",\N,\N,\N,\N,\N,\N
06fzu,"Okamoto, Kazuma",3B,TOR,\N,"[""okamoto kazuma""]",\N,\N,\N,\N,\N,\N
0658a,"Johnson, Brandon",RP,KC,\N,"[""johnson brandon""]",\N,\N,\N,\N,\N,\N
06fzr,"Bragg, Braxton",SP,BAL,\N,"[""bragg braxton""]",\N,\N,\N,\N,\N,\N
0658c,"Johnson, Preston",SP,MIN,\N,"[""johnson preston""]",\N,\N,\N,\N,\N,\N
06fzp,"Dowd, Drew",RP,TB,\N,"[""dowd drew""]",\N,\N,\N,\N,\N,\N
06fzq,"Yoho, Craig",SP,CLE,\N,"[""yoho craig""]",\N,\N,\N,\N,\N,\N
06fzn,"Henderson, Ixan",SP,STL,\N,"[""henderson ixan""]",\N,\N,\N,\N,\N,\N
06fzo,"Barry, Braden",CF,(N/A),\N,"[""barry braden""]",\N,\N,\N,\N,\N,\N
06fzl,"Hawks, Ryan",SP,SEA,\N,"[""hawks ryan""]",\N,\N,\N,\N,\N,\N
06fzm,"Baro, Boston",3B,NYM,\N,"[""baro boston""]",\N,\N,\N,\N,\N,\N
0657x,"Firoved, Graham",RP,(N/A),\N,"[""firoved graham""]",\N,\N,\N,\N,\N,\N
06fzj,"Wall, Cory",RP,ATL,\N,"[""wall cory""]",\N,\N,\N,\N,\N,\N
06fzk,"Advincula, Jonah",LF,CLE,\N,"[""advincula jonah""]",\N,\N,\N,\N,\N,\N
0657z,"Bosnic, Julian",RP,(N/A),\N,"[""bosnic julian""]",\N,\N,\N,\N,\N,\N
05txw,"McKenzie, Jared",RF,(N/A),\N,"[""mckenzie jared""]",\N,\N,\N,\N,\N,\N
06fzh,"Kemp, Kannon",SP,SD,\N,"[""kemp kannon""]",\N,\N,\N,\N,\N,\N
06fzi,"Elkins, Jaron",RF,LAD,\N,"[""elkins jaron""]",\N,\N,\N,\N,\N,\N
06fzf,"Ware, Bryson",RF,PHI,\N,"[""ware bryson""]",\N,\N,\N,\N,\N,\N
0657w,"Cooper III, Everett",2B,WSH,\N,"[""cooper iii everett""]",\N,\N,\N,\N,\N,\N
05txv,"Rodriguez, Miguel",SP,(N/A),\N,[],\N,\N,\N,\N,\N,\N
03nru,"Sanchez, Jesus",RF,ARI,\N,"[""sanchez jesus""]",\N,\N,\N,\N,\N,\N
06fzg,"Judice, Nicholas",RP,BOS,\N,"[""judice nicholas""]",\N,\N,\N,\N,\N,\N
0657v,"Ortiz, Jankel",SS,(N/A),\N,"[""ortiz jankel""]",\N,\N,\N,\N,\N,\N
06fzd,"Schultz, Thomas",RP,WSH,\N,"[""schultz thomas""]",\N,\N,\N,\N,\N,\N
0657q,"Roberts, Brett",SS,(N/A),\N,"[""roberts brett""]",\N,\N,\N,\N,\N,\N
06fze,"Johnson, Ryan",SS,(N/A),\N,[],\N,\N,\N,\N,\N,\N
0657p,"Morgan, Zach",C,SF,\N,"[""morgan zach""]",\N,\N,\N,\N,\N,\N
0657s,"Turner, Tyresse",3B,CLE,\N,"[""turner tyresse""]",\N,\N,\N,\N,\N,\N
06fzc,"Avant, Corey",SP,ATH,\N,"[""avant corey""]",\N,\N,\N,\N,\N,\N
0657r,"Peterson, Nate",RP,CIN,\N,"[""peterson nate""]",\N,\N,\N,\N,\N,\N
0524l,"Diaz, Yainer",C,HOU,\N,"[""diaz yainer""]",\N,\N,\N,\N,\N,\N
0657m,"Phillips, Dylan",RP,LAA,\N,"[""phillips dylan""]",\N,\N,\N,\N,\N,\N
03nrk,"Gonzalez, Oscar",LF,(N/A),\N,"[""gonzalez oscar""]",\N,\N,\N,\N,\N,\N
0657l,"Perkins, Jack",RP,ATH,\N,"[""perkins jack""]",\N,\N,\N,\N,\N,\N
063w1,"Valdes, Javier",C,(N/A),\N,"[""valdes javier""]",\N,\N,\N,\N,\N,\N
03nrm,"Arauz, Jonathan",2B,(N/A),\N,"[""arauz jonathan""]",\N,\N,\N,\N,\N,\N
0524m,"de Geus, Brett",RP,(N/A),\N,"[""de geus brett""]",\N,\N,\N,\N,\N,\N
0657n,"Martinez, Chazz",RP,KC,\N,"[""martinez chazz""]",\N,\N,\N,\N,\N,\N
0657h,"Gavello, Thomas",3B,SF,\N,"[""gavello thomas""]",\N,\N,\N,\N,\N,\N
03nri,"Gurriel Jr., Lourdes",LF,ARI,\N,"[""gurriel jr lourdes""]",\N,\N,\N,\N,\N,\N
0657j,"Keating, Matt",RP,NYY,\N,"[""keating matt""]",\N,\N,\N,\N,\N,\N
077eq,"Mataczynski, Jace",SS,BOS,\N,"[""mataczynski jace""]",\N,\N,\N,\N,\N,\N
077er,"Levu, Mulivai",1B,CIN,\N,"[""levu mulivai""]",\N,\N,\N,\N,\N,\N
077eo,"Pettitte, Luke",SP,NYY,\N,"[""pettitte luke""]",\N,\N,\N,\N,\N,\N
05ueo,"Juan, Jorge",RP,(N/A),\N,"[""juan jorge""]",\N,\N,\N,\N,\N,\N
077ep,"Stone, Duke",SP,(N/A),\N,"[""stone duke""]",\N,\N,\N,\N,\N,\N
077em,"Dilone, Julio",RP,SD,\N,"[""dilone julio""]",\N,\N,\N,\N,\N,\N
077en,"Willits, Jaxon",SS,LAA,\N,"[""willits jaxon""]",\N,\N,\N,\N,\N,\N
077ek,"Overbeek, Josiah",1B,(N/A),\N,"[""overbeek josiah""]",\N,\N,\N,\N,\N,\N
077el,"Villavicencio, Yunior",SP,BAL,\N,"[""villavicencio yunior""]",\N,\N,\N,\N,\N,\N
05uei,"DeLauter, Chase",CF,CLE,\N,"[""delauter chase""]",\N,\N,\N,\N,\N,\N
077ei,"Danza, Noah",SS,(N/A),\N,"[""danza noah""]",\N,\N,\N,\N,\N,\N
077ej,"Slightom, Jack",SP,KC,\N,"[""slightom jack""]",\N,\N,\N,\N,\N,\N
077eg,"Martinez, Carlos",RP,SF,\N,[],\N,\N,\N,\N,\N,\N
077eh,"Nawrocki, Lucas",SP,(N/A),\N,"[""nawrocki lucas""]",\N,\N,\N,\N,\N,\N
077ee,"Bennett, Jake",C,TOR,\N,[],\N,\N,\N,\N,\N,\N
05uee,"Crawford, Reggie",RP,SF,\N,"[""crawford reggie""]",\N,\N,\N,\N,\N,\N
077ef,"Sanchez, Carlos",SS,BAL,\N,[],\N,\N,\N,\N,\N,\N
05uec,"Curet, Yoniel",SP,DET,\N,"[""curet yoniel""]",\N,\N,\N,\N,\N,\N
05ued,"Vizcaino, Luis",RP,(N/A),\N,"[""vizcaino luis""]",\N,\N,\N,\N,\N,\N
05udz,"Laya, Derwin",3B,(N/A),\N,"[""laya derwin""]",\N,\N,\N,\N,\N,\N
05udy,"Hamel, Dom",SP,NYY,\N,"[""hamel dom""]",\N,\N,\N,\N,\N,\N
05udp,"De La Cruz, Elly",SS,CIN,\N,"[""de la cruz elly""]",\N,\N,\N,\N,\N,\N
05udf,"Murray, Ethan",SS,(N/A),\N,[],\N,\N,\N,\N,\N,\N
05ude,"Reckley, Ryan",2B,SF,\N,"[""reckley ryan""]",\N,\N,\N,\N,\N,\N
"10150#50",Team,Tm,\N,\N,[],\N,\N,\N,\N,\N,\N
05ue8,"Huizi, Eiker",RP,WSH,\N,"[""huizi eiker""]",\N,\N,\N,\N,\N,\N
051c4,"Rinehart, Logan",RP,(N/A),\N,"[""rinehart logan""]",\N,\N,\N,\N,\N,\N
05ui7,"Garcia, Carlos",RP,(N/A),\N,[],\N,\N,\N,\N,\N,\N
06gif,"Driver, Jay",RP,CLE,\N,"[""driver jay""]",\N,\N,\N,\N,\N,\N
05ui8,"Cruz, Nathanael",SP,(N/A),\N,"[""cruz nathanael""]",\N,\N,\N,\N,\N,\N
051c3,"Nardi, Andrew",RP,MIA,\N,"[""nardi andrew""]",\N,\N,\N,\N,\N,\N
051aq,"Morreale, Nick",RP,(N/A),\N,"[""morreale nick""]",\N,\N,\N,\N,\N,\N
06gig,"Gowens, Riley",SP,CHW,\N,"[""gowens riley""]",\N,\N,\N,\N,\N,\N
06gid,"Shaw, Sam",2B,TOR,\N,"[""shaw sam""]",\N,\N,\N,\N,\N,\N
05ui6,"Arias, Victor",CF,TOR,\N,"[""arias victor""]",\N,\N,\N,\N,\N,\N
051as,"Laweryson, Cody",RP,MIN,\N,"[""laweryson cody""]",\N,\N,\N,\N,\N,\N
051c5,"Basso, Brady",RP,ATH,\N,"[""basso brady""]",\N,\N,\N,\N,\N,\N
06gie,"Worley, Christian",RP,STL,\N,"[""worley christian""]",\N,\N,\N,\N,\N,\N
051c0,"Martorano, Brandon",C,(N/A),\N,"[""martorano brandon""]",\N,\N,\N,\N,\N,\N
06gib,"Vanderhei, Ryan",RP,SF,\N,"[""vanderhei ryan""]",\N,\N,\N,\N,\N,\N
051am,"Lucas, Easton",RP,(N/A),\N,"[""lucas easton""]",\N,\N,\N,\N,\N,\N
06gic,"Manfredi, Mark",RP,COL,\N,"[""manfredi mark""]",\N,\N,\N,\N,\N,\N
051ap,"Berghorst, Adam",P,(N/A),\N,"[""berghorst adam""]",\N,\N,\N,\N,\N,\N
05ui1,"Tejada, Joaquin",RP,(N/A),\N,"[""tejada joaquin""]",\N,\N,\N,\N,\N,\N
051ao,"Rascon, Bodi",RP,(N/A),\N,"[""rascon bodi""]",\N,\N,\N,\N,\N,\N
051c1,"Wilson, Eli",C,(N/A),\N,"[""wilson eli""]",\N,\N,\N,\N,\N,\N
051aj,"West, Derek",P,(N/A),\N,"[""west derek""]",\N,\N,\N,\N,\N,\N
05ui0,"Robaina, Julio",SP,ATL,\N,"[""robaina julio""]",\N,\N,\N,\N,\N,\N
051ai,"Moore, McKinley",RP,(N/A),\N,"[""moore mckinley""]",\N,\N,\N,\N,\N,\N
051ak,"Stuka, Ted",P,(N/A),\N,"[""stuka ted""]",\N,\N,\N,\N,\N,\N
051ae,"Kristofak, Zac",RP,(N/A),\N,"[""kristofak zac""]",\N,\N,\N,\N,\N,\N
06gj9,"Boyd, Jeremiah",C,ARI,\N,"[""boyd jeremiah""]",\N,\N,\N,\N,\N,\N
06gj7,"Telfer, Shane",SP,(N/A),\N,"[""telfer shane""]",\N,\N,\N,\N,\N,\N
051aa,"Hodge, Porter",RP,CHC,\N,"[""hodge porter""]",\N,\N,\N,\N,\N,\N
06gj8,"Roberts, Cole",SS,(N/A),\N,"[""roberts cole""]",\N,\N,\N,\N,\N,\N
"10150#40",Team Pitching,TmP,\N,\N,[],\N,\N,\N,\N,\N,\N
06gj5,"Bourassa, Ryan",RP,(N/A),\N,"[""bourassa ryan""]",\N,\N,\N,\N,\N,\N
06gj6,"Austin, Zack",RP,(N/A),\N,"[""austin zack""]",\N,\N,\N,\N,\N,\N
06gj4,"Compton, Drew",1B,(N/A),\N,"[""compton drew""]",\N,\N,\N,\N,\N,\N
06gj1,"Olsavsky, Joe",1B,ATL,\N,"[""olsavsky joe""]",\N,\N,\N,\N,\N,\N
064da,"Alvarez, Nacho",3B,LAA,\N,"[""alvarez nacho""]",\N,\N,\N,\N,\N,\N
06gj2,"McDonough, LJ",RP,ATL,\N,"[""mcdonough lj""]",\N,\N,\N,\N,\N,\N
06gj0,"Schanaman, Shay",RP,ATL,\N,"[""schanaman shay""]",\N,\N,\N,\N,\N,\N
051b7,"Aldrete, Carter",2B,(N/A),\N,"[""aldrete carter""]",\N,\N,\N,\N,\N,\N
06ghi,"Swanson, Nic",SP,HOU,\N,"[""swanson nic""]",\N,\N,\N,\N,\N,\N
05uh8,"Chirinos, Jesus",1B,(N/A),\N,"[""chirinos jesus""]",\N,\N,\N,\N,\N,\N
051b2,"Schultz, Paxton",RP,WSH,\N,"[""schultz paxton""]",\N,\N,\N,\N,\N,\N
051b4,"Beck, Jordan",LF,COL,\N,"[""beck jordan""]",\N,\N,\N,\N,\N,\N
"10150#30",Team Hitting,TmH,\N,\N,[],\N,\N,\N,\N,\N,\N
051a6,"Owens, Tyler",RP,DET,\N,"[""owens tyler""]",\N,\N,\N,\N,\N,\N
051a8,"Cope, Daniel",DH,(N/A),\N,"[""cope daniel""]",\N,\N,\N,\N,\N,\N
05uc1,"Mobley, Chase",SP,CLE,\N,"[""mobley chase""]",\N,\N,\N,\N,\N,\N
05uc2,"Mullins, Hayden",SP,BOS,\N,"[""mullins hayden""]",\N,\N,\N,\N,\N,\N
077c2,"Tovar, Jhoener",SP,PHI,\N,"[""tovar jhoener""]",\N,\N,\N,\N,\N,\N
05uam,"Schrier, Cody",1B,MIA,\N,"[""schrier cody""]",\N,\N,\N,\N,\N,\N
05ual,"Parker, Caedmon",SP,CHW,\N,"[""parker caedmon""]",\N,\N,\N,\N,\N,\N
05uai,"Machuca, Irvin",RP,(N/A),\N,"[""machuca irvin""]",\N,\N,\N,\N,\N,\N
05uaf,"Ferguson, Max",2B,BOS,\N,"[""ferguson max""]",\N,\N,\N,\N,\N,\N
05uac,"Baker, Dru",CF,CHW,\N,"[""baker dru""]",\N,\N,\N,\N,\N,\N
05uab,"Abner, Philip",RP,NYM,\N,"[""abner philip""]",\N,\N,\N,\N,\N,\N
077b8,"Lin, Chun Hsi",SP,PIT,\N,"[""lin chun hsi""]",\N,\N,\N,\N,\N,\N
077b9,"Coronado, Francisco",2B,TEX,\N,"[""coronado francisco""]",\N,\N,\N,\N,\N,\N
077b7,"Encarnacion, Erick",3B,ATH,\N,"[""encarnacion erick""]",\N,\N,\N,\N,\N,\N
05ub7,"Hellman, Dominic",SS,(N/A),\N,"[""hellman dominic""]",\N,\N,\N,\N,\N,\N
050yo,"Jimenez, Carlos",RP,(N/A),\N,[],\N,\N,\N,\N,\N,\N
05ub5,"Hays, James",SP,(N/A),\N,"[""hays james""]",\N,\N,\N,\N,\N,\N
050yp,"Cuenca, Angel",RP,(N/A),\N,"[""cuenca angel""]",\N,\N,\N,\N,\N,\N
05ub0,"Gelof, Zack",2B,ATH,\N,"[""gelof zack""]",\N,\N,\N,\N,\N,\N
05ub1,"Graham, Peyton",2B,DET,\N,"[""graham peyton""]",\N,\N,\N,\N,\N,\N
050yj,"Gonzalez, Bryan",1B,(N/A),\N,"[""gonzalez bryan""]",\N,\N,\N,\N,\N,\N
050ym,"Castillo, Brayan",RP,COL,\N,"[""castillo brayan""]",\N,\N,\N,\N,\N,\N
050ya,"Perez Jr., Robert",CF,(N/A),\N,"[""perez jr robert""]",\N,\N,\N,\N,\N,\N
05ua7,"Merrill, Jackson",CF,SD,\N,"[""merrill jackson""]",\N,\N,\N,\N,\N,\N
05ua8,"Kinney, Cooper",2B,TB,\N,"[""kinney cooper""]",\N,\N,\N,\N,\N,\N
077a5,"Mejia, Ernesto",RP,KC,\N,"[""mejia ernesto""]",\N,\N,\N,\N,\N,\N
05ua6,"Miller, Noah",SS,LAD,\N,[],\N,\N,\N,\N,\N,\N
05ua3,"Ford, Walter",SP,SEA,\N,"[""ford walter""]",\N,\N,\N,\N,\N,\N
077a3,"Barile, DAlessandro",SS,CHC,\N,"[""barile dalessandro""]",\N,\N,\N,\N,\N,\N
077a4,"Teran, Elvis",RF,NYM,\N,"[""teran elvis""]",\N,\N,\N,\N,\N,\N
05ua1,"Drost, Brody",CF,(N/A),\N,"[""drost brody""]",\N,\N,\N,\N,\N,\N
077a1,"Munoz, Daniel",RP,MIL,\N,"[""munoz daniel""]",\N,\N,\N,\N,\N,\N
077a2,"Garcia, Derek",RP,PIT,\N,"[""garcia derek""]",\N,\N,\N,\N,\N,\N
05ua2,"Faltine, Trey",2B,CIN,\N,"[""faltine trey""]",\N,\N,\N,\N,\N,\N
077cm,"Bastian, Jaden",CF,(N/A),\N,"[""bastian jaden""]",\N,\N,\N,\N,\N,\N
077cn,"Murphy, Anthony",CF,(N/A),\N,"[""murphy anthony""]",\N,\N,\N,\N,\N,\N
077ck,"Tovar, Jose",C,PHI,\N,[],\N,\N,\N,\N,\N,\N
077cl,"Ramirez, Edwin",LF,PHI,\N,"[""ramirez edwin""]",\N,\N,\N,\N,\N,\N
05ucj,"Surun, Ezequiel",SS,(N/A),\N,"[""surun ezequiel""]",\N,\N,\N,\N,\N,\N
05ucg,"Mejia, Jonathan",2B,STL,\N,"[""mejia jonathan""]",\N,\N,\N,\N,\N,\N
05uch,"Gomez, Rio",RP,(N/A),\N,"[""gomez rio""]",\N,\N,\N,\N,\N,\N
05uce,"Beck, Brendan",SP,NYY,\N,"[""beck brendan""]",\N,\N,\N,\N,\N,\N
05ucf,"Triantos, James",2B,CHC,\N,"[""triantos james""]",\N,\N,\N,\N,\N,\N
05ucd,"Miller, Mason",RP,SD,\N,[],\N,\N,\N,\N,\N,\N
05ucb,"Nichols, T.J.",SP,TB,\N,"[""nichols t j""]",\N,\N,\N,\N,\N,\N
05ubz,"Collins, Darnel",1B,KC,\N,"[""collins darnel""]",\N,\N,\N,\N,\N,\N
077bx,"Cordova, Angel",SP,CLE,\N,"[""cordova angel""]",\N,\N,\N,\N,\N,\N
077bv,"Mendoza, Roberto",RP,TB,\N,"[""mendoza roberto""]",\N,\N,\N,\N,\N,\N
05ud8,"Aguilera, Gabriel",SP,(N/A),\N,"[""aguilera gabriel""]",\N,\N,\N,\N,\N,\N
077bw,"De La Cruz, Sahir",SP,TOR,\N,"[""de la cruz sahir""]",\N,\N,\N,\N,\N,\N
077bt,"Prince, Luciano",SP,CHC,\N,"[""prince luciano""]",\N,\N,\N,\N,\N,\N
077bu,"Mateo, Marcos",SS,CHC,\N,"[""mateo marcos""]",\N,\N,\N,\N,\N,\N
077br,"Gori, Jose",C,TOR,\N,"[""gori jose""]",\N,\N,\N,\N,\N,\N
05ud4,"Guevara, Diego",RF,(N/A),\N,"[""guevara diego""]",\N,\N,\N,\N,\N,\N
05ubr,"Curialle, Michael",RF,(N/A),\N,"[""curialle michael""]",\N,\N,\N,\N,\N,\N
077bs,"Rondon, Josue",RP,WSH,\N,"[""rondon josue""]",\N,\N,\N,\N,\N,\N
05ubs,"Mule, Nazier",SP,CHC,\N,"[""mule nazier""]",\N,\N,\N,\N,\N,\N
05ud5,"Pearson, Josh",RF,(N/A),\N,"[""pearson josh""]",\N,\N,\N,\N,\N,\N
05ud3,"Voss, Nate",C,(N/A),\N,"[""voss nate""]",\N,\N,\N,\N,\N,\N
05ubo,"Taylor, Andrew",SP,HOU,\N,"[""taylor andrew""]",\N,\N,\N,\N,\N,\N
05ubl,"Hughes, Gabriel",SP,COL,\N,"[""hughes gabriel""]",\N,\N,\N,\N,\N,\N
05ubj,"Lankie, Jake",SP,(N/A),\N,"[""lankie jake""]",\N,\N,\N,\N,\N,\N
05ubk,"Kendall, Jacob",SS,(N/A),\N,"[""kendall jacob""]",\N,\N,\N,\N,\N,\N
05ubi,"Wilken, Brock",1B,MIL,\N,"[""wilken brock""]",\N,\N,\N,\N,\N,\N
077bb,"Veras, Isay",C,TOR,\N,"[""veras isay""]",\N,\N,\N,\N,\N,\N
077bc,"Barrios, Johander",SP,COL,\N,"[""barrios johander""]",\N,\N,\N,\N,\N,\N
077ba,"Mendoza, Giancarlos",SS,CHC,\N,"[""mendoza giancarlos""]",\N,\N,\N,\N,\N,\N
05uaz,"Garces, Jose",RP,PIT,\N,"[""garces jose""]",\N,\N,\N,\N,\N,\N
05uc9,"Long, Ethan",1B,SD,\N,"[""long ethan""]",\N,\N,\N,\N,\N,\N
05uc7,"Schultz, Noah",SP,CHW,\N,"[""schultz noah""]",\N,\N,\N,\N,\N,\N
077c7,"Bryant, Blake",SP,ARI,\N,"[""bryant blake""]",\N,\N,\N,\N,\N,\N
05uc8,"Toman, Tucker",3B,TOR,\N,"[""toman tucker""]",\N,\N,\N,\N,\N,\N
05uav,"Morissette, Cody",2B,MIN,\N,"[""morissette cody""]",\N,\N,\N,\N,\N,\N
077c5,"Ebel, Trey",SS,MIL,\N,"[""ebel trey""]",\N,\N,\N,\N,\N,\N
05uc5,"Murray, Ethan",2B,MIL,\N,[],\N,\N,\N,\N,\N,\N
077c6,"Beck, Carter",CF,ATL,\N,"[""beck carter""]",\N,\N,\N,\N,\N,\N
05uc6,"Pelio, Mason",SP,(N/A),\N,"[""pelio mason""]",\N,\N,\N,\N,\N,\N
077c3,"Marin, Victor",SP,CLE,\N,"[""marin victor""]",\N,\N,\N,\N,\N,\N
05uc4,"Melton, Troy",RP,DET,\N,"[""melton troy""]",\N,\N,\N,\N,\N,\N
077c4,"Peralta, Kriscol",RP,STL,\N,"[""peralta kriscol""]",\N,\N,\N,\N,\N,\N
076kx,"Silva, Jose",SS,CHC,\N,"[""silva jose""]",\N,\N,\N,\N,\N,\N
076kv,"Liao, Yu-Lin",3B,MIL,\N,"[""liao yu lin""]",\N,\N,\N,\N,\N,\N
076kw,"Lopez, Jeison",CF,ATH,\N,"[""lopez jeison""]",\N,\N,\N,\N,\N,\N
03ner,"Yepez, Juan",LF,(N/A),\N,"[""yepez juan""]",\N,\N,\N,\N,\N,\N
076ku,"Valdez, Moises",CF,SD,\N,"[""valdez moises""]",\N,\N,\N,\N,\N,\N
076kj,"Dias, Luis",C,BAL,\N,"[""dias luis""]",\N,\N,\N,\N,\N,\N
06y0k,"Marquez, Ramon",SP,SF,\N,"[""marquez ramon""]",\N,\N,\N,\N,\N,\N
076kb,"Samudio, Denis",RP,TOR,\N,"[""samudio denis""]",\N,\N,\N,\N,\N,\N
06h04,"Peters, Connery",SP,(N/A),\N,"[""peters connery""]",\N,\N,\N,\N,\N,\N
06h05,"Jacobs, Carson",RP,CHW,\N,"[""jacobs carson""]",\N,\N,\N,\N,\N,\N
06h02,"Sando, Nick",RP,CIN,\N,"[""sando nick""]",\N,\N,\N,\N,\N,\N
06y0a,"Dunaway, Matt",RP,SF,\N,"[""dunaway matt""]",\N,\N,\N,\N,\N,\N
076ka,"Labonte, Will",SP,(N/A),\N,"[""labonte will""]",\N,\N,\N,\N,\N,\N
06h00,"Maltrud, Rorik",SP,CLE,\N,"[""maltrud rorik""]",\N,\N,\N,\N,\N,\N
06h01,"Starks, Gabe",RP,CIN,\N,"[""starks gabe""]",\N,\N,\N,\N,\N,\N
05tjx,"Cruz, Steven",RP,KC,\N,[],\N,\N,\N,\N,\N,\N
05tl6,"Guzman, Diego",3B,KC,\N,"[""guzman diego""]",\N,\N,\N,\N,\N,\N
076l3,"Guzman, Joephillip",2B,BAL,\N,"[""guzman joephillip""]",\N,\N,\N,\N,\N,\N
076l4,"Rodriguez, Victor",SS,LAA,\N,[],\N,\N,\N,\N,\N,\N
076l2,"Calixte, Carl",CF,PIT,\N,"[""calixte carl""]",\N,\N,\N,\N,\N,\N
063gm,"Chirinos, Amilcar",RP,HOU,\N,"[""chirinos amilcar""]",\N,\N,\N,\N,\N,\N
063gl,"Ramirez, Jawilme",RP,STL,\N,"[""ramirez jawilme""]",\N,\N,\N,\N,\N,\N
076jf,"Rodriguez, Leandro",SP,SF,\N,"[""rodriguez leandro""]",\N,\N,\N,\N,\N,\N
06y2w,"Montero, Pedro",SP,MIA,\N,"[""montero pedro""]",\N,\N,\N,\N,\N,\N
06y48,"Ligenza, Mason",CF,LAD,\N,"[""ligenza mason""]",\N,\N,\N,\N,\N,\N
06h20,"Dunford, Andrew",RP,HOU,\N,"[""dunford andrew""]",\N,\N,\N,\N,\N,\N
06h21,"Martin, Logan",SP,SF,\N,"[""martin logan""]",\N,\N,\N,\N,\N,\N
07809,"Troy, Adam",RP,PHI,\N,"[""troy adam""]",\N,\N,\N,\N,\N,\N
07807,"Ruby, Chance",SS,MIL,\N,"[""ruby chance""]",\N,\N,\N,\N,\N,\N
07808,"Matthijs, Matthew",RP,SEA,\N,"[""matthijs matthew""]",\N,\N,\N,\N,\N,\N
04qk8,"Abrams, CJ",SS,WSH,\N,"[""abrams cj""]",\N,\N,\N,\N,\N,\N
07806,"Waters, Landon",RP,TOR,\N,"[""waters landon""]",\N,\N,\N,\N,\N,\N
076n1,"Wilford, Connor",SP,SEA,\N,"[""wilford connor""]",\N,\N,\N,\N,\N,\N
076n2,"Tanner, Gabe",RP,CHW,\N,"[""tanner gabe""]",\N,\N,\N,\N,\N,\N
076n0,"Shinn, Nathan",SP,STL,\N,"[""shinn nathan""]",\N,\N,\N,\N,\N,\N
04qii,"Barger, Addison",3B,TOR,\N,"[""barger addison""]",\N,\N,\N,\N,\N,\N
06y1k,"Reyes, Howard",C,DET,\N,"[""reyes howard""]",\N,\N,\N,\N,\N,\N
063do,"Brito, Moises",RP,(N/A),\N,"[""brito moises""]",\N,\N,\N,\N,\N,\N
076gp,"Polanco, Martires",SP,ATL,\N,"[""polanco martires""]",\N,\N,\N,\N,\N,\N
050c3,"Dominguez, Jasson",LF,NYY,\N,"[""dominguez jasson""]",\N,\N,\N,\N,\N,\N
063dr,"Perez, Onil",C,SF,\N,"[""perez onil""]",\N,\N,\N,\N,\N,\N
063dq,"Jean, Jefferson",SP,(N/A),\N,"[""jean jefferson""]",\N,\N,\N,\N,\N,\N
076gn,"Dykhoff, Jake",RP,BAL,\N,"[""dykhoff jake""]",\N,\N,\N,\N,\N,\N
076go,"Fernandez, Diego",2B,CLE,\N,"[""fernandez diego""]",\N,\N,\N,\N,\N,\N
076gl,"Duarte, Luis",C,MIN,\N,"[""duarte luis""]",\N,\N,\N,\N,\N,\N
063dn,"Chourio, Byron",CF,MIN,\N,"[""chourio byron""]",\N,\N,\N,\N,\N,\N
076gm,"Cooper, Luke",RP,LAA,\N,"[""cooper luke""]",\N,\N,\N,\N,\N,\N
063dm,"Torin, Cristofer",SS,ARI,\N,"[""torin cristofer""]",\N,\N,\N,\N,\N,\N
076gj,"Pena, Darling",3B,COL,\N,"[""pena darling""]",\N,\N,\N,\N,\N,\N
06fhz,"Acosta, Adrian",RP,(N/A),\N,"[""acosta adrian""]",\N,\N,\N,\N,\N,\N
076gk,"Mateo, Cesar",SS,TEX,\N,"[""mateo cesar""]",\N,\N,\N,\N,\N,\N
076gi,"Veras, Edrwin",RP,TOR,\N,"[""veras edrwin""]",\N,\N,\N,\N,\N,\N
076gf,"Gillis, Brock",SP,WSH,\N,"[""gillis brock""]",\N,\N,\N,\N,\N,\N
076gg,"Moore, Steffon",RP,CIN,\N,"[""moore steffon""]",\N,\N,\N,\N,\N,\N
076ge,"Scanlon, Jack",C,PIT,\N,"[""scanlon jack""]",\N,\N,\N,\N,\N,\N
076gb,"Septimo, Eddison",RP,BOS,\N,"[""septimo eddison""]",\N,\N,\N,\N,\N,\N
076ga,"Contreras, Santiago",C,SD,\N,"[""contreras santiago""]",\N,\N,\N,\N,\N,\N
063e5,"Dana, Caden",SP,LAA,\N,"[""dana caden""]",\N,\N,\N,\N,\N,\N
063e6,"Izzi, Ashton",SP,ARI,\N,"[""izzi ashton""]",\N,\N,\N,\N,\N,\N
063e1,"Dettmer, Nathan",SP,ATH,\N,"[""dettmer nathan""]",\N,\N,\N,\N,\N,\N
01gya,"Chapman, Aroldis",RP,BOS,\N,"[""chapman aroldis""]",\N,\N,\N,\N,\N,\N
06fi0,"Mejia, Sandy",SP,HOU,\N,"[""mejia sandy""]",\N,\N,\N,\N,\N,\N
076g8,"Halterman, Malachai",LF,MIL,\N,"[""halterman malachai""]",\N,\N,\N,\N,\N,\N
076g9,"Dishmey, Samil",LF,LAA,\N,"[""dishmey samil""]",\N,\N,\N,\N,\N,\N
076k8,"Grego, Drew",SS,(N/A),\N,"[""grego drew""]",\N,\N,\N,\N,\N,\N
06y09,"Fukuda, Masahiro",RP,TEX,\N,"[""fukuda masahiro""]",\N,\N,\N,\N,\N,\N
076k9,"Infelise, Enzo",C,(N/A),\N,"[""infelise enzo""]",\N,\N,\N,\N,\N,\N
076it,"Wilmes, Ben",2B,COL,\N,"[""wilmes ben""]",\N,\N,\N,\N,\N,\N
076k6,"Kenady, Jett",SS,(N/A),\N,"[""kenady jett""]",\N,\N,\N,\N,\N,\N
06y07,"Taylor, John",2B,TEX,\N,"[""taylor john""]",\N,\N,\N,\N,\N,\N
076k7,"Morris, Trey",SP,(N/A),\N,"[""morris trey""]",\N,\N,\N,\N,\N,\N
076iu,"Cordova, Jose",SP,TEX,\N,[],\N,\N,\N,\N,\N,\N
06y08,"Olson, Mason",SP,TOR,\N,"[""olson mason""]",\N,\N,\N,\N,\N,\N
06y03,"Estrada, Ricardo",RP,SF,\N,"[""estrada ricardo""]",\N,\N,\N,\N,\N,\N
06y01,"Owen, Hunter",SP,KC,\N,"[""owen hunter""]",\N,\N,\N,\N,\N,\N
06y02,"Pazos, Francisco",SP,SEA,\N,"[""pazos francisco""]",\N,\N,\N,\N,\N,\N
06y00,"Rojas, Yenrri",SP,CHC,\N,"[""rojas yenrri""]",\N,\N,\N,\N,\N,\N
04qg4,"Toribio, Luis",3B,(N/A),\N,"[""toribio luis""]",\N,\N,\N,\N,\N,\N
076hj,"Yanez, Ismael",RP,MIL,\N,"[""yanez ismael""]",\N,\N,\N,\N,\N,\N
06fus,"Shelton, Easton",1B,LAD,\N,"[""shelton easton""]",\N,\N,\N,\N,\N,\N
06fut,"Etzel, Matthew",LF,MIA,\N,"[""etzel matthew""]",\N,\N,\N,\N,\N,\N
06h91,"Loer, Justin",RP,COL,\N,"[""loer justin""]",\N,\N,\N,\N,\N,\N
06fuo,"LaCombe, Mathias",SP,CHW,\N,"[""lacombe mathias""]",\N,\N,\N,\N,\N,\N
06h92,"Hawks, Sawyer",RP,ARI,\N,"[""hawks sawyer""]",\N,\N,\N,\N,\N,\N
03nmw,"Happ, Ian",LF,CHC,\N,"[""happ ian""]",\N,\N,\N,\N,\N,\N
06ful,"Perez, Angel",1B,PIT,\N,[],\N,\N,\N,\N,\N,\N
076st,"Reinisch, Jake",RF,ATH,\N,"[""reinisch jake""]",\N,\N,\N,\N,\N,\N
0785t,"Alvarez, Israel",SS,CLE,\N,"[""alvarez israel""]",\N,\N,\N,\N,\N,\N
076sr,"Garcia, Victor",C,CHC,\N,"[""garcia victor""]",\N,\N,\N,\N,\N,\N
076ss,"Cana, Hendrick",SP,STL,\N,"[""cana hendrick""]",\N,\N,\N,\N,\N,\N
076sp,"Meza, Jonaikel",RP,CLE,\N,"[""meza jonaikel""]",\N,\N,\N,\N,\N,\N
076sq,"Toribio, Alberto",SP,KC,\N,"[""toribio alberto""]",\N,\N,\N,\N,\N,\N
076so,"Del Campo, Francisco",C,MIA,\N,"[""del campo francisco""]",\N,\N,\N,\N,\N,\N
076sl,"Nigh, Brandon",3B,HOU,\N,"[""nigh brandon""]",\N,\N,\N,\N,\N,\N
076sm,"Menendez, Liordanys",SS,LAA,\N,"[""menendez liordanys""]",\N,\N,\N,\N,\N,\N
076sj,"Laskofski, Jamie",SS,(N/A),\N,"[""laskofski jamie""]",\N,\N,\N,\N,\N,\N
076sk,"Barreda, Ferny",SP,SEA,\N,"[""barreda ferny""]",\N,\N,\N,\N,\N,\N
076sh,"Suchy, Cayden",SP,(N/A),\N,"[""suchy cayden""]",\N,\N,\N,\N,\N,\N
076si,"Embury, Jon",3B,(N/A),\N,"[""embury jon""]",\N,\N,\N,\N,\N,\N
076sf,"McDougall, Maddox",RP,(N/A),\N,"[""mcdougall maddox""]",\N,\N,\N,\N,\N,\N
06ftv,"Chen, Sheng-Ping",SS,(N/A),\N,"[""chen sheng ping""]",\N,\N,\N,\N,\N,\N
076sg,"Souders, Jake",RF,(N/A),\N,"[""souders jake""]",\N,\N,\N,\N,\N,\N
06ftw,"Rodriguez, Miguel",C,BAL,\N,[],\N,\N,\N,\N,\N,\N
076sd,"Guzman, Jose",RP,DET,\N,"[""guzman jose""]",\N,\N,\N,\N,\N,\N
06fv6,"Wehunt, Blake",SP,BOS,\N,"[""wehunt blake""]",\N,\N,\N,\N,\N,\N
06ftt,"Smith, Brady",SP,DET,\N,[],\N,\N,\N,\N,\N,\N
076se,"De La Paz, Ricardo",RF,SD,\N,"[""de la paz ricardo""]",\N,\N,\N,\N,\N,\N
06fv7,"Dougherty, Jack",SP,MIN,\N,"[""dougherty jack""]",\N,\N,\N,\N,\N,\N
06ftu,"Rayo, Oscar",RP,KC,\N,"[""rayo oscar""]",\N,\N,\N,\N,\N,\N
076sb,"Rodriguez, Moises",RP,DET,\N,"[""rodriguez moises""]",\N,\N,\N,\N,\N,\N
06fv4,"Szykowny, Charlie",1B,SF,\N,"[""szykowny charlie""]",\N,\N,\N,\N,\N,\N
04b21,"Macuare, Angel",RP,(N/A),\N,"[""macuare angel""]",\N,\N,\N,\N,\N,\N
076sc,"Mijares, Elwis",RP,NYM,\N,"[""mijares elwis""]",\N,\N,\N,\N,\N,\N
06fv5,"Peppers, Jake",RP,(N/A),\N,"[""peppers jake""]",\N,\N,\N,\N,\N,\N
06fv2,"Turney, Cole",LF,(N/A),\N,"[""turney cole""]",\N,\N,\N,\N,\N,\N
076sa,"Uzcategui, Jonas",RP,MIA,\N,"[""uzcategui jonas""]",\N,\N,\N,\N,\N,\N
06ftn,"Colmenares, Jose",2B,CHW,\N,"[""colmenares jose""]",\N,\N,\N,\N,\N,\N
06fv1,"Soto, Ubaldo",SP,LAA,\N,"[""soto ubaldo""]",\N,\N,\N,\N,\N,\N
06fto,"Ochoa, Nehomar",RF,HOU,\N,"[""ochoa nehomar""]",\N,\N,\N,\N,\N,\N
076ry,"Bravo, Royner",CF,NYM,\N,"[""bravo royner""]",\N,\N,\N,\N,\N,\N
04qow,"Alcantara, Kevin",CF,CHC,\N,"[""alcantara kevin""]",\N,\N,\N,\N,\N,\N
076rz,"Palacio, Matias",SS,TB,\N,"[""palacio matias""]",\N,\N,\N,\N,\N,\N
04qov,"Rodriguez, Gabriel",SS,(N/A),\N,[],\N,\N,\N,\N,\N,\N
076rw,"Castillo, Wesly",RF,TEX,\N,"[""castillo wesly""]",\N,\N,\N,\N,\N,\N
076rx,"Valdez, Jose",CF,SF,\N,"[""valdez jose""]",\N,\N,\N,\N,\N,\N
04qox,"Gomez, Antonio",C,NYY,\N,"[""gomez antonio""]",\N,\N,\N,\N,\N,\N
076ru,"Zayas, Saivel",RF,TEX,\N,"[""zayas saivel""]",\N,\N,\N,\N,\N,\N
076rv,"Manrique, Henry",LF,NYM,\N,"[""manrique henry""]",\N,\N,\N,\N,\N,\N
076rs,"Degollado, Maicor",SS,BAL,\N,"[""degollado maicor""]",\N,\N,\N,\N,\N,\N
04qou,"Urbina, Misael",LF,(N/A),\N,"[""urbina misael""]",\N,\N,\N,\N,\N,\N
076rt,"Willias, Franco",LF,SF,\N,"[""willias franco""]",\N,\N,\N,\N,\N,\N
04qot,"Rodriguez, Yerry",SP,NYY,\N,"[""rodriguez yerry""]",\N,\N,\N,\N,\N,\N
076rq,"Camacaro, Keiberg",SS,SF,\N,"[""camacaro keiberg""]",\N,\N,\N,\N,\N,\N
076rr,"Celesten, Yeisy",2B,TEX,\N,"[""celesten yeisy""]",\N,\N,\N,\N,\N,\N
076ro,"Martinez, Eddson",LF,SD,\N,"[""martinez eddson""]",\N,\N,\N,\N,\N,\N
076rp,"Pena, Yostin",RF,NYY,\N,"[""pena yostin""]",\N,\N,\N,\N,\N,\N
06y7q,"Araujo, Anderson",C,PHI,\N,"[""araujo anderson""]",\N,\N,\N,\N,\N,\N
04s1g,"Moreno, Gabriel",C,ARI,\N,"[""moreno gabriel""]",\N,\N,\N,\N,\N,\N
06y7h,"Boser, Bobby",SS,ATH,\N,"[""boser bobby""]",\N,\N,\N,\N,\N,\N
04s1h,"Gil, Luis",SP,NYY,\N,"[""gil luis""]",\N,\N,\N,\N,\N,\N
06fu7,"Linares, Janderson",RP,(N/A),\N,"[""linares janderson""]",\N,\N,\N,\N,\N,\N
06y7g,"Partridge, Nic",3B,(N/A),\N,"[""partridge nic""]",\N,\N,\N,\N,\N,\N
06fu5,"Talavera, Enmanuel",SP,(N/A),\N,"[""talavera enmanuel""]",\N,\N,\N,\N,\N,\N
06fu6,"Prado, Eric",SP,MIL,\N,"[""prado eric""]",\N,\N,\N,\N,\N,\N
0788f,"Sheerin, Deven",RP,PHI,\N,"[""sheerin deven""]",\N,\N,\N,\N,\N,\N
06fwm,"Long, Jonathon",1B,MIA,\N,"[""long jonathon""]",\N,\N,\N,\N,\N,\N
"10060#30",Team Hitting,TmH,\N,\N,[],\N,\N,\N,\N,\N,\N
076uz,"Gutierrez, Eider",RF,CIN,\N,"[""gutierrez eider""]",\N,\N,\N,\N,\N,\N
04b3k,"Carrasco, Deury",RP,(N/A),\N,"[""carrasco deury""]",\N,\N,\N,\N,\N,\N
076ux,"James, Fenuel",RP,CHC,\N,"[""james fenuel""]",\N,\N,\N,\N,\N,\N
05tux,"Moreta, Dauri",RP,(N/A),\N,"[""moreta dauri""]",\N,\N,\N,\N,\N,\N
076uy,"Redahan, Aidan",1B,COL,\N,"[""redahan aidan""]",\N,\N,\N,\N,\N,\N
076uv,"Darden, Taylor",2B,NYM,\N,"[""darden taylor""]",\N,\N,\N,\N,\N,\N
06fwg,"Curtis, Khristian",SP,PIT,\N,"[""curtis khristian""]",\N,\N,\N,\N,\N,\N
076uw,"Lai, Chien-Fan",SP,NYY,\N,"[""lai chien fan""]",\N,\N,\N,\N,\N,\N
05tuw,"Sweeney, Trey",SS,DET,\N,"[""sweeney trey""]",\N,\N,\N,\N,\N,\N
05tuu,"Butler, Jonny",LF,(N/A),\N,"[""butler jonny""]",\N,\N,\N,\N,\N,\N
076uu,"Coddou, Parker",SS,COL,\N,"[""coddou parker""]",\N,\N,\N,\N,\N,\N
04b3a,"Contreras, Roansy",RP,(N/A),\N,"[""contreras roansy""]",\N,\N,\N,\N,\N,\N
06fwf,"Foster, Rio",LF,LAA,\N,"[""foster rio""]",\N,\N,\N,\N,\N,\N
04b3d,"Pineda, Israel",C,(N/A),\N,"[""pineda israel""]",\N,\N,\N,\N,\N,\N
07895,"Ho, Hua",SP,PHI,\N,"[""ho hua""]",\N,\N,\N,\N,\N,\N
05tuq,"Bruni, Gavin",RP,WSH,\N,"[""bruni gavin""]",\N,\N,\N,\N,\N,\N
04qri,"Shewmake, Braden",SS,HOU,\N,"[""shewmake braden""]",\N,\N,\N,\N,\N,\N
050ok,"Cano, Yennier",RP,BAL,\N,"[""cano yennier""]",\N,\N,\N,\N,\N,\N
0520t,"DOrazio, J.J.",C,LAA,\N,"[""dorazio j j""]",\N,\N,\N,\N,\N,\N
06y9y,"Delgado, Antonio",RP,HOU,\N,"[""delgado antonio""]",\N,\N,\N,\N,\N,\N
06y9v,"Mitchell, Ryan",SS,STL,\N,"[""mitchell ryan""]",\N,\N,\N,\N,\N,\N
06y9t,"Yeaman, Colin",3B,BAL,\N,"[""yeaman colin""]",\N,\N,\N,\N,\N,\N
06y9u,"Fauske, Jaden",CF,CHW,\N,"[""fauske jaden""]",\N,\N,\N,\N,\N,\N
06y9r,"Gray, Taitn",1B,TB,\N,"[""gray taitn""]",\N,\N,\N,\N,\N,\N
050nq,"Catalina, Neraldo",SP,(N/A),\N,"[""catalina neraldo""]",\N,\N,\N,\N,\N,\N
06y9s,"Slawinski, Johnny",SP,LAA,\N,"[""slawinski johnny""]",\N,\N,\N,\N,\N,\N
06y9p,"De Leon, Luis",C,HOU,\N,[],\N,\N,\N,\N,\N,\N
06y9q,"Jaksa, Brayden",C,(N/A),\N,"[""jaksa brayden""]",\N,\N,\N,\N,\N,\N
06fuv,"Penrod, Zach",RP,WSH,\N,"[""penrod zach""]",\N,\N,\N,\N,\N,\N
06fqo,"Hall, Noah",SP,NYM,\N,"[""hall noah""]",\N,\N,\N,\N,\N,\N
06fqp,"Harrison, Charles",RP,(N/A),\N,"[""harrison charles""]",\N,\N,\N,\N,\N,\N
06fqm,"Long, Justin",RP,ATL,\N,"[""long justin""]",\N,\N,\N,\N,\N,\N
06fqn,"Cummings, Ty",SP,SEA,\N,"[""cummings ty""]",\N,\N,\N,\N,\N,\N
06fqk,"Eddington, Jake",RP,PHI,\N,"[""eddington jake""]",\N,\N,\N,\N,\N,\N
06fql,"Musgrove, Tucker",SP,SD,\N,"[""musgrove tucker""]",\N,\N,\N,\N,\N,\N
06fqi,"Bash, Andrew",RP,ATH,\N,"[""bash andrew""]",\N,\N,\N,\N,\N,\N
05toy,"Zavala, Aaron",LF,TEX,\N,"[""zavala aaron""]",\N,\N,\N,\N,\N,\N
06fqj,"Dixon, Joey",RP,HOU,\N,"[""dixon joey""]",\N,\N,\N,\N,\N,\N
050k5,"Diaz, Jhon",RF,TB,\N,"[""diaz jhon""]",\N,\N,\N,\N,\N,\N
06fqg,"Strickland, Austin",RP,SF,\N,"[""strickland austin""]",\N,\N,\N,\N,\N,\N
05tow,"Kopps, Kevin",RP,(N/A),\N,"[""kopps kevin""]",\N,\N,\N,\N,\N,\N
050k4,"Vera, Arol",SS,LAA,\N,"[""vera arol""]",\N,\N,\N,\N,\N,\N
06fqh,"Simpson, Jared",RP,WSH,\N,"[""simpson jared""]",\N,\N,\N,\N,\N,\N
06fqe,"Wimmer, Braylen",LF,COL,\N,"[""wimmer braylen""]",\N,\N,\N,\N,\N,\N
06fqf,"Dickerson, Dustin",SS,KC,\N,"[""dickerson dustin""]",\N,\N,\N,\N,\N,\N
06fqd,"Feltner, Jackson",1B,(N/A),\N,"[""feltner jackson""]",\N,\N,\N,\N,\N,\N
050k3,"Pena, Erick",CF,(N/A),\N,"[""pena erick""]",\N,\N,\N,\N,\N,\N
"10060#50",Team,Tm,\N,\N,[],\N,\N,\N,\N,\N,\N
05tq0,"Nelson, Mat",C,(N/A),\N,"[""nelson mat""]",\N,\N,\N,\N,\N,\N
05tq1,"Schwellenbach, Spencer",SP,ATL,\N,"[""schwellenbach spencer""]",\N,\N,\N,\N,\N,\N
050ig,"Ortega, Oliver",RP,(N/A),\N,"[""ortega oliver""]",\N,\N,\N,\N,\N,\N
050if,"Castellanos, Humberto",RP,(N/A),\N,"[""castellanos humberto""]",\N,\N,\N,\N,\N,\N
06y4i,"Morrison, Jacob",SP,MIL,\N,"[""morrison jacob""]",\N,\N,\N,\N,\N,\N
050ih,"Brito, Jhony",RP,SD,\N,"[""brito jhony""]",\N,\N,\N,\N,\N,\N
06y4f,"Yost, Jordan",SS,DET,\N,"[""yost jordan""]",\N,\N,\N,\N,\N,\N
06fpn,"Bateman, Brett",CF,TOR,\N,"[""bateman brett""]",\N,\N,\N,\N,\N,\N
06fr0,"Pitelli, Dominic",2B,CIN,\N,"[""pitelli dominic""]",\N,\N,\N,\N,\N,\N
06fr1,"Nankil, Nate",RF,ATH,\N,"[""nankil nate""]",\N,\N,\N,\N,\N,\N
06fpl,"ODonnell, Trennor",RP,BOS,\N,"[""odonnell trennor""]",\N,\N,\N,\N,\N,\N
06fpj,"Bostick, Josh",SP,SF,\N,"[""bostick josh""]",\N,\N,\N,\N,\N,\N
06fpk,"Park, Eddie",CF,CHW,\N,"[""park eddie""]",\N,\N,\N,\N,\N,\N
076p9,"Lasaracina, Giaconino",C,TOR,\N,"[""lasaracina giaconino""]",\N,\N,\N,\N,\N,\N
05tp9,"Smith, Peyton",SP,(N/A),\N,"[""smith peyton""]",\N,\N,\N,\N,\N,\N
06fpi,"Kalmer, Brian",1B,(N/A),\N,"[""kalmer brian""]",\N,\N,\N,\N,\N,\N
05tp7,"White, Tommy",3B,ATH,\N,"[""white tommy""]",\N,\N,\N,\N,\N,\N
"10060#40",Team Pitching,TmP,\N,\N,[],\N,\N,\N,\N,\N,\N
05tp8,"Dutkanych, Andrew",SP,STL,\N,"[""dutkanych andrew""]",\N,\N,\N,\N,\N,\N
05tp6,"White, Thomas",SP,MIA,\N,"[""white thomas""]",\N,\N,\N,\N,\N,\N
0780m,"Gorostola, Javier",3B,ATH,\N,"[""gorostola javier""]",\N,\N,\N,\N,\N,\N
0780n,"Wachsmann, Ethan",SP,MIN,\N,"[""wachsmann ethan""]",\N,\N,\N,\N,\N,\N
0780k,"English, McCarty",RP,TB,\N,"[""english mccarty""]",\N,\N,\N,\N,\N,\N
0780l,"Damozonio, John",SP,ATL,\N,"[""damozonio john""]",\N,\N,\N,\N,\N,\N
0780i,"McCarron, Duke",RP,MIA,\N,"[""mccarron duke""]",\N,\N,\N,\N,\N,\N
06h1y,"Hammer, Bryson",RP,COL,\N,"[""hammer bryson""]",\N,\N,\N,\N,\N,\N
0780j,"Johnson, Jacob",3B,STL,\N,[],\N,\N,\N,\N,\N,\N
06h1z,"Bonzagni, Paul",SP,TEX,\N,"[""bonzagni paul""]",\N,\N,\N,\N,\N,\N
0780g,"Roman, Richie",RP,KC,\N,"[""roman richie""]",\N,\N,\N,\N,\N,\N
06h1w,"Knowlton, Sam",RP,SF,\N,"[""knowlton sam""]",\N,\N,\N,\N,\N,\N
0780h,"Mally, Tanner",CF,SF,\N,"[""mally tanner""]",\N,\N,\N,\N,\N,\N
06h1x,"Brown, Sam",1B,WSH,\N,"[""brown sam""]",\N,\N,\N,\N,\N,\N
06h1u,"Maruskin, Jack",SP,(N/A),\N,"[""maruskin jack""]",\N,\N,\N,\N,\N,\N
0780f,"Dossett, Cooper",RP,NYM,\N,"[""dossett cooper""]",\N,\N,\N,\N,\N,\N
06h1v,"Pasqualotto, Paulshawn",RP,MIN,\N,"[""pasqualotto paulshawn""]",\N,\N,\N,\N,\N,\N
076nc,"Tenas, Renso",SS,KC,\N,"[""tenas renso""]",\N,\N,\N,\N,\N,\N
076nd,"Blanco, Daiverson",SP,TB,\N,"[""blanco daiverson""]",\N,\N,\N,\N,\N,\N
06h1t,"Weatherly, Ty",SP,(N/A),\N,"[""weatherly ty""]",\N,\N,\N,\N,\N,\N
0780a,"Marton, Ryan",RP,CHC,\N,"[""marton ryan""]",\N,\N,\N,\N,\N,\N
06h1q,"Ginn, Landon",RP,(N/A),\N,"[""ginn landon""]",\N,\N,\N,\N,\N,\N
06h1r,"Egbert, Kenten",SP,CHC,\N,"[""egbert kenten""]",\N,\N,\N,\N,\N,\N
06h1o,"Bockenstedt, Jake",SP,CHW,\N,"[""bockenstedt jake""]",\N,\N,\N,\N,\N,\N
06fu3,"Erbe, Haden",RP,(N/A),\N,"[""erbe haden""]",\N,\N,\N,\N,\N,\N
04b10,"Mieses, Luis",RF,(N/A),\N,"[""mieses luis""]",\N,\N,\N,\N,\N,\N
06fu4,"Wilkinson, Danny",RP,(N/A),\N,"[""wilkinson danny""]",\N,\N,\N,\N,\N,\N
04b12,"Infante, Diego",LF,(N/A),\N,"[""infante diego""]",\N,\N,\N,\N,\N,\N
06fu1,"Masterman, Cameron",LF,(N/A),\N,"[""masterman cameron""]",\N,\N,\N,\N,\N,\N
06fu2,"Fruit, Zach",SP,BAL,\N,"[""fruit zach""]",\N,\N,\N,\N,\N,\N
04b11,"Comas, Anderson",RF,(N/A),\N,"[""comas anderson""]",\N,\N,\N,\N,\N,\N
06fsk,"Neunborn, Mitch",SP,PHI,\N,"[""neunborn mitch""]",\N,\N,\N,\N,\N,\N
076s8,"Cubilla, Efrain",RP,COL,\N,"[""cubilla efrain""]",\N,\N,\N,\N,\N,\N
06y89,"Romero, Ricardo",2B,CLE,\N,"[""romero ricardo""]",\N,\N,\N,\N,\N,\N
076s9,"Urena, Franly",RP,TOR,\N,"[""urena franly""]",\N,\N,\N,\N,\N,\N
076qt,"Rabe, Taylor",SP,KC,\N,"[""rabe taylor""]",\N,\N,\N,\N,\N,\N
076s6,"Lopez, Xavier",SP,TB,\N,"[""lopez xavier""]",\N,\N,\N,\N,\N,\N
076s7,"Cabreja, Victor",RP,PIT,\N,"[""cabreja victor""]",\N,\N,\N,\N,\N,\N
06y88,"De La Rosa, Carlos",SP,SF,\N,"[""de la rosa carlos""]",\N,\N,\N,\N,\N,\N
076s4,"Ladera, Angelo",SP,BOS,\N,"[""ladera angelo""]",\N,\N,\N,\N,\N,\N
076qr,"Nabholz, Nate",RP,SF,\N,"[""nabholz nate""]",\N,\N,\N,\N,\N,\N
076s5,"Reyes, Juan",SP,WSH,\N,"[""reyes juan""]",\N,\N,\N,\N,\N,\N
076qs,"Stuart, Daunte",2B,PHI,\N,"[""stuart daunte""]",\N,\N,\N,\N,\N,\N
05tqp,"Stewart, Joshua",SP,(N/A),\N,"[""stewart joshua""]",\N,\N,\N,\N,\N,\N
076s2,"Escobar, Jesus",SP,ARI,\N,"[""escobar jesus""]",\N,\N,\N,\N,\N,\N
076qp,"Villegas, Edgardo",CF,TOR,\N,"[""villegas edgardo""]",\N,\N,\N,\N,\N,\N
04qp0,"Yajure, Miguel",RP,(N/A),\N,"[""yajure miguel""]",\N,\N,\N,\N,\N,\N
076qq,"Mota, Rainy",RP,PHI,\N,"[""mota rainy""]",\N,\N,\N,\N,\N,\N
076s3,"Lara, Joel",SP,NYM,\N,"[""lara joel""]",\N,\N,\N,\N,\N,\N
076s0,"Arache, Leudy",CF,COL,\N,"[""arache leudy""]",\N,\N,\N,\N,\N,\N
076qn,"DeTaeye, Ben",RP,TEX,\N,"[""detaeye ben""]",\N,\N,\N,\N,\N,\N
076qo,"Martinez, Pablo",SS,HOU,\N,"[""martinez pablo""]",\N,\N,\N,\N,\N,\N
076s1,"Weber, Charlie",RP,HOU,\N,"[""weber charlie""]",\N,\N,\N,\N,\N,\N
076ql,"Adkins, Chase",RP,LAD,\N,"[""adkins chase""]",\N,\N,\N,\N,\N,\N
076qm,"Hansel, Luke",RP,COL,\N,"[""hansel luke""]",\N,\N,\N,\N,\N,\N
076qk,"Sirotti, Oliver",RP,ATH,\N,"[""sirotti oliver""]",\N,\N,\N,\N,\N,\N
04qnf,"Martinez, Orlando",LF,TEX,\N,"[""martinez orlando""]",\N,\N,\N,\N,\N,\N
04qnh,"Carrillo, Gerardo",RP,ARI,\N,"[""carrillo gerardo""]",\N,\N,\N,\N,\N,\N
04b08,"Pratto, Nick",1B,SD,\N,"[""pratto nick""]",\N,\N,\N,\N,\N,\N
04qnb,"Gallardo, Richard",SP,TOR,\N,"[""gallardo richard""]",\N,\N,\N,\N,\N,\N
04b02,"Suzuki, Seiya",DH,CHC,\N,"[""suzuki seiya""]",\N,\N,\N,\N,\N,\N
04qnd,"Marte, Noelvi",RF,CIN,\N,"[""marte noelvi""]",\N,\N,\N,\N,\N,\N
04qnc,"Alvarez, Francisco",C,NYM,\N,"[""alvarez francisco""]",\N,\N,\N,\N,\N,\N
04b01,"Sugano, Tomoyuki",SP,COL,\N,"[""sugano tomoyuki""]",\N,\N,\N,\N,\N,\N
04b00,"Turang, Brice",2B,MIL,\N,"[""turang brice""]",\N,\N,\N,\N,\N,\N
05tpz,"Bush, Ky",SP,CHW,\N,"[""bush ky""]",\N,\N,\N,\N,\N,\N
076po,"Aguilar, Manuel",RF,NYY,\N,"[""aguilar manuel""]",\N,\N,\N,\N,\N,\N
076r0,"Figueredo, Raunny",RF,MIA,\N,"[""figueredo raunny""]",\N,\N,\N,\N,\N,\N
06fqy,"Tiger, Izack",SP,TEX,\N,"[""tiger izack""]",\N,\N,\N,\N,\N,\N
06fqz,"Werner, Trevor",RF,KC,\N,"[""werner trevor""]",\N,\N,\N,\N,\N,\N
06fqw,"Melendez, Yahil",SS,CHC,\N,"[""melendez yahil""]",\N,\N,\N,\N,\N,\N
06fqx,"Halvorsen, Seth",RP,LAD,\N,"[""halvorsen seth""]",\N,\N,\N,\N,\N,\N
0782e,"Javier, Denichel",RP,TB,\N,"[""javier denichel""]",\N,\N,\N,\N,\N,\N
06fqu,"Rose, Caden",LF,BOS,\N,"[""rose caden""]",\N,\N,\N,\N,\N,\N
0782f,"Merisu, Franklin",SS,TB,\N,"[""merisu franklin""]",\N,\N,\N,\N,\N,\N
06fqv,"Santos, Nolan",RP,MIN,\N,"[""santos nolan""]",\N,\N,\N,\N,\N,\N
06fqs,"Sharkey, Teddy",RP,BAL,\N,"[""sharkey teddy""]",\N,\N,\N,\N,\N,\N
06fqt,"Bandura, Scott",LF,SF,\N,"[""bandura scott""]",\N,\N,\N,\N,\N,\N
06fqq,"Wild, Owen",SP,TB,\N,"[""wild owen""]",\N,\N,\N,\N,\N,\N
06fqr,"Kuehner, Tate",SP,MIL,\N,"[""kuehner tate""]",\N,\N,\N,\N,\N,\N
06ybe,"Quinn, JT",RP,BAL,\N,"[""quinn jt""]",\N,\N,\N,\N,\N,\N
06ybc,"Niu, Maika",SS,NYY,\N,"[""niu maika""]",\N,\N,\N,\N,\N,\N
06ybd,"Sime, Miguel",SP,WSH,\N,"[""sime miguel""]",\N,\N,\N,\N,\N,\N
0406z,"Guzman, Jonathan",SS,(N/A),\N,"[""guzman jonathan""]",\N,\N,\N,\N,\N,\N
06ybb,"Areinamo, Anderson",SS,HOU,\N,"[""areinamo anderson""]",\N,\N,\N,\N,\N,\N
051wx,"Herrera, Martin",SP,(N/A),\N,"[""herrera martin""]",\N,\N,\N,\N,\N,\N
04rzy,"Feliz, Ignacio",SP,(N/A),\N,"[""feliz ignacio""]",\N,\N,\N,\N,\N,\N
0406v,"Ruiz, Esteury",LF,MIA,\N,"[""ruiz esteury""]",\N,\N,\N,\N,\N,\N
02n6w,"Borucki, Ryan",RP,CLE,\N,"[""borucki ryan""]",\N,\N,\N,\N,\N,\N
051wt,"Rodriguez, Luis",CF,(N/A),\N,[],\N,\N,\N,\N,\N,\N
051wv,"Crow-Armstrong, Pete",CF,CHC,\N,"[""crow armstrong pete""]",\N,\N,\N,\N,\N,\N
051wu,"Bericoto, Victor",1B,SF,\N,"[""bericoto victor""]",\N,\N,\N,\N,\N,\N
04rzq,"Thompson, Matthew",SP,(N/A),\N,"[""thompson matthew""]",\N,\N,\N,\N,\N,\N
0406n,"Chaparro, Andres",1B,WSH,\N,"[""chaparro andres""]",\N,\N,\N,\N,\N,\N
04rzp,"Garcia, Rico",RP,BAL,\N,"[""garcia rico""]",\N,\N,\N,\N,\N,\N
0406o,"Garcia, Deivi",SP,(N/A),\N,"[""garcia deivi""]",\N,\N,\N,\N,\N,\N
06yar,"Mack, Landon",SP,(N/A),\N,"[""mack landon""]",\N,\N,\N,\N,\N,\N
04rzr,"Nunez, Malcom",3B,(N/A),\N,"[""nunez malcom""]",\N,\N,\N,\N,\N,\N
064zm,"Fuentes, Didier",SP,ATL,\N,"[""fuentes didier""]",\N,\N,\N,\N,\N,\N
02n6j,"Farmer, Buck",RP,(N/A),\N,"[""farmer buck""]",\N,\N,\N,\N,\N,\N
06yaq,"Marciano, Jake",SP,(N/A),\N,"[""marciano jake""]",\N,\N,\N,\N,\N,\N
064zl,"Herrera, Marcos",SP,COL,\N,"[""herrera marcos""]",\N,\N,\N,\N,\N,\N
051wn,"Prado, Elio",CF,(N/A),\N,"[""prado elio""]",\N,\N,\N,\N,\N,\N
06yan,"Ouanyou, Jordan",1B,CIN,\N,"[""ouanyou jordan""]",\N,\N,\N,\N,\N,\N
051wm,"Nava, Andrick",C,MIL,\N,"[""nava andrick""]",\N,\N,\N,\N,\N,\N
064zn,"Febrillet, Moises",3B,(N/A),\N,"[""febrillet moises""]",\N,\N,\N,\N,\N,\N
064zk,"Bonilla, Peter",RP,LAD,\N,"[""bonilla peter""]",\N,\N,\N,\N,\N,\N
064zj,"Romero, Luciano",RP,(N/A),\N,"[""romero luciano""]",\N,\N,\N,\N,\N,\N
04axv,"Cespedes, Yoelkis",CF,(N/A),\N,"[""cespedes yoelkis""]",\N,\N,\N,\N,\N,\N
02n5v,"Flexen, Chris",RP,(N/A),\N,"[""flexen chris""]",\N,\N,\N,\N,\N,\N
04070,"Albertos, Jose",RP,CHC,\N,"[""albertos jose""]",\N,\N,\N,\N,\N,\N
04071,"Paredes, Isaac",3B,HOU,\N,"[""paredes isaac""]",\N,\N,\N,\N,\N,\N
06ydp,"Spencer, Jared",SP,TOR,\N,"[""spencer jared""]",\N,\N,\N,\N,\N,\N
02n9l,"Enns, Dietrich",RP,BAL,\N,"[""enns dietrich""]",\N,\N,\N,\N,\N,\N
06ydl,"Crossland, Brett",SP,(N/A),\N,"[""crossland brett""]",\N,\N,\N,\N,\N,\N
02n8i,"Bote, David",3B,LAD,\N,"[""bote david""]",\N,\N,\N,\N,\N,\N
02n8k,"Stephens, Jackson",RP,(N/A),\N,"[""stephens jackson""]",\N,\N,\N,\N,\N,\N
04azv,"Burger, Jake",1B,TEX,\N,"[""burger jake""]",\N,\N,\N,\N,\N,\N
04azu,"Rocker, Kumar",SP,TEX,\N,"[""rocker kumar""]",\N,\N,\N,\N,\N,\N
04azt,"Adams, Riley",C,WSH,\N,"[""adams riley""]",\N,\N,\N,\N,\N,\N
06yce,"Calvo, Osiris",SP,(N/A),\N,"[""calvo osiris""]",\N,\N,\N,\N,\N,\N
02n7z,"Almonte, Yency",RP,LAD,\N,"[""almonte yency""]",\N,\N,\N,\N,\N,\N
04aze,"Barley, Jordy",SS,(N/A),\N,"[""barley jordy""]",\N,\N,\N,\N,\N,\N
02n96,"Hader, Josh",RP,HOU,\N,"[""hader josh""]",\N,\N,\N,\N,\N,\N
04aza,"Llovera, Mauricio",RP,(N/A),\N,"[""llovera mauricio""]",\N,\N,\N,\N,\N,\N
051z5,"Hernandez, Daysbel",RP,(N/A),\N,"[""hernandez daysbel""]",\N,\N,\N,\N,\N,\N
06yd4,"Dos Santos, Sebastian",SS,STL,\N,"[""dos santos sebastian""]",\N,\N,\N,\N,\N,\N
064we,"Colon, Ilmerson",RP,(N/A),\N,"[""colon ilmerson""]",\N,\N,\N,\N,\N,\N
0669h,"Suggs, Matt",C,WSH,\N,"[""suggs matt""]",\N,\N,\N,\N,\N,\N
064wh,"Campos, Chris",SP,LAD,\N,"[""campos chris""]",\N,\N,\N,\N,\N,\N
064wg,"VanScoter, Reid",SP,SEA,\N,"[""vanscoter reid""]",\N,\N,\N,\N,\N,\N
04t9b,"Busch, Michael",1B,CHC,\N,"[""busch michael""]",\N,\N,\N,\N,\N,\N
04t9a,"Hess, Zack",SP,(N/A),\N,"[""hess zack""]",\N,\N,\N,\N,\N,\N
064wd,"Mota, Jorgelys",3B,WSH,\N,"[""mota jorgelys""]",\N,\N,\N,\N,\N,\N
064wc,"Figueroa, Leiker",3B,(N/A),\N,"[""figueroa leiker""]",\N,\N,\N,\N,\N,\N
04aui,"Johnson, Cooper",C,TEX,\N,"[""johnson cooper""]",\N,\N,\N,\N,\N,\N
02n2v,"Banda, Anthony",RP,MIN,\N,"[""banda anthony""]",\N,\N,\N,\N,\N,\N
064vy,"Tovar, Eduardo",RP,(N/A),\N,"[""tovar eduardo""]",\N,\N,\N,\N,\N,\N
064vx,"Salazar, Braian",RP,SD,\N,"[""salazar braian""]",\N,\N,\N,\N,\N,\N
077yy,"Haworth, Lane",RF,PHI,\N,"[""haworth lane""]",\N,\N,\N,\N,\N,\N
04auk,"Dominguez, Seranthony",RP,SEA,\N,"[""dominguez seranthony""]",\N,\N,\N,\N,\N,\N
02n2x,"Sewald, Paul",RP,TOR,\N,"[""sewald paul""]",\N,\N,\N,\N,\N,\N
077yz,"Martinez, Dioris",RP,PIT,\N,"[""martinez dioris""]",\N,\N,\N,\N,\N,\N
04auj,"Valdez, Framber",SP,DET,\N,"[""valdez framber""]",\N,\N,\N,\N,\N,\N
064vt,"German, Luis",RP,SD,\N,"[""german luis""]",\N,\N,\N,\N,\N,\N
04rvw,"Martinez, Pedro",SS,(N/A),\N,"[""martinez pedro""]",\N,\N,\N,\N,\N,\N
064vw,"Pirela, Yorvi",RP,(N/A),\N,"[""pirela yorvi""]",\N,\N,\N,\N,\N,\N
064vv,"Cabral, Jhon",RP,CHC,\N,"[""cabral jhon""]",\N,\N,\N,\N,\N,\N
064vp,"Estrella, Mauricio",RP,SF,\N,"[""estrella mauricio""]",\N,\N,\N,\N,\N,\N
064vs,"Espinoza, Eiver",RP,(N/A),\N,"[""espinoza eiver""]",\N,\N,\N,\N,\N,\N
0668r,"Burrowes, Ryan",2B,CHW,\N,"[""burrowes ryan""]",\N,\N,\N,\N,\N,\N
077ym,"Lin, Jui-Chieh",SP,MIN,\N,"[""lin jui chieh""]",\N,\N,\N,\N,\N,\N
064vo,"Fuente, Johandry",RP,(N/A),\N,"[""fuente johandry""]",\N,\N,\N,\N,\N,\N
0668i,"Childers, Will",RP,MIL,\N,"[""childers will""]",\N,\N,\N,\N,\N,\N
0668h,"Merkel, Nick",RP,MIL,\N,"[""merkel nick""]",\N,\N,\N,\N,\N,\N
077yi,"MacDonald, Cort",CF,COL,\N,"[""macdonald cort""]",\N,\N,\N,\N,\N,\N
06gzz,"Torres, Javi",RP,CLE,\N,"[""torres javi""]",\N,\N,\N,\N,\N,\N
0668j,"Brady, Ryan",RP,(N/A),\N,"[""brady ryan""]",\N,\N,\N,\N,\N,\N
077yg,"Horn, David",SP,TB,\N,"[""horn david""]",\N,\N,\N,\N,\N,\N
077yh,"Fawley, Austin",C,ATL,\N,"[""fawley austin""]",\N,\N,\N,\N,\N,\N
077ye,"Neels, Weber",C,ARI,\N,"[""neels weber""]",\N,\N,\N,\N,\N,\N
0668g,"Walling, Reece",RF,(N/A),\N,"[""walling reece""]",\N,\N,\N,\N,\N,\N
077yf,"Mitchell, Jackson",RP,MIA,\N,"[""mitchell jackson""]",\N,\N,\N,\N,\N,\N
0668f,"Wehrle, Tyler",SP,(N/A),\N,"[""wehrle tyler""]",\N,\N,\N,\N,\N,\N
077yc,"Rusch, Cade",RP,DET,\N,"[""rusch cade""]",\N,\N,\N,\N,\N,\N
0668a,"Dissin, Jordan",C,PHI,\N,"[""dissin jordan""]",\N,\N,\N,\N,\N,\N
077yd,"Smith, John",LF,NYM,\N,"[""smith john""]",\N,\N,\N,\N,\N,\N
077ya,"Stone, Dakota",SP,PIT,\N,"[""stone dakota""]",\N,\N,\N,\N,\N,\N
077yb,"Petite, Michael",CF,SEA,\N,"[""petite michael""]",\N,\N,\N,\N,\N,\N
077xz,"Thornton, Isaac",SP,SEA,\N,"[""thornton isaac""]",\N,\N,\N,\N,\N,\N
064w9,"Asencio, Yosander",LF,(N/A),\N,"[""asencio yosander""]",\N,\N,\N,\N,\N,\N
04t99,"Becker, Austin",RP,(N/A),\N,"[""becker austin""]",\N,\N,\N,\N,\N,\N
077xy,"Galloway, Jacob",C,SEA,\N,"[""galloway jacob""]",\N,\N,\N,\N,\N,\N
077z8,"Stade, Ethan",SP,ATL,\N,"[""stade ethan""]",\N,\N,\N,\N,\N,\N
05uxv,"De Los Santos, Anderson",3B,BAL,\N,"[""de los santos anderson""]",\N,\N,\N,\N,\N,\N
02n1q,"Maile, Luke",C,KC,\N,"[""maile luke""]",\N,\N,\N,\N,\N,\N
064w6,"Taveras, Jhonly",RP,(N/A),\N,"[""taveras jhonly""]",\N,\N,\N,\N,\N,\N
06696,"Robertson, Blake",1B,(N/A),\N,"[""robertson blake""]",\N,\N,\N,\N,\N,\N
05uxw,"Dominguez, Johan",SP,(N/A),\N,"[""dominguez johan""]",\N,\N,\N,\N,\N,\N
077z9,"Madliak, Bear",C,ATH,\N,"[""madliak bear""]",\N,\N,\N,\N,\N,\N
077z6,"Camacho, Gabe",1B,STL,\N,"[""camacho gabe""]",\N,\N,\N,\N,\N,\N
04t98,"Urias, Manuel",SP,(N/A),\N,"[""urias manuel""]",\N,\N,\N,\N,\N,\N
077z7,"Smithburg, Nate",RP,TB,\N,"[""smithburg nate""]",\N,\N,\N,\N,\N,\N
064w7,"Encarnacion, Nixon",RP,(N/A),\N,"[""encarnacion nixon""]",\N,\N,\N,\N,\N,\N
077z4,"Duer, Jake",LF,ARI,\N,"[""duer jake""]",\N,\N,\N,\N,\N,\N
077z5,"McCloud, Jatniel",CF,MIA,\N,"[""mccloud jatniel""]",\N,\N,\N,\N,\N,\N
077z2,"Meeks, Drake",RP,DET,\N,"[""meeks drake""]",\N,\N,\N,\N,\N,\N
077z3,"Corkrean, Cooper",RP,KC,\N,"[""corkrean cooper""]",\N,\N,\N,\N,\N,\N
04ata,"Alcala, Jorge",RP,TOR,\N,"[""alcala jorge""]",\N,\N,\N,\N,\N,\N
077z0,"Ledezma, Juan",RP,ARI,\N,"[""ledezma juan""]",\N,\N,\N,\N,\N,\N
02n1i,"Nido, Tomas",C,BOS,\N,"[""nido tomas""]",\N,\N,\N,\N,\N,\N
077z1,"Trejo, Victor",RP,PIT,\N,"[""trejo victor""]",\N,\N,\N,\N,\N,\N
077xj,"Lascelles, Elliot",SS,SD,\N,"[""lascelles elliot""]",\N,\N,\N,\N,\N,\N
04awg,"Rodriguez, Julio",C,(N/A),\N,[],\N,\N,\N,\N,\N,\N
02n67,"Fulmer, Carson",RP,SEA,\N,"[""fulmer carson""]",\N,\N,\N,\N,\N,\N
04069,"Baker, Luken",1B,(N/A),\N,"[""baker luken""]",\N,\N,\N,\N,\N,\N
02n4q,"Wendelken, J.B.",RP,(N/A),\N,"[""wendelken j b""]",\N,\N,\N,\N,\N,\N
04awd,"Lawrence, Casey",SP,PHI,\N,"[""lawrence casey""]",\N,\N,\N,\N,\N,\N
0404s,"Santos, Gregory",RP,(N/A),\N,"[""santos gregory""]",\N,\N,\N,\N,\N,\N
02n4s,"Boyd, Matthew",SP,CHC,\N,"[""boyd matthew""]",\N,\N,\N,\N,\N,\N
02n4l,"Kela, Keone",RP,(N/A),\N,"[""kela keone""]",\N,\N,\N,\N,\N,\N
06ya5,"Caraballo, Miguel",C,MIN,\N,"[""caraballo miguel""]",\N,\N,\N,\N,\N,\N
051ui,"Lopez, Jacob",SP,ATH,\N,"[""lopez jacob""]",\N,\N,\N,\N,\N,\N
06ya1,"Miranda, Adolfo",RF,NYM,\N,"[""miranda adolfo""]",\N,\N,\N,\N,\N,\N
04c8q,"Olivares, Edward",RF,(N/A),\N,"[""olivares edward""]",\N,\N,\N,\N,\N,\N
0669z,"Wynja, Hayden",SP,SF,\N,"[""wynja hayden""]",\N,\N,\N,\N,\N,\N
077zz,"Chappel, Greyson",SP,LAA,\N,"[""chappel greyson""]",\N,\N,\N,\N,\N,\N
077zx,"Brooks, Jack",CF,WSH,\N,"[""brooks jack""]",\N,\N,\N,\N,\N,\N
04avf,"Rodriguez, Elvin",SP,(N/A),\N,"[""rodriguez elvin""]",\N,\N,\N,\N,\N,\N
0669v,"Clark, Seth",RP,(N/A),\N,"[""clark seth""]",\N,\N,\N,\N,\N,\N
077zy,"Brooks, Ryder",RP,SF,\N,"[""brooks ryder""]",\N,\N,\N,\N,\N,\N
04ave,"Rivas, Leo",2B,SEA,\N,"[""rivas leo""]",\N,\N,\N,\N,\N,\N
0669u,"Maton, Jacob",SP,(N/A),\N,"[""maton jacob""]",\N,\N,\N,\N,\N,\N
077zv,"George, Sam",SP,MIL,\N,"[""george sam""]",\N,\N,\N,\N,\N,\N
0669x,"Charping, Connor",C,SEA,\N,"[""charping connor""]",\N,\N,\N,\N,\N,\N
077zw,"Salmon, Jack",LF,LAA,\N,"[""salmon jack""]",\N,\N,\N,\N,\N,\N
0669w,"Marozas, Austin",RP,TOR,\N,"[""marozas austin""]",\N,\N,\N,\N,\N,\N
077zt,"Strange, Brian",SP,MIN,\N,"[""strange brian""]",\N,\N,\N,\N,\N,\N
0403o,"Munoz, Andres",RP,SEA,\N,"[""munoz andres""]",\N,\N,\N,\N,\N,\N
0669r,"Huntzinger, Jerry",C,(N/A),\N,"[""huntzinger jerry""]",\N,\N,\N,\N,\N,\N
077zu,"Jackson, Jake",CF,LAA,\N,"[""jackson jake""]",\N,\N,\N,\N,\N,\N
0669q,"McCarty, Ryan",2B,PIT,\N,"[""mccarty ryan""]",\N,\N,\N,\N,\N,\N
077zr,"Palmer, Ryne",SP,MIN,\N,"[""palmer ryne""]",\N,\N,\N,\N,\N,\N
04avd,"Hernandez, Wilkel",SP,(N/A),\N,"[""hernandez wilkel""]",\N,\N,\N,\N,\N,\N
02n53,"Bowman, Matt",RP,MIN,\N,"[""bowman matt""]",\N,\N,\N,\N,\N,\N
0669t,"Rodriguez, Andy",RP,TB,\N,[],\N,\N,\N,\N,\N,\N
04053,"Thaiss, Matt",C,HOU,\N,"[""thaiss matt""]",\N,\N,\N,\N,\N,\N
077zs,"Bryan, Tyler",RP,MIN,\N,"[""bryan tyler""]",\N,\N,\N,\N,\N,\N
0669s,"Amalfi, Alex",RP,TOR,\N,"[""amalfi alex""]",\N,\N,\N,\N,\N,\N
0403r,"Lara, Janser",RP,TEX,\N,"[""lara janser""]",\N,\N,\N,\N,\N,\N
0669n,"Ciuffetelli, Christian",SP,(N/A),\N,"[""ciuffetelli christian""]",\N,\N,\N,\N,\N,\N
077zq,"Sleeper, Jackson",RP,MIN,\N,"[""sleeper jackson""]",\N,\N,\N,\N,\N,\N
0403l,"Marchan, Rafael",C,PHI,\N,"[""marchan rafael""]",\N,\N,\N,\N,\N,\N
0669m,"Farmer, Caleb",C,WSH,\N,"[""farmer caleb""]",\N,\N,\N,\N,\N,\N
02n3l,"Rogers, Taylor",RP,MIN,\N,"[""rogers taylor""]",\N,\N,\N,\N,\N,\N
0669o,"Baca, Tyler",CF,(N/A),\N,"[""baca tyler""]",\N,\N,\N,\N,\N,\N
0669j,"Pettigrew, Zion",3B,(N/A),\N,"[""pettigrew zion""]",\N,\N,\N,\N,\N,\N
064wj,"Schoolcraft, Kruz",SP,SD,\N,"[""schoolcraft kruz""]",\N,\N,\N,\N,\N,\N
064wi,"Milone, Brennan",1B,ATH,\N,"[""milone brennan""]",\N,\N,\N,\N,\N,\N
0669l,"Hall, Bubba",RP,(N/A),\N,"[""hall bubba""]",\N,\N,\N,\N,\N,\N
0669k,"McHenry, John",SS,(N/A),\N,"[""mchenry john""]",\N,\N,\N,\N,\N,\N
064wk,"Stroman, Jayden",SS,(N/A),\N,"[""stroman jayden""]",\N,\N,\N,\N,\N,\N
078gt,"Eddy, Gavin",SP,HOU,\N,"[""eddy gavin""]",\N,\N,\N,\N,\N,\N
06yju,"Gurevitch, Jack",1B,STL,\N,"[""gurevitch jack""]",\N,\N,\N,\N,\N,\N
052c2,"Cordova, Jose",1B,COL,\N,[],\N,\N,\N,\N,\N,\N
078gu,"Bowen, Dylan",SS,CIN,\N,"[""bowen dylan""]",\N,\N,\N,\N,\N,\N
06yjv,"Arroyo, Chris",1B,MIA,\N,"[""arroyo chris""]",\N,\N,\N,\N,\N,\N
06yjs,"Frey, Ethan",CF,HOU,\N,"[""frey ethan""]",\N,\N,\N,\N,\N,\N
078gs,"LeGuernic, Justin",SP,KC,\N,"[""leguernic justin""]",\N,\N,\N,\N,\N,\N
06yjt,"Hugus, Griffin",SP,SEA,\N,"[""hugus griffin""]",\N,\N,\N,\N,\N,\N
06yjr,"Philpott, Alex",RP,TB,\N,"[""philpott alex""]",\N,\N,\N,\N,\N,\N
06hj6,"Sato, Teruaki",3B,(N/A),\N,"[""sato teruaki""]",\N,\N,\N,\N,\N,\N
06yje,"Hedges, Ethan",3B,COL,\N,"[""hedges ethan""]",\N,\N,\N,\N,\N,\N
06hj4,"McCleve, Zac",RP,(N/A),\N,"[""mccleve zac""]",\N,\N,\N,\N,\N,\N
06yjc,"Witherspoon, Malachi",SP,DET,\N,"[""witherspoon malachi""]",\N,\N,\N,\N,\N,\N
06hj5,"Pimentel, Brandon",1B,(N/A),\N,"[""pimentel brandon""]",\N,\N,\N,\N,\N,\N
06yjd,"Walton, Aaron",CF,CLE,\N,"[""walton aaron""]",\N,\N,\N,\N,\N,\N
06hj2,"Yamauchi, Casey",2B,ATH,\N,"[""yamauchi casey""]",\N,\N,\N,\N,\N,\N
06hj3,"Chavez, Seth",RP,(N/A),\N,"[""chavez seth""]",\N,\N,\N,\N,\N,\N
06hj0,"Hawkins, Dakota",RP,NYM,\N,"[""hawkins dakota""]",\N,\N,\N,\N,\N,\N
06hj1,"Schwartz, Nick",C,(N/A),\N,"[""schwartz nick""]",\N,\N,\N,\N,\N,\N
06hhl,"Austin, Kelly",RP,NYY,\N,"[""austin kelly""]",\N,\N,\N,\N,\N,\N
06hhj,"Leach, Hudson",RP,HOU,\N,"[""leach hudson""]",\N,\N,\N,\N,\N,\N
06hhk,"Casserilla, Xavier",3B,(N/A),\N,"[""casserilla xavier""]",\N,\N,\N,\N,\N,\N
078fw,"Taylor, Ian",CF,TOR,\N,"[""taylor ian""]",\N,\N,\N,\N,\N,\N
06hhh,"Sherwin, Anthony",3B,(N/A),\N,"[""sherwin anthony""]",\N,\N,\N,\N,\N,\N
06hhi,"Petschke, Ben",RP,(N/A),\N,"[""petschke ben""]",\N,\N,\N,\N,\N,\N
078fu,"Hopko, Jack",LF,PHI,\N,"[""hopko jack""]",\N,\N,\N,\N,\N,\N
06hhf,"Barber, Noah",LF,KC,\N,"[""barber noah""]",\N,\N,\N,\N,\N,\N
078fv,"Leffew, Haiden",RP,TB,\N,"[""leffew haiden""]",\N,\N,\N,\N,\N,\N
06hhg,"Torres, Alejandro",RP,HOU,\N,"[""torres alejandro""]",\N,\N,\N,\N,\N,\N
078fs,"Minchey, Kobe",RP,PHI,\N,"[""minchey kobe""]",\N,\N,\N,\N,\N,\N
078ft,"Holbert, Elias",RP,PHI,\N,"[""holbert elias""]",\N,\N,\N,\N,\N,\N
06hhe,"Fenlong, Connor",SP,DET,\N,"[""fenlong connor""]",\N,\N,\N,\N,\N,\N
078fq,"Bouldin, Evan",3B,PHI,\N,"[""bouldin evan""]",\N,\N,\N,\N,\N,\N
078h3,"Worley, Micah",SP,ARI,\N,"[""worley micah""]",\N,\N,\N,\N,\N,\N
06hhb,"Bartolero, Caleb",3B,LAA,\N,"[""bartolero caleb""]",\N,\N,\N,\N,\N,\N
078h4,"Nachtsheim, Eric",SP,SF,\N,"[""nachtsheim eric""]",\N,\N,\N,\N,\N,\N
078fr,"Sweeney, Brendan",RP,PHI,\N,"[""sweeney brendan""]",\N,\N,\N,\N,\N,\N
06hhc,"Kirkland, Doug",SP,(N/A),\N,"[""kirkland doug""]",\N,\N,\N,\N,\N,\N
078fo,"Climie, Cade",1B,PHI,\N,"[""climie cade""]",\N,\N,\N,\N,\N,\N
078h1,"Allen, Cooper",SP,WSH,\N,"[""allen cooper""]",\N,\N,\N,\N,\N,\N
078fp,"Higgins, Cal",RP,PHI,\N,"[""higgins cal""]",\N,\N,\N,\N,\N,\N
078h2,"Lay, Ethan",SP,MIN,\N,"[""lay ethan""]",\N,\N,\N,\N,\N,\N
06hha,"Blake, Andy",3B,(N/A),\N,"[""blake andy""]",\N,\N,\N,\N,\N,\N
078fm,"Hall, Regan",SP,BAL,\N,"[""hall regan""]",\N,\N,\N,\N,\N,\N
06yk0,"Essenburg, Conor",RF,ATL,\N,"[""essenburg conor""]",\N,\N,\N,\N,\N,\N
078fn,"Minnick, Tyler",C,PHI,\N,"[""minnick tyler""]",\N,\N,\N,\N,\N,\N
078h0,"Lambert, Garrett",SP,COL,\N,"[""lambert garrett""]",\N,\N,\N,\N,\N,\N
06yk1,"Nelson, Riley",1B,CLE,\N,"[""nelson riley""]",\N,\N,\N,\N,\N,\N
078fk,"Lally, David",SP,BAL,\N,"[""lally david""]",\N,\N,\N,\N,\N,\N
078fl,"Satter, Logan",SP,SD,\N,"[""satter logan""]",\N,\N,\N,\N,\N,\N
078fi,"Ickes, Elijah",SS,LAD,\N,"[""ickes elijah""]",\N,\N,\N,\N,\N,\N
078fj,"Giordano, Jack",RP,LAD,\N,"[""giordano jack""]",\N,\N,\N,\N,\N,\N
078fg,"Wright, Andrew",RP,SD,\N,"[""wright andrew""]",\N,\N,\N,\N,\N,\N
06hgw,"Rocha, Liam",SP,(N/A),\N,"[""rocha liam""]",\N,\N,\N,\N,\N,\N
078fh,"Sampson, Colton",SP,BAL,\N,"[""sampson colton""]",\N,\N,\N,\N,\N,\N
06hgx,"King, Jacob",SP,(N/A),\N,"[""king jacob""]",\N,\N,\N,\N,\N,\N
078fe,"Wyers, Drew",SS,HOU,\N,"[""wyers drew""]",\N,\N,\N,\N,\N,\N
06hi7,"Lara, Jorge",2B,ARI,\N,"[""lara jorge""]",\N,\N,\N,\N,\N,\N
078ff,"Cochrane, Aidan",SP,SD,\N,"[""cochrane aidan""]",\N,\N,\N,\N,\N,\N
06hgv,"Ruiz, Poncho",C,MIN,\N,"[""ruiz poncho""]",\N,\N,\N,\N,\N,\N
078fc,"May, Ian",RP,LAD,\N,"[""may ian""]",\N,\N,\N,\N,\N,\N
078fd,"Wicker, Camden",SP,BAL,\N,"[""wicker camden""]",\N,\N,\N,\N,\N,\N
06hi6,"Dietz, Hunter",SP,NYY,\N,"[""dietz hunter""]",\N,\N,\N,\N,\N,\N
078fa,"Detlefsen, Drew",LF,SD,\N,"[""detlefsen drew""]",\N,\N,\N,\N,\N,\N
078fb,"Gerety, Ryan",CF,SD,\N,"[""gerety ryan""]",\N,\N,\N,\N,\N,\N
078eu,"Harris, Cooper",SP,WSH,\N,"[""harris cooper""]",\N,\N,\N,\N,\N,\N
078k8,"Long, Griffin",SP,TB,\N,"[""long griffin""]",\N,\N,\N,\N,\N,\N
078k9,"Rice, AJ",SP,TB,\N,"[""rice aj""]",\N,\N,\N,\N,\N,\N
078k6,"McKee, Tate",SP,TB,\N,"[""mckee tate""]",\N,\N,\N,\N,\N,\N
078k7,"Jones, Tai",CF,TB,\N,"[""jones tai""]",\N,\N,\N,\N,\N,\N
078ir,"Yehl, Maxx",SP,KC,\N,"[""yehl maxx""]",\N,\N,\N,\N,\N,\N
078k4,"Phillips, Amp",SP,TB,\N,"[""phillips amp""]",\N,\N,\N,\N,\N,\N
078k5,"Bixby, Mason",RP,TB,\N,"[""bixby mason""]",\N,\N,\N,\N,\N,\N
078is,"Giles, Andruw",RF,PIT,\N,"[""giles andruw""]",\N,\N,\N,\N,\N,\N
078ip,"Giese, Gavin",SP,TB,\N,"[""giese gavin""]",\N,\N,\N,\N,\N,\N
078k2,"Calhoun, Hudson",RP,TEX,\N,"[""calhoun hudson""]",\N,\N,\N,\N,\N,\N
06yn3,"Woods, Kade",RP,ATL,\N,"[""woods kade""]",\N,\N,\N,\N,\N,\N
06ylq,"Sinzza, Kyle",2B,ARI,\N,"[""sinzza kyle""]",\N,\N,\N,\N,\N,\N
078k3,"Bland, Collin",OF,TB,\N,"[""bland collin""]",\N,\N,\N,\N,\N,\N
078iq,"Dowd, Brayden",CF,ARI,\N,"[""dowd brayden""]",\N,\N,\N,\N,\N,\N
078in,"Andersen, Wilson",SP,(N/A),\N,"[""andersen wilson""]",\N,\N,\N,\N,\N,\N
078k0,"Hawkins, Jordan",CF,TEX,\N,"[""hawkins jordan""]",\N,\N,\N,\N,\N,\N
06yn1,"Macias, Dallas",LF,ATL,\N,"[""macias dallas""]",\N,\N,\N,\N,\N,\N
078io,"DeVaughan, Hudson",SP,KC,\N,"[""devaughan hudson""]",\N,\N,\N,\N,\N,\N
078k1,"Branch, Kolby",3B,TEX,\N,"[""branch kolby""]",\N,\N,\N,\N,\N,\N
06yn2,"Miller, Cody",SS,ATL,\N,"[""miller cody""]",\N,\N,\N,\N,\N,\N
06ylp,"Mizuno, Tatsuki",SS,(N/A),\N,"[""mizuno tatsuki""]",\N,\N,\N,\N,\N,\N
078im,"Hill, Bryce",SP,(N/A),\N,"[""hill bryce""]",\N,\N,\N,\N,\N,\N
078ij,"Grant, Gannon",SP,(N/A),\N,"[""grant gannon""]",\N,\N,\N,\N,\N,\N
078ii,"Washington, Malachi",RF,PIT,\N,"[""washington malachi""]",\N,\N,\N,\N,\N,\N
078hw,"Broussard, Tre",CF,CLE,\N,"[""broussard tre""]",\N,\N,\N,\N,\N,\N
078j9,"Moss, Weston",SP,WSH,\N,"[""moss weston""]",\N,\N,\N,\N,\N,\N
078j7,"Konstantinovsky, Zack",SP,WSH,\N,"[""konstantinovsky zack""]",\N,\N,\N,\N,\N,\N
078hv,"Govel, Grant",SP,PIT,\N,"[""govel grant""]",\N,\N,\N,\N,\N,\N
078j8,"Howard, Cody",RP,WSH,\N,"[""howard cody""]",\N,\N,\N,\N,\N,\N
06ykw,"Neal, Keaton",SS,(N/A),\N,"[""neal keaton""]",\N,\N,\N,\N,\N,\N
078j6,"Rivero, Francisco",C,WSH,\N,"[""rivero francisco""]",\N,\N,\N,\N,\N,\N
06hiy,"Bullard, Tony",1B,(N/A),\N,"[""bullard tony""]",\N,\N,\N,\N,\N,\N
06hiz,"DiSpigna, Angelo",LF,(N/A),\N,"[""dispigna angelo""]",\N,\N,\N,\N,\N,\N
06ykk,"Kent, Kaeden",SS,SF,\N,"[""kent kaeden""]",\N,\N,\N,\N,\N,\N
06hix,"Stofel, Luke",SP,DET,\N,"[""stofel luke""]",\N,\N,\N,\N,\N,\N
06hiu,"Lee, Zack",SP,DET,\N,"[""lee zack""]",\N,\N,\N,\N,\N,\N
06hiv,"Lequerica, Carlos",RP,DET,\N,"[""lequerica carlos""]",\N,\N,\N,\N,\N,\N
06hit,"Tucker, Tevin",2B,COL,\N,"[""tucker tevin""]",\N,\N,\N,\N,\N,\N
06hiq,"Bollenbacher, Matthew",RP,(N/A),\N,"[""bollenbacher matthew""]",\N,\N,\N,\N,\N,\N
06hio,"Rodriguez, Yovanny",C,NYM,\N,"[""rodriguez yovanny""]",\N,\N,\N,\N,\N,\N
06hip,"Herrera, Eduardo",1B,CHW,\N,[],\N,\N,\N,\N,\N,\N
078gz,"Yost, Hayden",RF,SEA,\N,"[""yost hayden""]",\N,\N,\N,\N,\N,\N
078gx,"Blomker, Dylan",SP,CHC,\N,"[""blomker dylan""]",\N,\N,\N,\N,\N,\N
052c7,"Bellozo, Valente",SP,COL,\N,"[""bellozo valente""]",\N,\N,\N,\N,\N,\N
078gy,"Harrison, Bear",C,NYY,\N,"[""harrison bear""]",\N,\N,\N,\N,\N,\N
0055e,"Cueto, Johnny",SP,(N/A),\N,"[""cueto johnny""]",\N,\N,\N,\N,\N,\N
078gv,"Guyette, James",SP,SD,\N,"[""guyette james""]",\N,\N,\N,\N,\N,\N
078i8,"Prieto, Nelson",C,PHI,\N,"[""prieto nelson""]",\N,\N,\N,\N,\N,\N
06hig,"Calzadilla, Gerson",SP,(N/A),\N,"[""calzadilla gerson""]",\N,\N,\N,\N,\N,\N
06yjw,"Bowker, Cody",SP,PHI,\N,"[""bowker cody""]",\N,\N,\N,\N,\N,\N
078gw,"Dahl, Declan",SP,DET,\N,"[""dahl declan""]",\N,\N,\N,\N,\N,\N
052c8,"Sanchez, Cristopher",SP,PHI,\N,"[""sanchez cristopher""]",\N,\N,\N,\N,\N,\N
078i9,"West, Charlie",SP,LAD,\N,"[""west charlie""]",\N,\N,\N,\N,\N,\N
06yjx,"Franklin, Tanner",SP,STL,\N,"[""franklin tanner""]",\N,\N,\N,\N,\N,\N
06hea,"Bonemer, Caleb",SS,CHW,\N,"[""bonemer caleb""]",\N,\N,\N,\N,\N,\N
06hf8,"Fernandez, Jesus",SS,ATH,\N,"[""fernandez jesus""]",\N,\N,\N,\N,\N,\N
06hf6,"Kean, Chris",RP,NYY,\N,"[""kean chris""]",\N,\N,\N,\N,\N,\N
06hf7,"Gabrielson, Cole",LF,NYY,\N,"[""gabrielson cole""]",\N,\N,\N,\N,\N,\N
06hf4,"Nixon, Aaron",RP,BOS,\N,"[""nixon aaron""]",\N,\N,\N,\N,\N,\N
029v2,"Bonifacio, Jorge",RF,(N/A),\N,"[""bonifacio jorge""]",\N,\N,\N,\N,\N,\N
06hf5,"Moylan, Josh",1B,NYY,\N,"[""moylan josh""]",\N,\N,\N,\N,\N,\N
06hf2,"Sellers, Trent",SP,NYY,\N,"[""sellers trent""]",\N,\N,\N,\N,\N,\N
06hf3,"Sterling, Levi",SP,PIT,\N,"[""sterling levi""]",\N,\N,\N,\N,\N,\N
06hf0,"Oakie, Joey",SP,CLE,\N,"[""oakie joey""]",\N,\N,\N,\N,\N,\N
06hf1,"Shields, Ben",SP,COL,\N,"[""shields ben""]",\N,\N,\N,\N,\N,\N
06yez,"Lombardi, Michael",RP,KC,\N,"[""lombardi michael""]",\N,\N,\N,\N,\N,\N
06yex,"Espinosa, Romeli",SS,PHI,\N,"[""espinosa romeli""]",\N,\N,\N,\N,\N,\N
"10090#30",Team Hitting,TmH,\N,\N,[],\N,\N,\N,\N,\N,\N
029si,"Rodriguez, Eduardo",SP,ARI,\N,"[""rodriguez eduardo""]",\N,\N,\N,\N,\N,\N
01iz0,"Matzek, Tyler",RP,(N/A),\N,"[""matzek tyler""]",\N,\N,\N,\N,\N,\N
06hh9,"Burns, Peter",C,LAA,\N,"[""burns peter""]",\N,\N,\N,\N,\N,\N
06hh7,"Dowdell, Kevin",RP,(N/A),\N,"[""dowdell kevin""]",\N,\N,\N,\N,\N,\N
06hh5,"Thompson, Benny",RP,LAA,\N,"[""thompson benny""]",\N,\N,\N,\N,\N,\N
06hh2,"Jackson, Isaiah",RP,KC,\N,[],\N,\N,\N,\N,\N,\N
06hh3,"Wallace, Landon",LF,(N/A),\N,"[""wallace landon""]",\N,\N,\N,\N,\N,\N
06hh0,"Root, Bayden",RP,(N/A),\N,"[""root bayden""]",\N,\N,\N,\N,\N,\N
078f9,"Pineau, Jack",SP,SD,\N,"[""pineau jack""]",\N,\N,\N,\N,\N,\N
078f7,"Pendley, Brady",RP,LAD,\N,"[""pendley brady""]",\N,\N,\N,\N,\N,\N
078f8,"Coston, Elijah",RP,LAD,\N,"[""coston elijah""]",\N,\N,\N,\N,\N,\N
078f5,"Skowronski, Josh",RF,SD,\N,"[""skowronski josh""]",\N,\N,\N,\N,\N,\N
06hfd,"Concepcion, Carlos",RF,SF,\N,"[""concepcion carlos""]",\N,\N,\N,\N,\N,\N
078f6,"Carver, John",RP,HOU,\N,"[""carver john""]",\N,\N,\N,\N,\N,\N
078f3,"Estridge, Carson",RP,HOU,\N,"[""estridge carson""]",\N,\N,\N,\N,\N,\N
078f4,"Chapman, Noah",SP,BAL,\N,"[""chapman noah""]",\N,\N,\N,\N,\N,\N
078f1,"Moyer, Mac",CF,SD,\N,"[""moyer mac""]",\N,\N,\N,\N,\N,\N
078f2,"Walsh, Alex",SP,LAD,\N,"[""walsh alex""]",\N,\N,\N,\N,\N,\N
078f0,"Doroteo, Felix",RP,PIT,\N,"[""doroteo felix""]",\N,\N,\N,\N,\N,\N
06hey,"Hall, Owen",SP,DET,\N,"[""hall owen""]",\N,\N,\N,\N,\N,\N
029us,"Vazquez, Christian",C,HOU,\N,"[""vazquez christian""]",\N,\N,\N,\N,\N,\N
06hez,"Albrecht, Lou",C,PHI,\N,"[""albrecht lou""]",\N,\N,\N,\N,\N,\N
06hew,"Schmidt, William",SP,(N/A),\N,"[""schmidt william""]",\N,\N,\N,\N,\N,\N
06hex,"Farquhar, Trent",2B,PHI,\N,"[""farquhar trent""]",\N,\N,\N,\N,\N,\N
06hev,"Hopewell, Chase",SP,(N/A),\N,"[""hopewell chase""]",\N,\N,\N,\N,\N,\N
06hes,"Tucker, Braydon",SP,PHI,\N,"[""tucker braydon""]",\N,\N,\N,\N,\N,\N
06het,"Quesada, Luis",RF,HOU,\N,"[""quesada luis""]",\N,\N,\N,\N,\N,\N
06heq,"Takacs, Noah",RP,PIT,\N,"[""takacs noah""]",\N,\N,\N,\N,\N,\N
06her,"Gallo, Ronaldo",RP,PIT,\N,"[""gallo ronaldo""]",\N,\N,\N,\N,\N,\N
06heo,"Burkett, Langston",RP,(N/A),\N,"[""burkett langston""]",\N,\N,\N,\N,\N,\N
06hep,"Scherrer, Luke",1B,PIT,\N,"[""scherrer luke""]",\N,\N,\N,\N,\N,\N
06hem,"Gomez, Ruddy",RP,MIN,\N,"[""gomez ruddy""]",\N,\N,\N,\N,\N,\N
06hek,"Grant, Donte",CF,(N/A),\N,"[""grant donte""]",\N,\N,\N,\N,\N,\N
06hel,"Gonzalez, Joan",SP,(N/A),\N,"[""gonzalez joan""]",\N,\N,\N,\N,\N,\N
06hei,"Varmette, Will",SP,SD,\N,"[""varmette will""]",\N,\N,\N,\N,\N,\N
06hej,"Kopack, Addison",1B,(N/A),\N,"[""kopack addison""]",\N,\N,\N,\N,\N,\N
06heg,"Wentz, Ryan",SP,(N/A),\N,"[""wentz ryan""]",\N,\N,\N,\N,\N,\N
06heh,"Vincent, Colton",C,SD,\N,"[""vincent colton""]",\N,\N,\N,\N,\N,\N
06hef,"Seagle, Chandler",C,(N/A),\N,"[""seagle chandler""]",\N,\N,\N,\N,\N,\N
051gx,"Fraze, Nick",SP,(N/A),\N,"[""fraze nick""]",\N,\N,\N,\N,\N,\N
05umy,"Yulie, Tyrone",RP,(N/A),\N,"[""yulie tyrone""]",\N,\N,\N,\N,\N,\N
077my,"Scoggin, Paxton",SS,(N/A),\N,"[""scoggin paxton""]",\N,\N,\N,\N,\N,\N
05umz,"Rodriguez, Dionys",RP,(N/A),\N,"[""rodriguez dionys""]",\N,\N,\N,\N,\N,\N
077mz,"Butler, Malachi",SS,(N/A),\N,"[""butler malachi""]",\N,\N,\N,\N,\N,\N
051gy,"Beck, Jace",RP,MIA,\N,"[""beck jace""]",\N,\N,\N,\N,\N,\N
077o9,"McChesney, Crew",LF,CHW,\N,"[""mcchesney crew""]",\N,\N,\N,\N,\N,\N
077mx,"Kleinschmit, Ethan",SP,MIA,\N,"[""kleinschmit ethan""]",\N,\N,\N,\N,\N,\N
077o7,"Feld, Justin",SP,CHW,\N,"[""feld justin""]",\N,\N,\N,\N,\N,\N
051gv,"Wagoner, Cameron",SP,MIL,\N,"[""wagoner cameron""]",\N,\N,\N,\N,\N,\N
06z48,"Langrell, Garrett",RP,SF,\N,"[""langrell garrett""]",\N,\N,\N,\N,\N,\N
077o8,"Bucciero, Matthew",RF,CHW,\N,"[""bucciero matthew""]",\N,\N,\N,\N,\N,\N
051gu,"Rivera, Josh",SS,TOR,\N,"[""rivera josh""]",\N,\N,\N,\N,\N,\N
06z49,"Moreno, Estevan",SS,SEA,\N,"[""moreno estevan""]",\N,\N,\N,\N,\N,\N
077o5,"Fitzwater, Grayson",1B,CHW,\N,"[""fitzwater grayson""]",\N,\N,\N,\N,\N,\N
06z46,"Macchiarola, Danny",SP,SEA,\N,"[""macchiarola danny""]",\N,\N,\N,\N,\N,\N
077o6,"Craytor, Luke",RP,CHW,\N,"[""craytor luke""]",\N,\N,\N,\N,\N,\N
06z47,"Lyon, Isaac",SP,WSH,\N,"[""lyon isaac""]",\N,\N,\N,\N,\N,\N
077o3,"Sharman, Michael",SP,CHW,\N,"[""sharman michael""]",\N,\N,\N,\N,\N,\N
05uo3,"Love, Austin",RP,STL,\N,"[""love austin""]",\N,\N,\N,\N,\N,\N
06z44,"Kelly, Lucas",RP,SEA,\N,"[""kelly lucas""]",\N,\N,\N,\N,\N,\N
051i3,"Rustad, Carter",RP,CLE,\N,"[""rustad carter""]",\N,\N,\N,\N,\N,\N
077o4,"Leininger, Nathan",SP,CHW,\N,"[""leininger nathan""]",\N,\N,\N,\N,\N,\N
05uo4,"Teodo, Emiliano",RP,TEX,\N,"[""teodo emiliano""]",\N,\N,\N,\N,\N,\N
06z45,"Karoly, Anthony",SP,SEA,\N,"[""karoly anthony""]",\N,\N,\N,\N,\N,\N
077o1,"Berkland, Jake",SS,CHW,\N,"[""berkland jake""]",\N,\N,\N,\N,\N,\N
06z42,"Delvecchio, Cody",SP,SF,\N,"[""delvecchio cody""]",\N,\N,\N,\N,\N,\N
077o2,"Cleavinger, Grant",RP,CHW,\N,"[""cleavinger grant""]",\N,\N,\N,\N,\N,\N
05uo2,"Henderson, Logan",SP,MIL,\N,"[""henderson logan""]",\N,\N,\N,\N,\N,\N
06z43,"King, Matt",SS,PIT,\N,"[""king matt""]",\N,\N,\N,\N,\N,\N
051i0,"Murray, Jayden",RP,CHC,\N,"[""murray jayden""]",\N,\N,\N,\N,\N,\N
06z40,"Hintz, Casey",RP,SEA,\N,"[""hintz casey""]",\N,\N,\N,\N,\N,\N
05uo0,"Fitzgerald, Ryan",2B,LAD,\N,"[""fitzgerald ryan""]",\N,\N,\N,\N,\N,\N
077o0,"Segura, Eric",SP,CHW,\N,"[""segura eric""]",\N,\N,\N,\N,\N,\N
06z41,"Gottesman, Jordan",SP,SF,\N,"[""gottesman jordan""]",\N,\N,\N,\N,\N,\N
051gc,"Hanner, Bradley",RP,NYY,\N,"[""hanner bradley""]",\N,\N,\N,\N,\N,\N
05un8,"Rodriguez, Eddy",RF,(N/A),\N,"[""rodriguez eddy""]",\N,\N,\N,\N,\N,\N
077n8,"Watters, Koltyn",CF,(N/A),\N,"[""watters koltyn""]",\N,\N,\N,\N,\N,\N
051h5,"Peoples, Ben",RP,TEX,\N,"[""peoples ben""]",\N,\N,\N,\N,\N,\N
04ahd,"Severino, Yunior",RF,(N/A),\N,"[""severino yunior""]",\N,\N,\N,\N,\N,\N
077n9,"Dennis, Cole",SP,ATL,\N,"[""dennis cole""]",\N,\N,\N,\N,\N,\N
04ahc,"Mata, Bryan",RP,(N/A),\N,"[""mata bryan""]",\N,\N,\N,\N,\N,\N
077n6,"Rincon, Lubin",SS,(N/A),\N,"[""rincon lubin""]",\N,\N,\N,\N,\N,\N
051fu,"Jones, Stephen",RP,MIA,\N,"[""jones stephen""]",\N,\N,\N,\N,\N,\N
051h6,"Del Bonta-Smith, Fineas",RP,(N/A),\N,"[""del bonta smith fineas""]",\N,\N,\N,\N,\N,\N
077n7,"Vazquez, Derek",SS,(N/A),\N,"[""vazquez derek""]",\N,\N,\N,\N,\N,\N
05un4,"Vargas, Jordy",SP,COL,\N,"[""vargas jordy""]",\N,\N,\N,\N,\N,\N
077n4,"Johnson, Tyce",SS,(N/A),\N,"[""johnson tyce""]",\N,\N,\N,\N,\N,\N
077n5,"Hall, Jeremiah",SS,(N/A),\N,"[""hall jeremiah""]",\N,\N,\N,\N,\N,\N
03oh0,"Contreras, Willson",1B,BOS,\N,"[""contreras willson""]",\N,\N,\N,\N,\N,\N
077n2,"King, Landon",SS,(N/A),\N,"[""king landon""]",\N,\N,\N,\N,\N,\N
05un2,"Quero, Edgar",C,CHW,\N,"[""quero edgar""]",\N,\N,\N,\N,\N,\N
051fp,"Weisenburger, Jack",P,NYM,\N,"[""weisenburger jack""]",\N,\N,\N,\N,\N,\N
077n3,"Holland, Cooper",SS,(N/A),\N,"[""holland cooper""]",\N,\N,\N,\N,\N,\N
051h2,"Alvarez, Andres",SS,(N/A),\N,"[""alvarez andres""]",\N,\N,\N,\N,\N,\N
077n0,"Mesa, Bryan",SS,(N/A),\N,"[""mesa bryan""]",\N,\N,\N,\N,\N,\N
05un0,"Del Rosario, Angel",3B,(N/A),\N,"[""del rosario angel""]",\N,\N,\N,\N,\N,\N
05un1,"Paulino, Eddinson",2B,NYM,\N,"[""paulino eddinson""]",\N,\N,\N,\N,\N,\N
077n1,"Batiste, Mikey",LF,(N/A),\N,"[""batiste mikey""]",\N,\N,\N,\N,\N,\N
051fl,"Marlowe, Cade",RF,LAA,\N,"[""marlowe cade""]",\N,\N,\N,\N,\N,\N
051ff,"ONeill, Matt",C,ARI,\N,"[""oneill matt""]",\N,\N,\N,\N,\N,\N
051fh,"Southard, Jared",RP,LAA,\N,"[""southard jared""]",\N,\N,\N,\N,\N,\N
051fb,"Navigato, Andrew",SS,DET,\N,"[""navigato andrew""]",\N,\N,\N,\N,\N,\N
04ai4,"Gorman, Nolan",3B,STL,\N,"[""gorman nolan""]",\N,\N,\N,\N,\N,\N
064ic,"Urbaez, Rayner",SP,(N/A),\N,"[""urbaez rayner""]",\N,\N,\N,\N,\N,\N
"10240#30",Team Hitting,TmH,\N,\N,[],\N,\N,\N,\N,\N,\N
0791y,"Allen, Colby",RP,TB,\N,"[""allen colby""]",\N,\N,\N,\N,\N,\N
06z4z,"Guadamuz, Omar",3B,CIN,\N,"[""guadamuz omar""]",\N,\N,\N,\N,\N,\N
0791z,"Fehrman, Cole",RP,TEX,\N,"[""fehrman cole""]",\N,\N,\N,\N,\N,\N
064n8,"Church, Nathan",CF,STL,\N,"[""church nathan""]",\N,\N,\N,\N,\N,\N
0791w,"Fordham, JR",RP,STL,\N,"[""fordham jr""]",\N,\N,\N,\N,\N,\N
0791x,"Lemm, John",C,STL,\N,"[""lemm john""]",\N,\N,\N,\N,\N,\N
04akh,"Zabala, Aneurys",SP,(N/A),\N,"[""zabala aneurys""]",\N,\N,\N,\N,\N,\N
0791u,"Baynes, Hunter",RP,STL,\N,"[""baynes hunter""]",\N,\N,\N,\N,\N,\N
064n5,"Tebrake, Dylan",RP,WSH,\N,"[""tebrake dylan""]",\N,\N,\N,\N,\N,\N
06z68,"Torres, Carlos",C,TEX,\N,[],\N,\N,\N,\N,\N,\N
0791v,"Bissetta, Tristan",OF,STL,\N,"[""bissetta tristan""]",\N,\N,\N,\N,\N,\N
04akb,"Baez, Michel",RP,(N/A),\N,"[""baez michel""]",\N,\N,\N,\N,\N,\N
064n4,"Fergus, Cade",CF,(N/A),\N,"[""fergus cade""]",\N,\N,\N,\N,\N,\N
0791s,"Williams, Kory",SP,SF,\N,"[""williams kory""]",\N,\N,\N,\N,\N,\N
064n7,"Reyzelman, Eric",RP,NYY,\N,"[""reyzelman eric""]",\N,\N,\N,\N,\N,\N
06z66,"Macero, Juan",3B,LAD,\N,"[""macero juan""]",\N,\N,\N,\N,\N,\N
051is,"Ball, Bryce",1B,(N/A),\N,"[""ball bryce""]",\N,\N,\N,\N,\N,\N
0791t,"Kaczmar, Henry",SS,SEA,\N,"[""kaczmar henry""]",\N,\N,\N,\N,\N,\N
064n6,"Brutti, Ben",RP,CIN,\N,"[""brutti ben""]",\N,\N,\N,\N,\N,\N
06z67,"Figueroa, Edgardo",C,WSH,\N,"[""figueroa edgardo""]",\N,\N,\N,\N,\N,\N
064n1,"Sandoval, Eliam",LF,(N/A),\N,"[""sandoval eliam""]",\N,\N,\N,\N,\N,\N
06z64,"Done, Leni",3B,NYY,\N,"[""done leni""]",\N,\N,\N,\N,\N,\N
0791r,"Rust, Carter",OF,SF,\N,"[""rust carter""]",\N,\N,\N,\N,\N,\N
06z65,"Theran, Jhosman",CF,LAD,\N,"[""theran jhosman""]",\N,\N,\N,\N,\N,\N
051ip,"McGough, Trey",RP,(N/A),\N,"[""mcgough trey""]",\N,\N,\N,\N,\N,\N
05uoo,"Alcantara, Ismael",CF,(N/A),\N,"[""alcantara ismael""]",\N,\N,\N,\N,\N,\N
064n3,"Ellerts, Magnus",RP,CLE,\N,"[""ellerts magnus""]",\N,\N,\N,\N,\N,\N
06z62,"Garcia, Roni",2B,NYM,\N,"[""garcia roni""]",\N,\N,\N,\N,\N,\N
05uop,"Bautista, Kelvin",RP,(N/A),\N,"[""bautista kelvin""]",\N,\N,\N,\N,\N,\N
06z63,"Montilla, Jose",C,KC,\N,"[""montilla jose""]",\N,\N,\N,\N,\N,\N
064n2,"Stephenson, Seth",RF,DET,\N,"[""stephenson seth""]",\N,\N,\N,\N,\N,\N
05uom,"Scheffler, Matt",C,(N/A),\N,"[""scheffler matt""]",\N,\N,\N,\N,\N,\N
077om,"Ruiz, Damian",LF,CIN,\N,"[""ruiz damian""]",\N,\N,\N,\N,\N,\N
06z60,"Chourio, Deinis",SS,CIN,\N,"[""chourio deinis""]",\N,\N,\N,\N,\N,\N
051if,"Lindgren, Jeff",RP,(N/A),\N,"[""lindgren jeff""]",\N,\N,\N,\N,\N,\N
05uoi,"Wilson, Peyton",2B,KC,\N,"[""wilson peyton""]",\N,\N,\N,\N,\N,\N
077og,"Burdette, Clay",RF,CHW,\N,"[""burdette clay""]",\N,\N,\N,\N,\N,\N
077oh,"Bergman, Jackson",SP,CHW,\N,"[""bergman jackson""]",\N,\N,\N,\N,\N,\N
04al9,"Perez, Francisco",RP,(N/A),\N,[],\N,\N,\N,\N,\N,\N
077oe,"Casteel, Kyle",SP,CHW,\N,"[""casteel kyle""]",\N,\N,\N,\N,\N,\N
06z4f,"Andujar, Louis",3B,BOS,\N,"[""andujar louis""]",\N,\N,\N,\N,\N,\N
051ia,"Horwitz, Spencer",1B,PIT,\N,"[""horwitz spencer""]",\N,\N,\N,\N,\N,\N
077of,"Weingartner, Alex",CF,CHW,\N,"[""weingartner alex""]",\N,\N,\N,\N,\N,\N
077oc,"Yeager, Isaac",RP,CHW,\N,"[""yeager isaac""]",\N,\N,\N,\N,\N,\N
"10240#40",Team Pitching,TmP,\N,\N,[],\N,\N,\N,\N,\N,\N
077od,"Lawrence, Luke",3B,CHW,\N,"[""lawrence luke""]",\N,\N,\N,\N,\N,\N
04ajs,"Miliano, Michell",RP,(N/A),\N,"[""miliano michell""]",\N,\N,\N,\N,\N,\N
077oa,"Berg, Andrew",SP,CHW,\N,"[""berg andrew""]",\N,\N,\N,\N,\N,\N
04al0,"Hernandez, Ronaldo",C,(N/A),\N,"[""hernandez ronaldo""]",\N,\N,\N,\N,\N,\N
05uob,"Pino, Luis",LF,STL,\N,"[""pino luis""]",\N,\N,\N,\N,\N,\N
077ob,"Horn, Darin",RP,CHW,\N,"[""horn darin""]",\N,\N,\N,\N,\N,\N
06z4a,"McGrath, Cooper",RP,SF,\N,"[""mcgrath cooper""]",\N,\N,\N,\N,\N,\N
04aji,"Santana, Cristian",3B,(N/A),\N,[],\N,\N,\N,\N,\N,\N
05unz,"Rayo, Elian",3B,(N/A),\N,"[""rayo elian""]",\N,\N,\N,\N,\N,\N
077nz,"Brenner, Jack",C,ATL,\N,"[""brenner jack""]",\N,\N,\N,\N,\N,\N
077nx,"Davidson, Caden",3B,(N/A),\N,"[""davidson caden""]",\N,\N,\N,\N,\N,\N
051hu,"Acker, Dane",RP,TEX,\N,"[""acker dane""]",\N,\N,\N,\N,\N,\N
05unx,"Salazar, Johnfrank",1B,STL,\N,"[""salazar johnfrank""]",\N,\N,\N,\N,\N,\N
0790x,"Gell, Scott",C,SF,\N,"[""gell scott""]",\N,\N,\N,\N,\N,\N
06z3y,"Bybee, Ben",RP,SF,\N,"[""bybee ben""]",\N,\N,\N,\N,\N,\N
077ny,"Long, Maddox",RP,DET,\N,"[""long maddox""]",\N,\N,\N,\N,\N,\N
05uny,"Ziegler, Calvin",SP,NYM,\N,"[""ziegler calvin""]",\N,\N,\N,\N,\N,\N
0790y,"OHarran, Toran",RP,SF,\N,"[""oharran toran""]",\N,\N,\N,\N,\N,\N
06z3z,"Bravo, Damian",LF,SF,\N,"[""bravo damian""]",\N,\N,\N,\N,\N,\N
"10240#50",Team,Tm,\N,\N,[],\N,\N,\N,\N,\N,\N
077p8,"Helmick, Tristan",SP,CIN,\N,"[""helmick tristan""]",\N,\N,\N,\N,\N,\N
07928,"Williams, Isaac",RP,TOR,\N,"[""williams isaac""]",\N,\N,\N,\N,\N,\N
0790v,"Talt, Easton",RF,NYY,\N,"[""talt easton""]",\N,\N,\N,\N,\N,\N
06z59,"Carpio, Leonardo",LF,(N/A),\N,"[""carpio leonardo""]",\N,\N,\N,\N,\N,\N
06z3w,"Anker, Jack",RP,PIT,\N,"[""anker jack""]",\N,\N,\N,\N,\N,\N
0790w,"Acres, Brodey",SS,SF,\N,"[""acres brodey""]",\N,\N,\N,\N,\N,\N
07929,"Carlgren, Cooper",RP,WSH,\N,"[""carlgren cooper""]",\N,\N,\N,\N,\N,\N
077p9,"Proskey, Calvin",SP,CIN,\N,"[""proskey calvin""]",\N,\N,\N,\N,\N,\N
051hv,"Cuevas, Michael",RP,HOU,\N,"[""cuevas michael""]",\N,\N,\N,\N,\N,\N
06z3x,"Corn, Brayden",CF,SEA,\N,"[""corn brayden""]",\N,\N,\N,\N,\N,\N
077p6,"Ladd, Ray",SP,CIN,\N,"[""ladd ray""]",\N,\N,\N,\N,\N,\N
0790t,"Peterson, Tyce",2B,NYY,\N,"[""peterson tyce""]",\N,\N,\N,\N,\N,\N
051hq,"Rashi, Taylor",RP,ATH,\N,"[""rashi taylor""]",\N,\N,\N,\N,\N,\N
07926,"Magdaleno, Isaiah",SP,TOR,\N,"[""magdaleno isaiah""]",\N,\N,\N,\N,\N,\N
06z57,"Sanchez, Yobanny",SP,NYM,\N,"[""sanchez yobanny""]",\N,\N,\N,\N,\N,\N
06z3u,"Barkett, Isaiah",3B,SF,\N,"[""barkett isaiah""]",\N,\N,\N,\N,\N,\N
077p7,"Johnson, Sherman",3B,CIN,\N,"[""johnson sherman""]",\N,\N,\N,\N,\N,\N
0790u,"Soske, Payton",RP,NYY,\N,"[""soske payton""]",\N,\N,\N,\N,\N,\N
07927,"Seebold, Gavin",P,TOR,\N,"[""seebold gavin""]",\N,\N,\N,\N,\N,\N
04aja,"Ryan, Ryder",SP,LAD,\N,"[""ryan ryder""]",\N,\N,\N,\N,\N,\N
06z3v,"Barajas, Junior",C,SF,\N,"[""barajas junior""]",\N,\N,\N,\N,\N,\N
06z58,"De Paula, Rosniell",SS,COL,\N,"[""de paula rosniell""]",\N,\N,\N,\N,\N,\N
077nr,"LeBlanc, Tyson",SS,DET,\N,"[""leblanc tyson""]",\N,\N,\N,\N,\N,\N
07924,"Dathe, Dax",P,TOR,\N,"[""dathe dax""]",\N,\N,\N,\N,\N,\N
0790r,"Johnston, Zach",RP,NYY,\N,"[""johnston zach""]",\N,\N,\N,\N,\N,\N
06z3s,"Revis, Dusty",SP,CIN,\N,"[""revis dusty""]",\N,\N,\N,\N,\N,\N
0790s,"Newell, Josh",SP,NYY,\N,"[""newell josh""]",\N,\N,\N,\N,\N,\N
077ns,"Santarelli, Dominic",1B,(N/A),\N,"[""santarelli dominic""]",\N,\N,\N,\N,\N,\N
05up5,"Hernandez, Adrian",RP,(N/A),\N,"[""hernandez adrian""]",\N,\N,\N,\N,\N,\N
051hr,"Tolhurst, Anders",RP,(N/A),\N,"[""tolhurst anders""]",\N,\N,\N,\N,\N,\N
077p5,"Griffin, Conner",SP,CIN,\N,"[""griffin conner""]",\N,\N,\N,\N,\N,\N
07925,"King, Devon",RP,TOR,\N,"[""king devon""]",\N,\N,\N,\N,\N,\N
06z3t,"Risley, Braydon",RP,PIT,\N,"[""risley braydon""]",\N,\N,\N,\N,\N,\N
07922,"Perez, Mito",C,TEX,\N,"[""perez mito""]",\N,\N,\N,\N,\N,\N
0790p,"OHearn, Keegan",RP,NYM,\N,"[""ohearn keegan""]",\N,\N,\N,\N,\N,\N
05unp,"Balcazar, Leo",SS,CIN,\N,"[""balcazar leo""]",\N,\N,\N,\N,\N,\N
077np,"Kennedy, Dee",SS,STL,\N,"[""kennedy dee""]",\N,\N,\N,\N,\N,\N
06z3q,"Peters, Mason",RP,SEA,\N,"[""peters mason""]",\N,\N,\N,\N,\N,\N
07923,"Bassinger, Reese",RP,TOR,\N,"[""bassinger reese""]",\N,\N,\N,\N,\N,\N
051hl,"Fontana, Shayne",1B,(N/A),\N,"[""fontana shayne""]",\N,\N,\N,\N,\N,\N
0790q,"Hutcheson, A.J.",P,NYY,\N,"[""hutcheson a j""]",\N,\N,\N,\N,\N,\N
06z3r,"Poppell, Broedy",C,SF,\N,"[""poppell broedy""]",\N,\N,\N,\N,\N,\N
07920,"Jaenke, Brandon",RP,TEX,\N,"[""jaenke brandon""]",\N,\N,\N,\N,\N,\N
0790n,"Keenan, Jimmy",C,MIN,\N,"[""keenan jimmy""]",\N,\N,\N,\N,\N,\N
05up0,"Gray, Drew",SP,CHC,\N,"[""gray drew""]",\N,\N,\N,\N,\N,\N
077nn,"Urban, Joey",CF,TOR,\N,"[""urban joey""]",\N,\N,\N,\N,\N,\N
06z51,"Acacio, Moises",2B,LAD,\N,"[""acacio moises""]",\N,\N,\N,\N,\N,\N
06z3o,"Seeley, Trey",SP,SF,\N,"[""seeley trey""]",\N,\N,\N,\N,\N,\N
077no,"Chance, Bryce",CF,TOR,\N,"[""chance bryce""]",\N,\N,\N,\N,\N,\N
0790o,"Carlisle, Sam",P,NYM,\N,"[""carlisle sam""]",\N,\N,\N,\N,\N,\N
07921,"Kane-Yates, Wailele",C,TEX,\N,"[""kane yates wailele""]",\N,\N,\N,\N,\N,\N
06z3p,"Shaw, Colton",SP,SEA,\N,"[""shaw colton""]",\N,\N,\N,\N,\N,\N
0790l,"Wensley, Casey",OF,LAA,\N,"[""wensley casey""]",\N,\N,\N,\N,\N,\N
077nl,"Higgins, Nolan",RP,TOR,\N,"[""higgins nolan""]",\N,\N,\N,\N,\N,\N
06z3m,"Steensma, Jackson",SP,SEA,\N,"[""steensma jackson""]",\N,\N,\N,\N,\N,\N
077nm,"Mitchell, Gable",2B,TOR,\N,"[""mitchell gable""]",\N,\N,\N,\N,\N,\N
0790m,"Hagedorn, Kendall",C,MIL,\N,"[""hagedorn kendall""]",\N,\N,\N,\N,\N,\N
06z50,"Gamez, Tadeo",SP,CHC,\N,"[""gamez tadeo""]",\N,\N,\N,\N,\N,\N
06z3n,"Taurek, Aiden",LF,SEA,\N,"[""taurek aiden""]",\N,\N,\N,\N,\N,\N
05unj,"Ottenbreit, Micah",SP,PHI,\N,"[""ottenbreit micah""]",\N,\N,\N,\N,\N,\N
077nj,"Brainard, Aidan",SP,TEX,\N,"[""brainard aidan""]",\N,\N,\N,\N,\N,\N
0790j,"Shurtleff, Thomas",RP,LAA,\N,"[""shurtleff thomas""]",\N,\N,\N,\N,\N,\N
0790k,"Stuart, Brady",P,LAA,\N,"[""stuart brady""]",\N,\N,\N,\N,\N,\N
077nk,"Carpenter, Kaden",CF,TEX,\N,"[""carpenter kaden""]",\N,\N,\N,\N,\N,\N
077nh,"Leslie, David",SP,NYY,\N,"[""leslie david""]",\N,\N,\N,\N,\N,\N
0790h,"Harper, Jayden",P,LAA,\N,"[""harper jayden""]",\N,\N,\N,\N,\N,\N
05unh,"Tonkel, Gavin",CF,(N/A),\N,"[""tonkel gavin""]",\N,\N,\N,\N,\N,\N
05uni,"McGarry, Griff",SP,LAD,\N,"[""mcgarry griff""]",\N,\N,\N,\N,\N,\N
077ni,"Anderson, Michael",1B,TEX,\N,"[""anderson michael""]",\N,\N,\N,\N,\N,\N
0790f,"Meola, Aidan",3B,COL,\N,"[""meola aidan""]",\N,\N,\N,\N,\N,\N
077nf,"Barker, Ryne",SP,ATL,\N,"[""barker ryne""]",\N,\N,\N,\N,\N,\N
05unf,"Clarke, Denzel",CF,ATH,\N,"[""clarke denzel""]",\N,\N,\N,\N,\N,\N
077ng,"Rising, Luc",SP,LAA,\N,"[""rising luc""]",\N,\N,\N,\N,\N,\N
05ung,"McDonough, Tyler",SS,BOS,\N,"[""mcdonough tyler""]",\N,\N,\N,\N,\N,\N
051hf,"Calvo, Blair",RP,(N/A),\N,"[""calvo blair""]",\N,\N,\N,\N,\N,\N
0790g,"Trippel, Lance",C,DET,\N,"[""trippel lance""]",\N,\N,\N,\N,\N,\N
0790d,"Montgomery, Kellan",SP,CLE,\N,"[""montgomery kellan""]",\N,\N,\N,\N,\N,\N
077nd,"Brosius, Parker",LF,ATL,\N,"[""brosius parker""]",\N,\N,\N,\N,\N,\N
051ha,"Cushing, Jack",RP,(N/A),\N,"[""cushing jack""]",\N,\N,\N,\N,\N,\N
04ak3,"Crouse, Hans",SP,SD,\N,"[""crouse hans""]",\N,\N,\N,\N,\N,\N
077ne,"Zeigler-Namoa, Ben",1B,ATL,\N,"[""zeigler namoa ben""]",\N,\N,\N,\N,\N,\N
0790e,"LeCroy, Talmadge",C,COL,\N,"[""lecroy talmadge""]",\N,\N,\N,\N,\N,\N
05une,"Viars, Jordan",1B,(N/A),\N,"[""viars jordan""]",\N,\N,\N,\N,\N,\N
077nb,"Grulkowski, Tyson",SP,ATL,\N,"[""grulkowski tyson""]",\N,\N,\N,\N,\N,\N
04ak5,"Rogers, Trevor",SP,BAL,\N,"[""rogers trevor""]",\N,\N,\N,\N,\N,\N
077nc,"Jarrell, Jacob",C,ATL,\N,"[""jarrell jacob""]",\N,\N,\N,\N,\N,\N
0790c,"Figueroa, Pablo",P,CLE,\N,"[""figueroa pablo""]",\N,\N,\N,\N,\N,\N
04ak4,"Enlow, Blayne",SP,ATL,\N,"[""enlow blayne""]",\N,\N,\N,\N,\N,\N
077na,"Libbert, Wil",SP,ATL,\N,"[""libbert wil""]",\N,\N,\N,\N,\N,\N
051ct,"Block, A.J.",SP,(N/A),\N,"[""block a j""]",\N,\N,\N,\N,\N,\N
04aee,"Adell, Jo",CF,CLE,\N,"[""adell jo""]",\N,\N,\N,\N,\N,\N
051e5,"Waldron, Matt",SP,WSH,\N,"[""waldron matt""]",\N,\N,\N,\N,\N,\N
04aed,"Wright, Kyle",SP,(N/A),\N,"[""wright kyle""]",\N,\N,\N,\N,\N,\N
06z08,"Vincent, Wyatt",CF,NYM,\N,"[""vincent wyatt""]",\N,\N,\N,\N,\N,\N
051cu,"McSweeney, Morgan",SP,BOS,\N,"[""mcsweeney morgan""]",\N,\N,\N,\N,\N,\N
051cp,"Oquendo, Johzan",RP,(N/A),\N,"[""oquendo johzan""]",\N,\N,\N,\N,\N,\N
04aea,"Greene, Hunter",SP,CIN,\N,"[""greene hunter""]",\N,\N,\N,\N,\N,\N
06z06,"Raymond, Cole",SP,LAA,\N,"[""raymond cole""]",\N,\N,\N,\N,\N,\N
051e1,"Antonini, Aaron",C,(N/A),\N,"[""antonini aaron""]",\N,\N,\N,\N,\N,\N
051co,"Baker, Andrew",RP,COL,\N,"[""baker andrew""]",\N,\N,\N,\N,\N,\N
06z07,"Tookoian, Sam",RP,LAA,\N,"[""tookoian sam""]",\N,\N,\N,\N,\N,\N
051e4,"Boone, Trevor",CF,(N/A),\N,"[""boone trevor""]",\N,\N,\N,\N,\N,\N
04aec,"Faedo, Alex",RP,LAA,\N,"[""faedo alex""]",\N,\N,\N,\N,\N,\N
06z04,"Oakes, Kellan",RP,HOU,\N,"[""oakes kellan""]",\N,\N,\N,\N,\N,\N
051e3,"Backstrom, Mahki",1B,(N/A),\N,"[""backstrom mahki""]",\N,\N,\N,\N,\N,\N
04aeb,"Lewis, Royce",3B,MIN,\N,"[""lewis royce""]",\N,\N,\N,\N,\N,\N
06z05,"Osbolt, Braden",SP,CIN,\N,"[""osbolt braden""]",\N,\N,\N,\N,\N,\N
05uk1,"Peguero, Elvis",RP,BAL,\N,"[""peguero elvis""]",\N,\N,\N,\N,\N,\N
051cl,"Estes, Joey",SP,ATH,\N,"[""estes joey""]",\N,\N,\N,\N,\N,\N
06z02,"Henschel, Justin",SP,CIN,\N,"[""henschel justin""]",\N,\N,\N,\N,\N,\N
06z03,"Martinez, Maison",RP,CIN,\N,"[""martinez maison""]",\N,\N,\N,\N,\N,\N
051e0,"Simpson, Will",1B,TB,\N,"[""simpson will""]",\N,\N,\N,\N,\N,\N
06z00,"Martinez, Jack",RP,STL,\N,"[""martinez jack""]",\N,\N,\N,\N,\N,\N
05uk0,"Burch, Tyler",RP,(N/A),\N,"[""burch tyler""]",\N,\N,\N,\N,\N,\N
06z01,"Allen, Hunter",SP,BAL,\N,"[""allen hunter""]",\N,\N,\N,\N,\N,\N
06gjy,"Rogers, Grant",SP,TOR,\N,"[""rogers grant""]",\N,\N,\N,\N,\N,\N
06gjz,"Harris, Dakota",3B,STL,\N,"[""harris dakota""]",\N,\N,\N,\N,\N,\N
06gjw,"Letson, Bishop",SP,MIL,\N,"[""letson bishop""]",\N,\N,\N,\N,\N,\N
06gjx,"Edwards, Garrett",SP,TB,\N,"[""edwards garrett""]",\N,\N,\N,\N,\N,\N
051cf,"Shreve, Ryan",RP,(N/A),\N,"[""shreve ryan""]",\N,\N,\N,\N,\N,\N
06gju,"Nishida, Rikuu",RF,CHW,\N,"[""nishida rikuu""]",\N,\N,\N,\N,\N,\N
04af8,"Liranzo, Jesus",RP,(N/A),\N,"[""liranzo jesus""]",\N,\N,\N,\N,\N,\N
06gjv,"German, Nestor",SP,BAL,\N,"[""german nestor""]",\N,\N,\N,\N,\N,\N
06gjs,"Anderson, Casey",RP,ARI,\N,"[""anderson casey""]",\N,\N,\N,\N,\N,\N
06gjt,"Taylor, Nelly",CF,BOS,\N,"[""taylor nelly""]",\N,\N,\N,\N,\N,\N
06gjq,"Flesland III, Stu",RP,COL,\N,"[""flesland iii stu""]",\N,\N,\N,\N,\N,\N
06gjr,"Wimmer, John",SS,LAA,\N,"[""wimmer john""]",\N,\N,\N,\N,\N,\N
06gjo,"Jarvis, Jim",SS,ATL,\N,"[""jarvis jim""]",\N,\N,\N,\N,\N,\N
06gjp,"Martin, Maxton",LF,TEX,\N,"[""martin maxton""]",\N,\N,\N,\N,\N,\N
06gjm,"Cotto, Magdiel",RP,(N/A),\N,"[""cotto magdiel""]",\N,\N,\N,\N,\N,\N
06gjn,"Moss, Jack",1B,HOU,\N,"[""moss jack""]",\N,\N,\N,\N,\N,\N
05uhz,"Gonzalez, Cristian",SS,(N/A),\N,"[""gonzalez cristian""]",\N,\N,\N,\N,\N,\N
06gjk,"Deming, Austin",3B,(N/A),\N,"[""deming austin""]",\N,\N,\N,\N,\N,\N
051bv,"Barclay, Edgar",SP,(N/A),\N,"[""barclay edgar""]",\N,\N,\N,\N,\N,\N
051d8,"Harbin, Ryan",RP,PIT,\N,"[""harbin ryan""]",\N,\N,\N,\N,\N,\N
06gjl,"Conover, Drew",SP,CHW,\N,"[""conover drew""]",\N,\N,\N,\N,\N,\N
05uhx,"Devers, Jose",SS,CLE,\N,[],\N,\N,\N,\N,\N,\N
06gji,"McClaughry, Nik",SS,(N/A),\N,"[""mcclaughry nik""]",\N,\N,\N,\N,\N,\N
05uhy,"Cuevas, Yohairo",RF,NYM,\N,"[""cuevas yohairo""]",\N,\N,\N,\N,\N,\N
06gjj,"Hendry, Brian",SP,NYY,\N,"[""hendry brian""]",\N,\N,\N,\N,\N,\N
051d5,"Jean, Antoine",RP,COL,\N,"[""jean antoine""]",\N,\N,\N,\N,\N,\N
06gjg,"Boucher, Pier-Olivier",LF,(N/A),\N,"[""boucher pier olivier""]",\N,\N,\N,\N,\N,\N
051br,"Wisely, Brett",2B,ATL,\N,"[""wisely brett""]",\N,\N,\N,\N,\N,\N
06gjh,"Mongelli, Sam",2B,LAD,\N,"[""mongelli sam""]",\N,\N,\N,\N,\N,\N
051bu,"Devanney, Cam",3B,(N/A),\N,"[""devanney cam""]",\N,\N,\N,\N,\N,\N
051d7,"Willingham, Amos",RP,MIA,\N,"[""willingham amos""]",\N,\N,\N,\N,\N,\N
06gje,"Pregent, Christian",C,(N/A),\N,"[""pregent christian""]",\N,\N,\N,\N,\N,\N
06gjf,"Sundstrom, Jared",RF,SEA,\N,"[""sundstrom jared""]",\N,\N,\N,\N,\N,\N
064eu,"Lugo, Andy",3B,MIN,\N,"[""lugo andy""]",\N,\N,\N,\N,\N,\N
06gjc,"Boucher, Adam",RP,WSH,\N,"[""boucher adam""]",\N,\N,\N,\N,\N,\N
051d0,"Johnston, Troy",1B,COL,\N,"[""johnston troy""]",\N,\N,\N,\N,\N,\N
051bn,"Leverett, Adam",SP,SEA,\N,"[""leverett adam""]",\N,\N,\N,\N,\N,\N
06gjd,"Mollerus, Josh",SP,(N/A),\N,"[""mollerus josh""]",\N,\N,\N,\N,\N,\N
06gja,"Angelo, Roman",SP,ARI,\N,"[""angelo roman""]",\N,\N,\N,\N,\N,\N
051d2,"Housley, Connor",P,(N/A),\N,"[""housley connor""]",\N,\N,\N,\N,\N,\N
051bp,"Tomczak, Anthony",RP,(N/A),\N,"[""tomczak anthony""]",\N,\N,\N,\N,\N,\N
06gjb,"Austin, Morris",RP,CHW,\N,"[""austin morris""]",\N,\N,\N,\N,\N,\N
051bk,"Dominguez, Michael",P,(N/A),\N,"[""dominguez michael""]",\N,\N,\N,\N,\N,\N
051bm,"Varland, Louis",RP,TOR,\N,"[""varland louis""]",\N,\N,\N,\N,\N,\N
051bg,"Magno, Andrew",RP,BAL,\N,"[""magno andrew""]",\N,\N,\N,\N,\N,\N
04ae9,"Guthrie, Dalton",CF,(N/A),\N,"[""guthrie dalton""]",\N,\N,\N,\N,\N,\N
051bi,"Lloyd, Matt",1B,(N/A),\N,"[""lloyd matt""]",\N,\N,\N,\N,\N,\N
06giv,"Ammons, Ryan",RP,NYM,\N,"[""ammons ryan""]",\N,\N,\N,\N,\N,\N
051bb,"Pope, Austin",RP,(N/A),\N,"[""pope austin""]",\N,\N,\N,\N,\N,\N
06giw,"Franklin, Zach",RP,NYM,\N,"[""franklin zach""]",\N,\N,\N,\N,\N,\N
06git,"Russell, Zane",RP,ARI,\N,"[""russell zane""]",\N,\N,\N,\N,\N,\N
051bd,"Freeman, Caleb",RP,TOR,\N,"[""freeman caleb""]",\N,\N,\N,\N,\N,\N
06giu,"Martinez-Gomez, Luis",RP,CHC,\N,"[""martinez gomez luis""]",\N,\N,\N,\N,\N,\N
05uhb,"Santiago, Carlos",SS,(N/A),\N,"[""santiago carlos""]",\N,\N,\N,\N,\N,\N
06gir,"Kaminska, Jace",SP,MIN,\N,"[""kaminska jace""]",\N,\N,\N,\N,\N,\N
05uhc,"Smith, Russell",RP,MIL,\N,"[""smith russell""]",\N,\N,\N,\N,\N,\N
06gis,"Barraza, Chris",SP,(N/A),\N,"[""barraza chris""]",\N,\N,\N,\N,\N,\N
06gip,"Sears, Andrew",SP,DET,\N,"[""sears andrew""]",\N,\N,\N,\N,\N,\N
06giq,"Matter, Case",RP,TEX,\N,"[""matter case""]",\N,\N,\N,\N,\N,\N
06gin,"Tomkins, Landon",RP,PIT,\N,"[""tomkins landon""]",\N,\N,\N,\N,\N,\N
051ay,"Johnson, Jared",RP,ATH,\N,"[""johnson jared""]",\N,\N,\N,\N,\N,\N
06gio,"Osman, Graham",RP,CIN,\N,"[""osman graham""]",\N,\N,\N,\N,\N,\N
06gil,"Glasser, Phillip",LF,WSH,\N,"[""glasser phillip""]",\N,\N,\N,\N,\N,\N
06gim,"Reisinger, Tom",RP,(N/A),\N,"[""reisinger tom""]",\N,\N,\N,\N,\N,\N
06gij,"Owusu-Asiedu, Avery",LF,ARI,\N,"[""owusu asiedu avery""]",\N,\N,\N,\N,\N,\N
051au,"Knowles, Lucas",RP,LAA,\N,"[""knowles lucas""]",\N,\N,\N,\N,\N,\N
06gik,"Williams, Jeron",SS,HOU,\N,"[""williams jeron""]",\N,\N,\N,\N,\N,\N
06gih,"Brown, Ryan",RP,LAD,\N,[],\N,\N,\N,\N,\N,\N
051c9,"Gladney, DJ",CF,NYY,\N,"[""gladney dj""]",\N,\N,\N,\N,\N,\N
06gii,"Wilson, Ryan",CF,(N/A),\N,"[""wilson ryan""]",\N,\N,\N,\N,\N,\N
06z0z,"Foutch, Christian",RP,BOS,\N,"[""foutch christian""]",\N,\N,\N,\N,\N,\N
06z0x,"Hunter, Caden",SP,BAL,\N,"[""hunter caden""]",\N,\N,\N,\N,\N,\N
051ew,"Morton, Kadon",CF,(N/A),\N,"[""morton kadon""]",\N,\N,\N,\N,\N,\N
06z0y,"King, Skylar",RF,BOS,\N,"[""king skylar""]",\N,\N,\N,\N,\N,\N
051g4,"Stil, Matt",RP,(N/A),\N,"[""stil matt""]",\N,\N,\N,\N,\N,\N
06z0v,"Montiel, Tayler",RP,ARI,\N,"[""montiel tayler""]",\N,\N,\N,\N,\N,\N
051eq,"Sosa, Gustavo",C,(N/A),\N,"[""sosa gustavo""]",\N,\N,\N,\N,\N,\N
06z0w,"Garayzar, Raul",RP,ARI,\N,"[""garayzar raul""]",\N,\N,\N,\N,\N,\N
06z0t,"Rothermel, Collin",SP,ARI,\N,"[""rothermel collin""]",\N,\N,\N,\N,\N,\N
051g5,"Solesky, Chase",SP,CIN,\N,"[""solesky chase""]",\N,\N,\N,\N,\N,\N
06z0u,"Rasmussen, Carter",RP,(N/A),\N,"[""rasmussen carter""]",\N,\N,\N,\N,\N,\N
06z0r,"Walker, Ethan",SP,BOS,\N,"[""walker ethan""]",\N,\N,\N,\N,\N,\N
051em,"Carpenter, Kerry",RF,DET,\N,"[""carpenter kerry""]",\N,\N,\N,\N,\N,\N
06z0s,"Sarver, Joel",RP,ARI,\N,"[""sarver joel""]",\N,\N,\N,\N,\N,\N
051ep,"Pagan, Kanoa",P,(N/A),\N,"[""pagan kanoa""]",\N,\N,\N,\N,\N,\N
06z0p,"Casey, Jake",RF,TOR,\N,"[""casey jake""]",\N,\N,\N,\N,\N,\N
051eo,"Crim, Blaine",1B,(N/A),\N,"[""crim blaine""]",\N,\N,\N,\N,\N,\N
06z0q,"Winnay, Jack",3B,BOS,\N,"[""winnay jack""]",\N,\N,\N,\N,\N,\N
06z0n,"Coil, Parker",RP,CLE,\N,"[""coil parker""]",\N,\N,\N,\N,\N,\N
04rhj,"Rivera, Laz",SS,(N/A),\N,"[""rivera laz""]",\N,\N,\N,\N,\N,\N
06z0o,"Porco, Robby",RP,LAD,\N,"[""porco robby""]",\N,\N,\N,\N,\N,\N
051el,"Rombach, Nate",C,WSH,\N,"[""rombach nate""]",\N,\N,\N,\N,\N,\N
04rhl,"Vargas, Carlos",RP,SEA,\N,"[""vargas carlos""]",\N,\N,\N,\N,\N,\N
051eh,"Kelly, Kevin",RP,TB,\N,"[""kelly kevin""]",\N,\N,\N,\N,\N,\N
04rhi,"Gonzalez, Pedro",RP,(N/A),\N,"[""gonzalez pedro""]",\N,\N,\N,\N,\N,\N
04rhh,"Guzman, Alvin",RP,(N/A),\N,"[""guzman alvin""]",\N,\N,\N,\N,\N,\N
051eb,"Parsons, Hunter",RP,(N/A),\N,"[""parsons hunter""]",\N,\N,\N,\N,\N,\N
06i07,"Gil, Adrian",1B,CHW,\N,"[""gil adrian""]",\N,\N,\N,\N,\N,\N
06i08,"Go, Woo-Suk",RP,MIN,\N,"[""go woo suk""]",\N,\N,\N,\N,\N,\N
051ec,"Laskey, Adam",SP,COL,\N,"[""laskey adam""]",\N,\N,\N,\N,\N,\N
06i06,"Hurtado, Victor",LF,WSH,\N,"[""hurtado victor""]",\N,\N,\N,\N,\N,\N
04afj,"Martin, Corbin",RP,CHC,\N,"[""martin corbin""]",\N,\N,\N,\N,\N,\N
04afl,"Little, Brendon",RP,TOR,\N,"[""little brendon""]",\N,\N,\N,\N,\N,\N
04afk,"Beck, Tristan",RP,SF,\N,"[""beck tristan""]",\N,\N,\N,\N,\N,\N
051du,"Church, Marc",SP,TEX,\N,"[""church marc""]",\N,\N,\N,\N,\N,\N
051dt,"Ruffcorn, Jason",RP,SEA,\N,"[""ruffcorn jason""]",\N,\N,\N,\N,\N,\N
051dw,"Eisert, Brandon",RP,PIT,\N,"[""eisert brandon""]",\N,\N,\N,\N,\N,\N
051dv,"Waites, Cole",RP,(N/A),\N,"[""waites cole""]",\N,\N,\N,\N,\N,\N
064i9,"Williams, Peyton",1B,TOR,\N,"[""williams peyton""]",\N,\N,\N,\N,\N,\N
051f3,"Hill, Darius",LF,(N/A),\N,"[""hill darius""]",\N,\N,\N,\N,\N,\N
051dq,"Peralta, Sammy",RP,LAA,\N,"[""peralta sammy""]",\N,\N,\N,\N,\N,\N
051f5,"Snider, Jake",LF,(N/A),\N,"[""snider jake""]",\N,\N,\N,\N,\N,\N
06z15,"Clark, Wallace",3B,ARI,\N,"[""clark wallace""]",\N,\N,\N,\N,\N,\N
06z16,"Ariola, Joe",RP,ARI,\N,"[""ariola joe""]",\N,\N,\N,\N,\N,\N
051dm,"La Sorsa, Joe",RP,BOS,\N,"[""la sorsa joe""]",\N,\N,\N,\N,\N,\N
06z13,"Dotson, Luke",RP,ARI,\N,"[""dotson luke""]",\N,\N,\N,\N,\N,\N
051dl,"Julien, Edouard",1B,COL,\N,"[""julien edouard""]",\N,\N,\N,\N,\N,\N
06z14,"Finley, Leighton",SP,BOS,\N,"[""finley leighton""]",\N,\N,\N,\N,\N,\N
06z11,"Galvan, Alex",RP,ARI,\N,"[""galvan alex""]",\N,\N,\N,\N,\N,\N
06z12,"Counsell, Brady",LF,ARI,\N,"[""counsell brady""]",\N,\N,\N,\N,\N,\N
06z10,"Galle, Patrick",RP,STL,\N,"[""galle patrick""]",\N,\N,\N,\N,\N,\N
051db,"Brigden, Trevor",RP,(N/A),\N,"[""brigden trevor""]",\N,\N,\N,\N,\N,\N
051e9,"Campbell, Justin",SP,CLE,\N,"[""campbell justin""]",\N,\N,\N,\N,\N,\N
04aeh,"Hall, DL",RP,MIL,\N,"[""hall dl""]",\N,\N,\N,\N,\N,\N
05uvd,"Heubeck, Peter",SP,LAD,\N,"[""heubeck peter""]",\N,\N,\N,\N,\N,\N
05uve,"Serna, Luis",SP,NYY,\N,"[""serna luis""]",\N,\N,\N,\N,\N,\N
064ry,"Fernandez, Jose",RP,(N/A),\N,[],\N,\N,\N,\N,\N,\N
04aqh,"Thompson, Tyree",RP,(N/A),\N,"[""thompson tyree""]",\N,\N,\N,\N,\N,\N
06gwj,"Taneichi, Atsuki",SP,(N/A),\N,"[""taneichi atsuki""]",\N,\N,\N,\N,\N,\N
05w7z,"Henriquez, Edgardo",RP,LAD,\N,"[""henriquez edgardo""]",\N,\N,\N,\N,\N,\N
04aqj,"Webb, Nate",SP,(N/A),\N,"[""webb nate""]",\N,\N,\N,\N,\N,\N
06gwk,"Tolle, Payton",RP,BOS,\N,"[""tolle payton""]",\N,\N,\N,\N,\N,\N
0664z,"Rudy, Will",SP,MIL,\N,"[""rudy will""]",\N,\N,\N,\N,\N,\N
0664u,"Regalado, Nicholas",RP,(N/A),\N,"[""regalado nicholas""]",\N,\N,\N,\N,\N,\N
064ru,"Cruz, Nicolas",RP,LAD,\N,"[""cruz nicolas""]",\N,\N,\N,\N,\N,\N
064rt,"Ruiz, Xavier",RP,(N/A),\N,"[""ruiz xavier""]",\N,\N,\N,\N,\N,\N
0664t,"Squires, Brett",1B,KC,\N,"[""squires brett""]",\N,\N,\N,\N,\N,\N
04aqf,"Keller, Brian",SP,PHI,\N,"[""keller brian""]",\N,\N,\N,\N,\N,\N
064rq,"Cesar, Luis",RP,MIA,\N,"[""cesar luis""]",\N,\N,\N,\N,\N,\N
0664q,"Doolan, Liam",SP,(N/A),\N,"[""doolan liam""]",\N,\N,\N,\N,\N,\N
0664p,"Gobbel, Ben",3B,LAA,\N,"[""gobbel ben""]",\N,\N,\N,\N,\N,\N
05w7q,"Mendoza, Carlos",3B,TOR,\N,"[""mendoza carlos""]",\N,\N,\N,\N,\N,\N
04aqc,"Bednar, David",RP,NYY,\N,"[""bednar david""]",\N,\N,\N,\N,\N,\N
0664s,"Woods, Jordan",RP,KC,\N,"[""woods jordan""]",\N,\N,\N,\N,\N,\N
064rr,"Pena, Francis",RP,SD,\N,"[""pena francis""]",\N,\N,\N,\N,\N,\N
0664r,"Darrell-Hicks, Michael",SP,PIT,\N,"[""darrell hicks michael""]",\N,\N,\N,\N,\N,\N
0664m,"Martinez, Quinton",SP,(N/A),\N,"[""martinez quinton""]",\N,\N,\N,\N,\N,\N
06661,"Zamora, Josh",3B,(N/A),\N,"[""zamora josh""]",\N,\N,\N,\N,\N,\N
06660,"Thompson, Jake",3B,LAA,\N,"[""thompson jake""]",\N,\N,\N,\N,\N,\N
0664i,"Ochoa Leyva, Nathaniel",LF,(N/A),\N,"[""ochoa leyva nathaniel""]",\N,\N,\N,\N,\N,\N
0664h,"Clarno, Nick",C,(N/A),\N,"[""clarno nick""]",\N,\N,\N,\N,\N,\N
0664e,"Owen, Harry",C,(N/A),\N,"[""owen harry""]",\N,\N,\N,\N,\N,\N
0664g,"Harris, Hayden",RP,COL,\N,"[""harris hayden""]",\N,\N,\N,\N,\N,\N
0664f,"Militello, Justin",RP,STL,\N,"[""militello justin""]",\N,\N,\N,\N,\N,\N
0664a,"Nierman, Hayden",RP,BAL,\N,"[""nierman hayden""]",\N,\N,\N,\N,\N,\N
06gx3,"Molina, Mason",SP,STL,\N,"[""molina mason""]",\N,\N,\N,\N,\N,\N
0664b,"Costes, Maxwell",1B,(N/A),\N,"[""costes maxwell""]",\N,\N,\N,\N,\N,\N
04apk,"Tortosa, Cristhian",RP,PIT,\N,"[""tortosa cristhian""]",\N,\N,\N,\N,\N,\N
04apj,"Duran, Jhoan",RP,PHI,\N,"[""duran jhoan""]",\N,\N,\N,\N,\N,\N
06z9y,"Chadwick, Tyrelle",SP,COL,\N,"[""chadwick tyrelle""]",\N,\N,\N,\N,\N,\N
06z9z,"Broderick, Luke",RP,COL,\N,"[""broderick luke""]",\N,\N,\N,\N,\N,\N
04t3y,"Kirk, Alejandro",C,TOR,\N,"[""kirk alejandro""]",\N,\N,\N,\N,\N,\N
06656,"Day, Joshua",SS,(N/A),\N,"[""day joshua""]",\N,\N,\N,\N,\N,\N
06z9w,"Archie, Bryce",RP,CIN,\N,"[""archie bryce""]",\N,\N,\N,\N,\N,\N
06z9x,"Afthim, Brady",RP,CIN,\N,"[""afthim brady""]",\N,\N,\N,\N,\N,\N
06655,"McCullough, Brody",SP,CHC,\N,"[""mccullough brody""]",\N,\N,\N,\N,\N,\N
06z9u,"Melendez, Gustavo",SS,PIT,\N,"[""melendez gustavo""]",\N,\N,\N,\N,\N,\N
06658,"Ross, Ben",SS,MIN,\N,"[""ross ben""]",\N,\N,\N,\N,\N,\N
06gvf,"Conn, Cole",C,ATH,\N,"[""conn cole""]",\N,\N,\N,\N,\N,\N
06657,"Adams, Mason",SP,COL,\N,"[""adams mason""]",\N,\N,\N,\N,\N,\N
06z9v,"Book, Colton",SP,CHC,\N,"[""book colton""]",\N,\N,\N,\N,\N,\N
05uv4,"Garcia, Francisco",3B,(N/A),\N,"[""garcia francisco""]",\N,\N,\N,\N,\N,\N
06652,"Hull, Nick",RP,SEA,\N,"[""hull nick""]",\N,\N,\N,\N,\N,\N
064s2,"Pinales, Enmanuel",SP,SD,\N,"[""pinales enmanuel""]",\N,\N,\N,\N,\N,\N
05uv5,"Ortiz, Abimelec",1B,WSH,\N,"[""ortiz abimelec""]",\N,\N,\N,\N,\N,\N
06651,"Crigger, Kyle",SP,(N/A),\N,"[""crigger kyle""]",\N,\N,\N,\N,\N,\N
06654,"Gray, Shane",SP,(N/A),\N,"[""gray shane""]",\N,\N,\N,\N,\N,\N
0663r,"Reyes, Emmanuel",SP,KC,\N,"[""reyes emmanuel""]",\N,\N,\N,\N,\N,\N
06xy3,"Lucena, Yaxson",RF,STL,\N,"[""lucena yaxson""]",\N,\N,\N,\N,\N,\N
06653,"Thomas, Rhylan",CF,TOR,\N,"[""thomas rhylan""]",\N,\N,\N,\N,\N,\N
05w80,"Mosquera, Diego",LF,NYM,\N,"[""mosquera diego""]",\N,\N,\N,\N,\N,\N
06650,"Birdsong, Hayden",SP,SF,\N,"[""birdsong hayden""]",\N,\N,\N,\N,\N,\N
04aq9,"Gavin, Grant",SP,(N/A),\N,"[""gavin grant""]",\N,\N,\N,\N,\N,\N
04aov,"Ornelas, Tirso",LF,SD,\N,"[""ornelas tirso""]",\N,\N,\N,\N,\N,\N
04aq4,"Garcia, Adolis",RF,PHI,\N,"[""garcia adolis""]",\N,\N,\N,\N,\N,\N
064qc,"Guerrero, Eduardo",2B,LAD,\N,"[""guerrero eduardo""]",\N,\N,\N,\N,\N,\N
06z9e,"Kussow, Peter",SP,NYM,\N,"[""kussow peter""]",\N,\N,\N,\N,\N,\N
06z9f,"Salina, Michael",SP,SD,\N,"[""salina michael""]",\N,\N,\N,\N,\N,\N
0401b,"Maitan, Kevin",1B,(N/A),\N,"[""maitan kevin""]",\N,\N,\N,\N,\N,\N
02n1c,"Heineman, Tyler",C,LAA,\N,"[""heineman tyler""]",\N,\N,\N,\N,\N,\N
02n0z,"Barraclough, Kyle",RP,(N/A),\N,"[""barraclough kyle""]",\N,\N,\N,\N,\N,\N
06xzz,"Parra, Abraham",SP,SD,\N,"[""parra abraham""]",\N,\N,\N,\N,\N,\N
05uwz,"Rosier, Corey",LF,(N/A),\N,"[""rosier corey""]",\N,\N,\N,\N,\N,\N
077y9,"Marnell, Anthony",C,ATH,\N,"[""marnell anthony""]",\N,\N,\N,\N,\N,\N
06xzx,"Duarte, Athanael",1B,LAA,\N,"[""duarte athanael""]",\N,\N,\N,\N,\N,\N
02n0v,"Milner, Hoby",RP,SEA,\N,"[""milner hoby""]",\N,\N,\N,\N,\N,\N
06xzy,"Bruggeman, Kevin",1B,LAA,\N,"[""bruggeman kevin""]",\N,\N,\N,\N,\N,\N
077y7,"Wertz, Andrew",RP,ARI,\N,"[""wertz andrew""]",\N,\N,\N,\N,\N,\N
05w9u,"Cruz, Narbe",2B,HOU,\N,"[""cruz narbe""]",\N,\N,\N,\N,\N,\N
077wu,"Kerce, Carson",SS,ARI,\N,"[""kerce carson""]",\N,\N,\N,\N,\N,\N
06xzv,"Encarnacion, Diwarys",SS,MIA,\N,"[""encarnacion diwarys""]",\N,\N,\N,\N,\N,\N
04022,"Hill, Tim",RP,NYY,\N,"[""hill tim""]",\N,\N,\N,\N,\N,\N
06685,"Bertrand, John Michael",SP,SF,\N,"[""bertrand john michael""]",\N,\N,\N,\N,\N,\N
077y8,"Adcock, Nile",RP,ATL,\N,"[""adcock nile""]",\N,\N,\N,\N,\N,\N
077wv,"Renfrow, Brett",SP,MIN,\N,"[""renfrow brett""]",\N,\N,\N,\N,\N,\N
06xzw,"Ramon, Dariel",SS,TOR,\N,"[""ramon dariel""]",\N,\N,\N,\N,\N,\N
05uws,"McDermott, Chayce",RP,NYM,\N,"[""mcdermott chayce""]",\N,\N,\N,\N,\N,\N
077y5,"VanDeHatert, Aiden",RP,BOS,\N,"[""vandehatert aiden""]",\N,\N,\N,\N,\N,\N
077ws,"Randall, Cal",SP,STL,\N,"[""randall cal""]",\N,\N,\N,\N,\N,\N
05uy5,"Smith-Shawver, AJ",SP,ATL,\N,"[""smith shawver aj""]",\N,\N,\N,\N,\N,\N
077wt,"Stieg, Griffin",SP,PIT,\N,"[""stieg griffin""]",\N,\N,\N,\N,\N,\N
05w9t,"Davenport, Aaron",SP,CLE,\N,"[""davenport aaron""]",\N,\N,\N,\N,\N,\N
05uy6,"Burgos, Jorge",1B,TOR,\N,"[""burgos jorge""]",\N,\N,\N,\N,\N,\N
077y6,"Schulte, Kooper",SS,NYM,\N,"[""schulte kooper""]",\N,\N,\N,\N,\N,\N
06686,"Fitzpatrick, Brian",RP,MIL,\N,"[""fitzpatrick brian""]",\N,\N,\N,\N,\N,\N
06xzu,"Soto, Yordani",SS,CHW,\N,"[""soto yordani""]",\N,\N,\N,\N,\N,\N
077y3,"Bates, Zach",RP,LAD,\N,"[""bates zach""]",\N,\N,\N,\N,\N,\N
05uy3,"Conley, Cal",SS,ATL,\N,"[""conley cal""]",\N,\N,\N,\N,\N,\N
077y4,"Hudson, Brennan",1B,CHC,\N,"[""hudson brennan""]",\N,\N,\N,\N,\N,\N
05uy4,"Dodd, Dylan",RP,ATL,\N,"[""dodd dylan""]",\N,\N,\N,\N,\N,\N
077y1,"Boylston, Kyle",CF,SEA,\N,"[""boylston kyle""]",\N,\N,\N,\N,\N,\N
05uy1,"Malloy, Justyn-Henry",RF,TB,\N,"[""malloy justyn henry""]",\N,\N,\N,\N,\N,\N
06683,"Winquest, Cade",SP,STL,\N,"[""winquest cade""]",\N,\N,\N,\N,\N,\N
05uy2,"Carter, Irv",RP,TOR,\N,"[""carter irv""]",\N,\N,\N,\N,\N,\N
077y2,"Rosado, Eddie",SP,TOR,\N,"[""rosado eddie""]",\N,\N,\N,\N,\N,\N
05uwp,"Morales, Michael",SP,SEA,\N,"[""morales michael""]",\N,\N,\N,\N,\N,\N
077y0,"Harvey, Jake",C,SEA,\N,"[""harvey jake""]",\N,\N,\N,\N,\N,\N
05uy0,"Spikes, Ryan",LF,TB,\N,"[""spikes ryan""]",\N,\N,\N,\N,\N,\N
02n0e,"Velazquez, Andrew",SS,KC,\N,"[""velazquez andrew""]",\N,\N,\N,\N,\N,\N
05w9g,"Rodriguez, Randy",RP,SF,\N,"[""rodriguez randy""]",\N,\N,\N,\N,\N,\N
05uwh,"Manzano, Mikell",RP,(N/A),\N,"[""manzano mikell""]",\N,\N,\N,\N,\N,\N
0666b,"German, Manuel",1B,KC,\N,"[""german manuel""]",\N,\N,\N,\N,\N,\N
05w9d,"Mejia, Enmanuel",RP,(N/A),\N,"[""mejia enmanuel""]",\N,\N,\N,\N,\N,\N
05uwb,"Trimble, Reed",RF,BAL,\N,"[""trimble reed""]",\N,\N,\N,\N,\N,\N
0665z,"Stevens, Tristan",RP,MIA,\N,"[""stevens tristan""]",\N,\N,\N,\N,\N,\N
0665y,"Spohn, Harrison",SS,(N/A),\N,"[""spohn harrison""]",\N,\N,\N,\N,\N,\N
05uvx,"Cauley, Cameron",SS,TEX,\N,"[""cauley cameron""]",\N,\N,\N,\N,\N,\N
04ru8,"Pomares, Jairo",LF,(N/A),\N,"[""pomares jairo""]",\N,\N,\N,\N,\N,\N
0665v,"Wepf, Lucas",RP,LAD,\N,"[""wepf lucas""]",\N,\N,\N,\N,\N,\N
05uvy,"Juarez, Victor",RP,COL,\N,"[""juarez victor""]",\N,\N,\N,\N,\N,\N
04ru7,"Vargas, Miguel",3B,CHW,\N,"[""vargas miguel""]",\N,\N,\N,\N,\N,\N
0665u,"Ruebeck, Christian",RP,LAD,\N,"[""ruebeck christian""]",\N,\N,\N,\N,\N,\N
05uvv,"Jimenez, Antonio",RP,(N/A),\N,[],\N,\N,\N,\N,\N,\N
0665x,"Pushard, Matt",RP,MIA,\N,"[""pushard matt""]",\N,\N,\N,\N,\N,\N
0665w,"Lowe, Collin",RP,(N/A),\N,"[""lowe collin""]",\N,\N,\N,\N,\N,\N
0665r,"Godwin, Connor",RP,(N/A),\N,"[""godwin connor""]",\N,\N,\N,\N,\N,\N
05ux7,"Ramirez, Micael",C,(N/A),\N,"[""ramirez micael""]",\N,\N,\N,\N,\N,\N
0665t,"Reinoso, Livan",RP,MIA,\N,"[""reinoso livan""]",\N,\N,\N,\N,\N,\N
04ru5,"Pages, Andy",CF,LAD,\N,"[""pages andy""]",\N,\N,\N,\N,\N,\N
0665n,"Brookman, Archer",C,ATL,\N,"[""brookman archer""]",\N,\N,\N,\N,\N,\N
06gxb,"Ramirez, Raynier",3B,(N/A),\N,"[""ramirez raynier""]",\N,\N,\N,\N,\N,\N
0665m,"Burgess, Colin",C,ATL,\N,"[""burgess colin""]",\N,\N,\N,\N,\N,\N
05w8n,"Fox, Jake",CF,CLE,\N,"[""fox jake""]",\N,\N,\N,\N,\N,\N
0665p,"Meyer, Jake",C,(N/A),\N,"[""meyer jake""]",\N,\N,\N,\N,\N,\N
0665o,"Alba, Max",SP,DET,\N,"[""alba max""]",\N,\N,\N,\N,\N,\N
05w8l,"Bergolla, William",SS,CHW,\N,"[""bergolla william""]",\N,\N,\N,\N,\N,\N
0665j,"Johnson, Tyler",1B,(N/A),\N,"[""johnson tyler""]",\N,\N,\N,\N,\N,\N
05w8m,"Salcedo, Andruw",C,(N/A),\N,"[""salcedo andruw""]",\N,\N,\N,\N,\N,\N
0665l,"Fields, Colin",RP,DET,\N,"[""fields colin""]",\N,\N,\N,\N,\N,\N
0665k,"Holden, Connor",SP,(N/A),\N,"[""holden connor""]",\N,\N,\N,\N,\N,\N
05uvf,"Figueroa, Jeferson",RP,(N/A),\N,"[""figueroa jeferson""]",\N,\N,\N,\N,\N,\N
0665h,"Allende, Giullianno",LF,(N/A),\N,"[""allende giullianno""]",\N,\N,\N,\N,\N,\N
06gy9,"Marcano, Jose",1B,CLE,\N,[],\N,\N,\N,\N,\N,\N
077ra,"Lanman, Brett",SP,BOS,\N,"[""lanman brett""]",\N,\N,\N,\N,\N,\N
04ao0,"Gonzalez, Luis",RP,(N/A),\N,[],\N,\N,\N,\N,\N,\N
051kx,"Rosario, Dalvy",LF,(N/A),\N,"[""rosario dalvy""]",\N,\N,\N,\N,\N,\N
064ny,"Agnos, Zach",RP,COL,\N,"[""agnos zach""]",\N,\N,\N,\N,\N,\N
064nx,"ORae, Dylan",2B,MIL,\N,"[""orae dylan""]",\N,\N,\N,\N,\N,\N
077qy,"Alwood, Luke",RP,CHC,\N,"[""alwood luke""]",\N,\N,\N,\N,\N,\N
077qz,"Jimenez, Jorsixt",CF,NYY,\N,"[""jimenez jorsixt""]",\N,\N,\N,\N,\N,\N
064nz,"Ortega, Jorel",2B,MIN,\N,"[""ortega jorel""]",\N,\N,\N,\N,\N,\N
077qw,"Revay, Carson",RP,BOS,\N,"[""revay carson""]",\N,\N,\N,\N,\N,\N
077s9,"North, Ben",SS,KC,\N,"[""north ben""]",\N,\N,\N,\N,\N,\N
064nu,"Rodriguez, Adrian",SS,ARI,\N,[],\N,\N,\N,\N,\N,\N
064p7,"Basora, Andy",RP,KC,\N,"[""basora andy""]",\N,\N,\N,\N,\N,\N
077qx,"Tryba, Cole",RP,CHC,\N,"[""tryba cole""]",\N,\N,\N,\N,\N,\N
051m5,"Acevedo, Stiven",RF,(N/A),\N,"[""acevedo stiven""]",\N,\N,\N,\N,\N,\N
064nt,"Bonds, Bo",RP,(N/A),\N,"[""bonds bo""]",\N,\N,\N,\N,\N,\N
06626,"Duno, Alfredo",C,CIN,\N,"[""duno alfredo""]",\N,\N,\N,\N,\N,\N
077qu,"Marionneaux, Dylan",SP,CHC,\N,"[""marionneaux dylan""]",\N,\N,\N,\N,\N,\N
077s7,"Toomey, Jack",RF,NYM,\N,"[""toomey jack""]",\N,\N,\N,\N,\N,\N
077s8,"Colarusso, AJ",SP,NYM,\N,"[""colarusso aj""]",\N,\N,\N,\N,\N,\N
077qv,"Moore, Bryson",SP,PIT,\N,"[""moore bryson""]",\N,\N,\N,\N,\N,\N
064nv,"Hoppe, Alex",RP,BAL,\N,"[""hoppe alex""]",\N,\N,\N,\N,\N,\N
077s5,"Stallman, Reed",1B,NYM,\N,"[""stallman reed""]",\N,\N,\N,\N,\N,\N
077qs,"Calderon, Luis",SP,BOS,\N,"[""calderon luis""]",\N,\N,\N,\N,\N,\N
064nq,"Geronimo, Domingo",RP,(N/A),\N,"[""geronimo domingo""]",\N,\N,\N,\N,\N,\N
077s6,"Ogden, Jake",SS,NYM,\N,"[""ogden jake""]",\N,\N,\N,\N,\N,\N
077qt,"LaFavor, Kaleb",SP,BOS,\N,"[""lafavor kaleb""]",\N,\N,\N,\N,\N,\N
0793t,"Lin, Chang Tzu-Chun",SP,MIL,\N,"[""lin chang tzu chun""]",\N,\N,\N,\N,\N,\N
064np,"Cleveland, Tyler",RP,SEA,\N,"[""cleveland tyler""]",\N,\N,\N,\N,\N,\N
077qq,"Morrison, Evan",SS,TEX,\N,"[""morrison evan""]",\N,\N,\N,\N,\N,\N
077s3,"Melendez, Danny",SS,NYM,\N,"[""melendez danny""]",\N,\N,\N,\N,\N,\N
064p5,"Perez, Manuel",SP,(N/A),\N,"[""perez manuel""]",\N,\N,\N,\N,\N,\N
06xv4,"Ardines, Adrian",RP,HOU,\N,"[""ardines adrian""]",\N,\N,\N,\N,\N,\N
064ns,"Perez, Alfonso",RP,SF,\N,"[""perez alfonso""]",\N,\N,\N,\N,\N,\N
06625,"Vargas, Joendry",SS,LAD,\N,"[""vargas joendry""]",\N,\N,\N,\N,\N,\N
077qr,"Webster, Jacob",SS,BOS,\N,"[""webster jacob""]",\N,\N,\N,\N,\N,\N
077s4,"Cleveland, Jackson",RP,KC,\N,"[""cleveland jackson""]",\N,\N,\N,\N,\N,\N
064p4,"Corro, Derek",RP,(N/A),\N,"[""corro derek""]",\N,\N,\N,\N,\N,\N
06xv5,"Acosta, Cesar",C,NYM,\N,[],\N,\N,\N,\N,\N,\N
077qo,"Davenport, Lucas",SP,BOS,\N,"[""davenport lucas""]",\N,\N,\N,\N,\N,\N
064nm,"Deese, Jaycob",RP,PIT,\N,"[""deese jaycob""]",\N,\N,\N,\N,\N,\N
077s2,"Dierdorf, Carter",1B,NYM,\N,"[""dierdorf carter""]",\N,\N,\N,\N,\N,\N
077qp,"Gibson, Michael",RP,PIT,\N,"[""gibson michael""]",\N,\N,\N,\N,\N,\N
064nl,"Nevin, Kyle",3B,LAD,\N,"[""nevin kyle""]",\N,\N,\N,\N,\N,\N
077qm,"Hull, Owen",CF,BOS,\N,"[""hull owen""]",\N,\N,\N,\N,\N,\N
064no,"Miles, Spencer",SP,TOR,\N,"[""miles spencer""]",\N,\N,\N,\N,\N,\N
064p1,"Chirinos, Kendry",1B,TOR,\N,"[""chirinos kendry""]",\N,\N,\N,\N,\N,\N
077qn,"Turner, Jack",SP,DET,\N,"[""turner jack""]",\N,\N,\N,\N,\N,\N
064nn,"Biddison, Nick",3B,PHI,\N,"[""biddison nick""]",\N,\N,\N,\N,\N,\N
064p0,"Gomez, Raudy",SP,(N/A),\N,"[""gomez raudy""]",\N,\N,\N,\N,\N,\N
077qk,"Lei, Mason",SP,BOS,\N,"[""lei mason""]",\N,\N,\N,\N,\N,\N
064ni,"Showalter, Zack",RP,(N/A),\N,"[""showalter zack""]",\N,\N,\N,\N,\N,\N
077ql,"Volmerding, Josh",SP,BOS,\N,"[""volmerding josh""]",\N,\N,\N,\N,\N,\N
064nh,"Daniel, Omari",RP,MIN,\N,"[""daniel omari""]",\N,\N,\N,\N,\N,\N
077qi,"Overbay, Alex",RP,PIT,\N,"[""overbay alex""]",\N,\N,\N,\N,\N,\N
064nk,"Saul, Eli",RP,(N/A),\N,"[""saul eli""]",\N,\N,\N,\N,\N,\N
077qj,"Kramkowski, Owen",SP,TB,\N,"[""kramkowski owen""]",\N,\N,\N,\N,\N,\N
064nj,"Perez, Nico",2B,LAD,\N,"[""perez nico""]",\N,\N,\N,\N,\N,\N
077qg,"Coates, Colton",SS,BOS,\N,"[""coates colton""]",\N,\N,\N,\N,\N,\N
064ne,"Huff, Chance",RP,WSH,\N,"[""huff chance""]",\N,\N,\N,\N,\N,\N
077qh,"Butler, Tazwell",RP,HOU,\N,"[""butler tazwell""]",\N,\N,\N,\N,\N,\N
064nd,"Lipscomb Jr., Guy",CF,(N/A),\N,"[""lipscomb jr guy""]",\N,\N,\N,\N,\N,\N
077qe,"Halvorson, Wyatt",RP,LAD,\N,"[""halvorson wyatt""]",\N,\N,\N,\N,\N,\N
04an8,"Perez, Wenceel",RF,DET,\N,"[""perez wenceel""]",\N,\N,\N,\N,\N,\N
077qf,"Fay, Tyler",SP,PIT,\N,"[""fay tyler""]",\N,\N,\N,\N,\N,\N
064nf,"Boyd, Emaarion",CF,MIA,\N,"[""boyd emaarion""]",\N,\N,\N,\N,\N,\N
077qc,"Nelson, Ryan",RP,CIN,\N,"[""nelson ryan""]",\N,\N,\N,\N,\N,\N
04alp,"Clement, Ernie",3B,TOR,\N,"[""clement ernie""]",\N,\N,\N,\N,\N,\N
077qd,"Krieger, Jason",SP,NYY,\N,"[""krieger jason""]",\N,\N,\N,\N,\N,\N
064nc,"Johnson, Dom",LF,(N/A),\N,"[""johnson dom""]",\N,\N,\N,\N,\N,\N
04alq,"Smith, Pavin",1B,ARI,\N,"[""smith pavin""]",\N,\N,\N,\N,\N,\N
051jv,"Angeles, Euribiel",2B,ATH,\N,"[""angeles euribiel""]",\N,\N,\N,\N,\N,\N
064o9,"Henriquez, Yonatan",CF,NYM,\N,"[""henriquez yonatan""]",\N,\N,\N,\N,\N,\N
06z5y,"Barrios, Nicolas",LF,MIL,\N,"[""barrios nicolas""]",\N,\N,\N,\N,\N,\N
04ali,"Cabrera, Edward",SP,CHC,\N,"[""cabrera edward""]",\N,\N,\N,\N,\N,\N
06z5z,"Drullard, Jorge",2B,BAL,\N,"[""drullard jorge""]",\N,\N,\N,\N,\N,\N
077r8,"Evangelista, Jase",RP,BOS,\N,"[""evangelista jase""]",\N,\N,\N,\N,\N,\N
064o6,"Gill Hill, Gary",SP,NYM,\N,"[""gill hill gary""]",\N,\N,\N,\N,\N,\N
06z5w,"Mata, Richer",1B,KC,\N,"[""mata richer""]",\N,\N,\N,\N,\N,\N
077r9,"Pruitt, Ryan",CF,HOU,\N,"[""pruitt ryan""]",\N,\N,\N,\N,\N,\N
03ojr,"Guerrero Jr., Vladimir",1B,TOR,\N,"[""guerrero jr vladimir""]",\N,\N,\N,\N,\N,\N
06615,"Hartwig, Grant",SP,MIN,\N,"[""hartwig grant""]",\N,\N,\N,\N,\N,\N
06z5x,"Martinez, Carlos",C,MIA,\N,[],\N,\N,\N,\N,\N,\N
077r6,"Gonzalez, Steven",SP,TB,\N,"[""gonzalez steven""]",\N,\N,\N,\N,\N,\N
077r7,"Piasecki, Aaron",SS,HOU,\N,"[""piasecki aaron""]",\N,\N,\N,\N,\N,\N
0792r,"Fernandez, Edwing",P,CLE,\N,"[""fernandez edwing""]",\N,\N,\N,\N,\N,\N
077r4,"Aoki, Caden",SP,TEX,\N,"[""aoki caden""]",\N,\N,\N,\N,\N,\N
064o2,"Romero Jr., Maxwell",C,WSH,\N,"[""romero jr maxwell""]",\N,\N,\N,\N,\N,\N
077r5,"Van Kempen, Gavin",SP,LAD,\N,"[""van kempen gavin""]",\N,\N,\N,\N,\N,\N
051jn,"Simas, Karson",2B,CHC,\N,"[""simas karson""]",\N,\N,\N,\N,\N,\N
064o1,"Cumbest, Brad",LF,(N/A),\N,"[""cumbest brad""]",\N,\N,\N,\N,\N,\N
051jq,"Osmond, Bryce",SP,LAA,\N,"[""osmond bryce""]",\N,\N,\N,\N,\N,\N
077r2,"Toigo, Dean",RF,NYY,\N,"[""toigo dean""]",\N,\N,\N,\N,\N,\N
0792p,"Goncalves, Carlos",C,CIN,\N,"[""goncalves carlos""]",\N,\N,\N,\N,\N,\N
064o4,"Crisantes, Demetrio",2B,ARI,\N,"[""crisantes demetrio""]",\N,\N,\N,\N,\N,\N
077r3,"Bell, Devin",RP,LAD,\N,"[""bell devin""]",\N,\N,\N,\N,\N,\N
0792q,"Burgos, Daniel",RP,CIN,\N,"[""burgos daniel""]",\N,\N,\N,\N,\N,\N
064o3,"Guilfoil, Tyler",RP,(N/A),\N,"[""guilfoil tyler""]",\N,\N,\N,\N,\N,\N
077r0,"Kranzler, Alex",RP,BOS,\N,"[""kranzler alex""]",\N,\N,\N,\N,\N,\N
0792n,"Suarez, Jose",C,CHW,\N,[],\N,\N,\N,\N,\N,\N
06z5o,"Bastidas, Abraham",2B,SD,\N,"[""bastidas abraham""]",\N,\N,\N,\N,\N,\N
0792o,"Timaure, Jefferson",RP,CHW,\N,"[""timaure jefferson""]",\N,\N,\N,\N,\N,\N
077r1,"Carney, Bryan",SP,HOU,\N,"[""carney bryan""]",\N,\N,\N,\N,\N,\N
077pl,"Natili, Jack",C,COL,\N,"[""natili jack""]",\N,\N,\N,\N,\N,\N
0792l,"Bruce, Wilneyker",3B,BOS,\N,"[""bruce wilneyker""]",\N,\N,\N,\N,\N,\N
064o0,"Smeltz, Jackson",RP,SD,\N,"[""smeltz jackson""]",\N,\N,\N,\N,\N,\N
06z5m,"Lopez, Juan",RP,WSH,\N,"[""lopez juan""]",\N,\N,\N,\N,\N,\N
0792m,"Gonzalez, Anderson",SS,BOS,\N,"[""gonzalez anderson""]",\N,\N,\N,\N,\N,\N
06z5n,"Pena, Joan",SP,MIL,\N,"[""pena joan""]",\N,\N,\N,\N,\N,\N
0792j,"Serva, Jose",SP,CHC,\N,"[""serva jose""]",\N,\N,\N,\N,\N,\N
051jg,"McFarlane, Alex",SP,PHI,\N,"[""mcfarlane alex""]",\N,\N,\N,\N,\N,\N
06z5k,"Rodriguez, Maximo",RP,SEA,\N,"[""rodriguez maximo""]",\N,\N,\N,\N,\N,\N
0792k,"Abreu, Jeferson",C,MIN,\N,"[""abreu jeferson""]",\N,\N,\N,\N,\N,\N
077pk,"Moffett, Aiden",RP,ATH,\N,"[""moffett aiden""]",\N,\N,\N,\N,\N,\N
06z5l,"Duran, Steven",SP,MIL,\N,"[""duran steven""]",\N,\N,\N,\N,\N,\N
0792h,"Smith, Miles",P,WSH,\N,"[""smith miles""]",\N,\N,\N,\N,\N,\N
077ph,"Cutshall, William",SS,NYY,\N,"[""cutshall william""]",\N,\N,\N,\N,\N,\N
06z5i,"Rivero, Roy",2B,KC,\N,"[""rivero roy""]",\N,\N,\N,\N,\N,\N
0792i,"Kennedy, Ashton",P,PIT,\N,"[""kennedy ashton""]",\N,\N,\N,\N,\N,\N
06z5j,"Garcia, Alexander",SP,CLE,\N,"[""garcia alexander""]",\N,\N,\N,\N,\N,\N
077pf,"Lausch, Jack",CF,CIN,\N,"[""lausch jack""]",\N,\N,\N,\N,\N,\N
0792f,"Papenbrock, Tyler",P,WSH,\N,"[""papenbrock tyler""]",\N,\N,\N,\N,\N,\N
0792g,"Roemer, Bennett",SP,WSH,\N,"[""roemer bennett""]",\N,\N,\N,\N,\N,\N
051jb,"Charles, Joe",P,(N/A),\N,"[""charles joe""]",\N,\N,\N,\N,\N,\N
077pg,"Purcell, Brodie",RP,CIN,\N,"[""purcell brodie""]",\N,\N,\N,\N,\N,\N
06z5h,"De La Cruz, Wanderly",CF,CIN,\N,"[""de la cruz wanderly""]",\N,\N,\N,\N,\N,\N
077pd,"Christal, Victor",SP,CIN,\N,"[""christal victor""]",\N,\N,\N,\N,\N,\N
0792d,"Moore, Trevor",RP,WSH,\N,"[""moore trevor""]",\N,\N,\N,\N,\N,\N
077pe,"Horn, Tyner",SP,CIN,\N,"[""horn tyner""]",\N,\N,\N,\N,\N,\N
0792e,"Neubeck, Tony",SP,WSH,\N,"[""neubeck tony""]",\N,\N,\N,\N,\N,\N
0792b,"Caughey, Ciaran",P,(N/A),\N,"[""caughey ciaran""]",\N,\N,\N,\N,\N,\N
05upb,"Meeker, James",RP,(N/A),\N,"[""meeker james""]",\N,\N,\N,\N,\N,\N
06z5c,"Payro, Emilio",SP,HOU,\N,"[""payro emilio""]",\N,\N,\N,\N,\N,\N
0792c,"Kantola, Kaleb",RP,WSH,\N,"[""kantola kaleb""]",\N,\N,\N,\N,\N,\N
06z5d,"Rijo, Leonard",SS,MIL,\N,"[""rijo leonard""]",\N,\N,\N,\N,\N,\N
04am3,"Soto, Livan",SS,(N/A),\N,"[""soto livan""]",\N,\N,\N,\N,\N,\N
06z5a,"Ulacio, Krishan",RF,BOS,\N,"[""ulacio krishan""]",\N,\N,\N,\N,\N,\N
0792a,"Webb, Joseph",P,(N/A),\N,"[""webb joseph""]",\N,\N,\N,\N,\N,\N
06z5b,"Maiz, Cesar",SP,CIN,\N,"[""maiz cesar""]",\N,\N,\N,\N,\N,\N
06z9c,"Hynes, Will",SP,CLE,\N,"[""hynes will""]",\N,\N,\N,\N,\N,\N
06xwc,"Santana, Yoander",3B,PIT,\N,"[""santana yoander""]",\N,\N,\N,\N,\N,\N
06z9d,"West, Aidan",SS,LAD,\N,"[""west aidan""]",\N,\N,\N,\N,\N,\N
04aoq,"Foley, Jason",RP,SF,\N,"[""foley jason""]",\N,\N,\N,\N,\N,\N
06z9a,"Cairone, Frank",SP,MIL,\N,"[""cairone frank""]",\N,\N,\N,\N,\N,\N
064qb,"Gonzalez, Danny",LF,(N/A),\N,"[""gonzalez danny""]",\N,\N,\N,\N,\N,\N
064qa,"Perez, Marlon",RP,(N/A),\N,"[""perez marlon""]",\N,\N,\N,\N,\N,\N
06xwb,"Oliveto, Michael",C,DET,\N,"[""oliveto michael""]",\N,\N,\N,\N,\N,\N
04aok,"Soto, Gregory",RP,PIT,\N,"[""soto gregory""]",\N,\N,\N,\N,\N,\N
06gun,"Sthele, Travis",SP,WSH,\N,"[""sthele travis""]",\N,\N,\N,\N,\N,\N
06gul,"Grosz, Josh",SP,ARI,\N,"[""grosz josh""]",\N,\N,\N,\N,\N,\N
06gum,"Hettiger, Kehden",C,PHI,\N,"[""hettiger kehden""]",\N,\N,\N,\N,\N,\N
06guj,"Grady, Jace",CF,(N/A),\N,"[""grady jace""]",\N,\N,\N,\N,\N,\N
06649,"Nordmann, Trey",RP,BAL,\N,"[""nordmann trey""]",\N,\N,\N,\N,\N,\N
0662w,"McDaniel, Drew",SP,CHW,\N,"[""mcdaniel drew""]",\N,\N,\N,\N,\N,\N
06guk,"Hobbs, Carson",RP,LAD,\N,"[""hobbs carson""]",\N,\N,\N,\N,\N,\N
0662v,"Nakawake, Taishi",3B,(N/A),\N,"[""nakawake taishi""]",\N,\N,\N,\N,\N,\N
06guh,"Garcia, Brandyn",RP,ARI,\N,"[""garcia brandyn""]",\N,\N,\N,\N,\N,\N
06gui,"Tincher, Johnny",C,(N/A),\N,"[""tincher johnny""]",\N,\N,\N,\N,\N,\N
0662x,"McCullough, Connor",SP,CHW,\N,"[""mccullough connor""]",\N,\N,\N,\N,\N,\N
064r5,"Yuten, Natanael",RF,BOS,\N,"[""yuten natanael""]",\N,\N,\N,\N,\N,\N
0662s,"Scolaro, Jonah",SP,(N/A),\N,"[""scolaro jonah""]",\N,\N,\N,\N,\N,\N
0662u,"Palisch, Jake",SP,CHW,\N,"[""palisch jake""]",\N,\N,\N,\N,\N,\N
06647,"Beutel, Ben",SP,(N/A),\N,"[""beutel ben""]",\N,\N,\N,\N,\N,\N
04aod,"Rivero, Sebastian",C,LAA,\N,"[""rivero sebastian""]",\N,\N,\N,\N,\N,\N
064r6,"Andrade, Bryan",3B,ATH,\N,"[""andrade bryan""]",\N,\N,\N,\N,\N,\N
0662o,"Walcott, Sebastian",DH,TEX,\N,"[""walcott sebastian""]",\N,\N,\N,\N,\N,\N
0662n,"Valdez, Derniche",CF,CHC,\N,"[""valdez derniche""]",\N,\N,\N,\N,\N,\N
04t40,"Bello, Brayan",SP,BOS,\N,"[""bello brayan""]",\N,\N,\N,\N,\N,\N
0662p,"Shim, Jun-Seok",RP,NYM,\N,"[""shim jun seok""]",\N,\N,\N,\N,\N,\N
0662k,"Pineda, Jack",SS,KC,\N,"[""pineda jack""]",\N,\N,\N,\N,\N,\N
0662m,"Morales, Luis",SP,ATH,\N,"[""morales luis""]",\N,\N,\N,\N,\N,\N
04c0v,"Ruiz, Agustin",CF,(N/A),\N,"[""ruiz agustin""]",\N,\N,\N,\N,\N,\N
04c0s,"Acosta, Daison",RP,SD,\N,"[""acosta daison""]",\N,\N,\N,\N,\N,\N
077sa,"Carey, Dylan",SS,NYM,\N,"[""carey dylan""]",\N,\N,\N,\N,\N,\N
077sb,"Nati, Jimmy",3B,KC,\N,"[""nati jimmy""]",\N,\N,\N,\N,\N,\N
04c0o,"Soriano, Jose",SP,TOR,\N,"[""soriano jose""]",\N,\N,\N,\N,\N,\N
064oz,"Gonzalez, Edwin",SP,(N/A),\N,"[""gonzalez edwin""]",\N,\N,\N,\N,\N,\N
064oy,"Noria, Franyer",3B,(N/A),\N,"[""noria franyer""]",\N,\N,\N,\N,\N,\N
077rz,"Calzadiaz, Kyle",RP,PIT,\N,"[""calzadiaz kyle""]",\N,\N,\N,\N,\N,\N
077rx,"Brock, Brendan",C,NYY,\N,"[""brock brendan""]",\N,\N,\N,\N,\N,\N
064ov,"Carela, Leny",2B,(N/A),\N,"[""carela leny""]",\N,\N,\N,\N,\N,\N
077ry,"Cooney, Ryan",2B,TOR,\N,"[""cooney ryan""]",\N,\N,\N,\N,\N,\N
064ou,"Neymour, Cherif",SS,(N/A),\N,"[""neymour cherif""]",\N,\N,\N,\N,\N,\N
077rv,"Montesa, Dawson",SP,STL,\N,"[""montesa dawson""]",\N,\N,\N,\N,\N,\N
04anh,"Feigl, Brady",RP,(N/A),\N,"[""feigl brady""]",\N,\N,\N,\N,\N,\N
064ox,"Perez, Doilin",SP,(N/A),\N,"[""perez doilin""]",\N,\N,\N,\N,\N,\N
077rw,"Ferraro, Caden",1B,STL,\N,"[""ferraro caden""]",\N,\N,\N,\N,\N,\N
064q9,"Rosa, Pitterson",RP,PIT,\N,"[""rosa pitterson""]",\N,\N,\N,\N,\N,\N
077rt,"Dempsey, Evan",SP,DET,\N,"[""dempsey evan""]",\N,\N,\N,\N,\N,\N
064or,"Bruzual, Daniel",C,(N/A),\N,"[""bruzual daniel""]",\N,\N,\N,\N,\N,\N
077ru,"Peterson, Ryan",SP,MIA,\N,"[""peterson ryan""]",\N,\N,\N,\N,\N,\N
04ana,"Fernandez, Julian",RP,(N/A),\N,"[""fernandez julian""]",\N,\N,\N,\N,\N,\N
064os,"Jimenez, Manolfi",LF,PHI,\N,"[""jimenez manolfi""]",\N,\N,\N,\N,\N,\N
06z7q,"Hodge, Landon",C,CHW,\N,"[""hodge landon""]",\N,\N,\N,\N,\N,\N
0794q,"Teran, Gabriel",C,SD,\N,"[""teran gabriel""]",\N,\N,\N,\N,\N,\N
06z7r,"Millar, Cameron",SP,KC,\N,"[""millar cameron""]",\N,\N,\N,\N,\N,\N
06z7o,"Faurot, Drew",2B,MIA,\N,"[""faurot drew""]",\N,\N,\N,\N,\N,\N
06z7p,"Kelly, Riley",SP,COL,\N,"[""kelly riley""]",\N,\N,\N,\N,\N,\N
0794l,"Muniz, Charlie",C,SF,\N,"[""muniz charlie""]",\N,\N,\N,\N,\N,\N
06z7m,"Reitz, Jason",SP,MIN,\N,"[""reitz jason""]",\N,\N,\N,\N,\N,\N
06z7n,"McConnaughey, Mason",SP,TEX,\N,"[""mcconnaughey mason""]",\N,\N,\N,\N,\N,\N
064oi,"Hidalgo, Kelvin",SS,COL,\N,"[""hidalgo kelvin""]",\N,\N,\N,\N,\N,\N
06z7k,"Flores, Joshua",SP,MIL,\N,"[""flores joshua""]",\N,\N,\N,\N,\N,\N
064ok,"Hernandez, Diego",SP,(N/A),\N,[],\N,\N,\N,\N,\N,\N
06z7l,"Crossland, Cade",SP,STL,\N,"[""crossland cade""]",\N,\N,\N,\N,\N,\N
064of,"Casilla, Luichi",SP,COL,\N,"[""casilla luichi""]",\N,\N,\N,\N,\N,\N
06z7i,"Piasentin, Tim",3B,TOR,\N,"[""piasentin tim""]",\N,\N,\N,\N,\N,\N
064oe,"Valdez, Yoan",RP,DET,\N,"[""valdez yoan""]",\N,\N,\N,\N,\N,\N
06z7j,"Leys, Caleb",SP,DET,\N,"[""leys caleb""]",\N,\N,\N,\N,\N,\N
064og,"Montilla, Franyerber",SS,DET,\N,"[""montilla franyerber""]",\N,\N,\N,\N,\N,\N
077rd,"Bilka, Ryan",RP,CLE,\N,"[""bilka ryan""]",\N,\N,\N,\N,\N,\N
06gu6,"Dipoto, Jonah",RP,(N/A),\N,"[""dipoto jonah""]",\N,\N,\N,\N,\N,\N
064oa,"Aguiar, Roinny",2B,(N/A),\N,"[""aguiar roinny""]",\N,\N,\N,\N,\N,\N
077rb,"Adetuyi, Kide",SP,BOS,\N,"[""adetuyi kide""]",\N,\N,\N,\N,\N,\N
064od,"Chang, Hung-Leng",SP,PIT,\N,"[""chang hung leng""]",\N,\N,\N,\N,\N,\N
077rc,"Pesca, Mario",SP,CLE,\N,"[""pesca mario""]",\N,\N,\N,\N,\N,\N
064oc,"De La Cruz, Yuliangel",RP,LAD,\N,"[""de la cruz yuliangel""]",\N,\N,\N,\N,\N,\N
06zf1,"Meggers, Chase",C,NYM,\N,"[""meggers chase""]",\N,\N,\N,\N,\N,\N
02mwj,"Haniger, Mitch",RF,(N/A),\N,"[""haniger mitch""]",\N,\N,\N,\N,\N,\N
02mwk,"Berrios, Jose",SP,TOR,\N,"[""berrios jose""]",\N,\N,\N,\N,\N,\N
06iby,"Franco, Branneli",RP,STL,\N,"[""franco branneli""]",\N,\N,\N,\N,\N,\N
02mwd,"Blackburn, Paul",RP,NYY,\N,"[""blackburn paul""]",\N,\N,\N,\N,\N,\N
06zdj,"Episcope, Sean",SP,MIL,\N,"[""episcope sean""]",\N,\N,\N,\N,\N,\N
06zdk,"Cuthbertson, Hayden",RP,MIA,\N,"[""cuthbertson hayden""]",\N,\N,\N,\N,\N,\N
06ibw,"Feliz, Angel",SS,WSH,\N,"[""feliz angel""]",\N,\N,\N,\N,\N,\N
06zdh,"Cassedy, Brandon",SP,HOU,\N,"[""cassedy brandon""]",\N,\N,\N,\N,\N,\N
06ibx,"Rivera, Belfi",CF,ARI,\N,"[""rivera belfi""]",\N,\N,\N,\N,\N,\N
02mwg,"Winker, Jesse",LF,(N/A),\N,"[""winker jesse""]",\N,\N,\N,\N,\N,\N
06zdi,"Carlson, Parker",RP,NYM,\N,"[""carlson parker""]",\N,\N,\N,\N,\N,\N
06ibu,"Cova, Luis",CF,MIA,\N,"[""cova luis""]",\N,\N,\N,\N,\N,\N
06id7,"Arias, Frankeli",RP,CHW,\N,"[""arias frankeli""]",\N,\N,\N,\N,\N,\N
06ibv,"Made, Jesus",SS,MIL,\N,"[""made jesus""]",\N,\N,\N,\N,\N,\N
06zdg,"Collins, Jack",C,TEX,\N,"[""collins jack""]",\N,\N,\N,\N,\N,\N
06ibs,"Pineda, Leonardo",CF,TB,\N,"[""pineda leonardo""]",\N,\N,\N,\N,\N,\N
06ibt,"Arias, Jalvin",LF,PHI,\N,"[""arias jalvin""]",\N,\N,\N,\N,\N,\N
06ibq,"Ricardo, Yandel",SS,KC,\N,"[""ricardo yandel""]",\N,\N,\N,\N,\N,\N
06id3,"Campbell, Kayden",RP,(N/A),\N,"[""campbell kayden""]",\N,\N,\N,\N,\N,\N
06ibr,"Andujar, Ashly",SS,COL,\N,"[""andujar ashly""]",\N,\N,\N,\N,\N,\N
06id1,"Bender, Derek",1B,(N/A),\N,"[""bender derek""]",\N,\N,\N,\N,\N,\N
06ibo,"Morales, Emil",SS,LAD,\N,"[""morales emil""]",\N,\N,\N,\N,\N,\N
06ibp,"Vilorio, Francisco",CF,NYY,\N,"[""vilorio francisco""]",\N,\N,\N,\N,\N,\N
06ibm,"Quintana, Jorge",SS,SD,\N,"[""quintana jorge""]",\N,\N,\N,\N,\N,\N
06id0,"Obermueller, Cade",SP,PHI,\N,"[""obermueller cade""]",\N,\N,\N,\N,\N,\N
06ibn,"Arias, Robert",CF,CLE,\N,"[""arias robert""]",\N,\N,\N,\N,\N,\N
06ibl,"Romero, Leandro",SS,SEA,\N,"[""romero leandro""]",\N,\N,\N,\N,\N,\N
06ibi,"Lomavita, Caleb",C,WSH,\N,"[""lomavita caleb""]",\N,\N,\N,\N,\N,\N
06zcy,"Bay, John",RF,NYM,\N,"[""bay john""]",\N,\N,\N,\N,\N,\N
02mx5,"Stankiewicz, Teddy",P,(N/A),\N,"[""stankiewicz teddy""]",\N,\N,\N,\N,\N,\N
06ibj,"Feliz, Adbiel",SS,PIT,\N,"[""feliz adbiel""]",\N,\N,\N,\N,\N,\N
06zcz,"Gray, CJ",SP,LAA,\N,"[""gray cj""]",\N,\N,\N,\N,\N,\N
06ibg,"Mukunoki, Ren",SP,(N/A),\N,"[""mukunoki ren""]",\N,\N,\N,\N,\N,\N
06zcw,"Barreras, Emilio",3B,MIA,\N,"[""barreras emilio""]",\N,\N,\N,\N,\N,\N
06ibh,"Kim, Seo Hyeon",RP,(N/A),\N,"[""kim seo hyeon""]",\N,\N,\N,\N,\N,\N
06zcx,"Brooks, Daniel",SP,ATL,\N,"[""brooks daniel""]",\N,\N,\N,\N,\N,\N
06ibe,"Jung, Woo Young",RP,(N/A),\N,"[""jung woo young""]",\N,\N,\N,\N,\N,\N
06zcu,"Cardenas, Xavier",RP,MIA,\N,"[""cardenas xavier""]",\N,\N,\N,\N,\N,\N
06zcv,"Camarillo, Frank",RP,NYM,\N,"[""camarillo frank""]",\N,\N,\N,\N,\N,\N
02mx2,"Taylor, Tyrone",CF,CHC,\N,"[""taylor tyrone""]",\N,\N,\N,\N,\N,\N
06zcs,"Frye, Bradley",3B,SD,\N,"[""frye bradley""]",\N,\N,\N,\N,\N,\N
06ibd,"Lee, Eui Lee",SP,(N/A),\N,"[""lee eui lee""]",\N,\N,\N,\N,\N,\N
02mx4,"Chargois, J.T.",RP,(N/A),\N,"[""chargois j t""]",\N,\N,\N,\N,\N,\N
06zct,"Batka, Keegan",SP,PHI,\N,"[""batka keegan""]",\N,\N,\N,\N,\N,\N
05wb2,"Koperniak, Matt",RF,(N/A),\N,"[""koperniak matt""]",\N,\N,\N,\N,\N,\N
06iba,"Kim, Ju Won",SS,(N/A),\N,"[""kim ju won""]",\N,\N,\N,\N,\N,\N
06zcq,"Peters, Treyson",RP,PIT,\N,"[""peters treyson""]",\N,\N,\N,\N,\N,\N
06ibb,"Moon, Dong Ju",SP,(N/A),\N,"[""moon dong ju""]",\N,\N,\N,\N,\N,\N
06zcr,"Kniebbe, Todd",RP,BAL,\N,"[""kniebbe todd""]",\N,\N,\N,\N,\N,\N
06zco,"Volini, Joey",RP,MIA,\N,"[""volini joey""]",\N,\N,\N,\N,\N,\N
06zcp,"Phillips, Trace",SP,TB,\N,"[""phillips trace""]",\N,\N,\N,\N,\N,\N
06iaz,"Navarro, Ruddy",SP,SEA,\N,"[""navarro ruddy""]",\N,\N,\N,\N,\N,\N
06zck,"Perry, Tanner",SP,MIL,\N,"[""perry tanner""]",\N,\N,\N,\N,\N,\N
06zcl,"Owens, Braylon",SP,MIL,\N,"[""owens braylon""]",\N,\N,\N,\N,\N,\N
06zci,"Hickson, Davion",SP,LAD,\N,"[""hickson davion""]",\N,\N,\N,\N,\N,\N
06zcj,"Niksch, Peyton",SP,MIL,\N,"[""niksch peyton""]",\N,\N,\N,\N,\N,\N
06ic8,"Pujols, Oscar",RP,COL,\N,"[""pujols oscar""]",\N,\N,\N,\N,\N,\N
06zcg,"Aroz, Anson",LF,LAD,\N,"[""aroz anson""]",\N,\N,\N,\N,\N,\N
06ic9,"Sanchez, Yohendry",C,SF,\N,"[""sanchez yohendry""]",\N,\N,\N,\N,\N,\N
06zch,"Conrad, Thomas",SP,MIL,\N,"[""conrad thomas""]",\N,\N,\N,\N,\N,\N
06ic6,"Asencio, Vladimir",LF,(N/A),\N,"[""asencio vladimir""]",\N,\N,\N,\N,\N,\N
06ic7,"Arias, Andres",LF,TOR,\N,"[""arias andres""]",\N,\N,\N,\N,\N,\N
06zcf,"Bonet, Jarrette",RP,MIL,\N,"[""bonet jarrette""]",\N,\N,\N,\N,\N,\N
06ic4,"Rivas, Yensi",3B,(N/A),\N,"[""rivas yensi""]",\N,\N,\N,\N,\N,\N
06ic5,"Guzman, Angel",2B,TOR,\N,[],\N,\N,\N,\N,\N,\N
06ic2,"Martha, Curley",2B,TEX,\N,"[""martha curley""]",\N,\N,\N,\N,\N,\N
06ic3,"Sanchez, Emilio",SS,BAL,\N,"[""sanchez emilio""]",\N,\N,\N,\N,\N,\N
06ic0,"Rojas, Franklin",C,TOR,\N,"[""rojas franklin""]",\N,\N,\N,\N,\N,\N
06ian,"Klein, John",RP,TOR,\N,"[""klein john""]",\N,\N,\N,\N,\N,\N
06iao,"Flores, Juan",C,LAA,\N,"[""flores juan""]",\N,\N,\N,\N,\N,\N
02mw6,"Seager, Corey",SS,TEX,\N,"[""seager corey""]",\N,\N,\N,\N,\N,\N
02mw7,"Sims, Lucas",RP,(N/A),\N,"[""sims lucas""]",\N,\N,\N,\N,\N,\N
06iad,"Sanchez, Brian",CF,MIA,\N,"[""sanchez brian""]",\N,\N,\N,\N,\N,\N
02mw1,"Stratton, Chris",RP,(N/A),\N,"[""stratton chris""]",\N,\N,\N,\N,\N,\N
02mw3,"Walker, Christian",1B,HOU,\N,"[""walker christian""]",\N,\N,\N,\N,\N,\N
06zfp,"Harvey, Ty",C,SD,\N,"[""harvey ty""]",\N,\N,\N,\N,\N,\N
06zfq,"Prescott, Peyton",RP,NYM,\N,"[""prescott peyton""]",\N,\N,\N,\N,\N,\N
06zfn,"Lo Re, Jaiden",SS,BAL,\N,"[""lo re jaiden""]",\N,\N,\N,\N,\N,\N
066b1,"Weston, Cameron",SP,NYM,\N,"[""weston cameron""]",\N,\N,\N,\N,\N,\N
06zfo,"Potter, Nick",RP,HOU,\N,"[""potter nick""]",\N,\N,\N,\N,\N,\N
066b0,"Aguilar, Tayler",LF,(N/A),\N,"[""aguilar tayler""]",\N,\N,\N,\N,\N,\N
06zfl,"Wells, Jackson",SP,HOU,\N,"[""wells jackson""]",\N,\N,\N,\N,\N,\N
06zfm,"Pitts, Eli",CF,CIN,\N,"[""pitts eli""]",\N,\N,\N,\N,\N,\N
06idy,"Marrero, Andrew",RP,HOU,\N,"[""marrero andrew""]",\N,\N,\N,\N,\N,\N
06zfj,"Zeigler, Draven",RP,PIT,\N,"[""zeigler draven""]",\N,\N,\N,\N,\N,\N
06idz,"Galindo, Ruben",RP,(N/A),\N,"[""galindo ruben""]",\N,\N,\N,\N,\N,\N
06zfk,"Williams, Jordan",LF,WSH,\N,"[""williams jordan""]",\N,\N,\N,\N,\N,\N
06if9,"Wiggins, Carson",SP,NYM,\N,"[""wiggins carson""]",\N,\N,\N,\N,\N,\N
06zfh,"Taussig, James",RF,CHW,\N,"[""taussig james""]",\N,\N,\N,\N,\N,\N
06idx,"Liriano, Hector",LF,(N/A),\N,"[""liriano hector""]",\N,\N,\N,\N,\N,\N
06zfi,"Saum, Charlie",C,TOR,\N,"[""saum charlie""]",\N,\N,\N,\N,\N,\N
06idu,"Ruiz, Yirber",RF,(N/A),\N,"[""ruiz yirber""]",\N,\N,\N,\N,\N,\N
06if7,"Ruiz, Yoiber",C,(N/A),\N,"[""ruiz yoiber""]",\N,\N,\N,\N,\N,\N
06zff,"Pettorini, Tyler",2B,PHI,\N,"[""pettorini tyler""]",\N,\N,\N,\N,\N,\N
06if8,"Stripling, Landon",1B,(N/A),\N,"[""stripling landon""]",\N,\N,\N,\N,\N,\N
06zfg,"Ure, Ryan",RP,KC,\N,"[""ure ryan""]",\N,\N,\N,\N,\N,\N
06if5,"Peralta, Pedro",SP,PHI,\N,"[""peralta pedro""]",\N,\N,\N,\N,\N,\N
06if6,"Dean, Breyias",3B,MIA,\N,"[""dean breyias""]",\N,\N,\N,\N,\N,\N
06idt,"De Oleo, Branny",3B,NYM,\N,"[""de oleo branny""]",\N,\N,\N,\N,\N,\N
06zfe,"Ronan, Cory",RP,KC,\N,"[""ronan cory""]",\N,\N,\N,\N,\N,\N
06if3,"Hernandez, Juan",3B,DET,\N,"[""hernandez juan""]",\N,\N,\N,\N,\N,\N
06if4,"Cornelia, Jamdrick",RP,(N/A),\N,"[""cornelia jamdrick""]",\N,\N,\N,\N,\N,\N
06if1,"Perez, Enyervert",1B,ARI,\N,"[""perez enyervert""]",\N,\N,\N,\N,\N,\N
06if2,"Dalmagro, Pedro",C,CLE,\N,"[""dalmagro pedro""]",\N,\N,\N,\N,\N,\N
06if0,"Calvo, Jeison",RP,(N/A),\N,"[""calvo jeison""]",\N,\N,\N,\N,\N,\N
06idi,"Escanio, Aneudi",SS,(N/A),\N,"[""escanio aneudi""]",\N,\N,\N,\N,\N,\N
06idg,"Murakami, Shoki",SP,(N/A),\N,"[""murakami shoki""]",\N,\N,\N,\N,\N,\N
066a6,"Nett, Braden",SP,ATH,\N,"[""nett braden""]",\N,\N,\N,\N,\N,\N
06zew,"MacRae, Cole",SP,HOU,\N,"[""macrae cole""]",\N,\N,\N,\N,\N,\N
06idh,"Reyes, Jeremy",SP,ATL,\N,"[""reyes jeremy""]",\N,\N,\N,\N,\N,\N
06zex,"Lytle, Mason",CF,HOU,\N,"[""lytle mason""]",\N,\N,\N,\N,\N,\N
066a5,"Ortiz, Devin",3B,WSH,\N,"[""ortiz devin""]",\N,\N,\N,\N,\N,\N
06zeu,"Humphreys, Nathan",CF,PHI,\N,"[""humphreys nathan""]",\N,\N,\N,\N,\N,\N
066a8,"Morgan, David",RP,SD,\N,"[""morgan david""]",\N,\N,\N,\N,\N,\N
06zev,"Marinaro, Louis",RP,TEX,\N,"[""marinaro louis""]",\N,\N,\N,\N,\N,\N
066a7,"Murphy, Kai",LF,SD,\N,"[""murphy kai""]",\N,\N,\N,\N,\N,\N
06zg5,"Falter, Nick",SP,SD,\N,"[""falter nick""]",\N,\N,\N,\N,\N,\N
06zes,"Latta, Maddox",2B,TOR,\N,"[""latta maddox""]",\N,\N,\N,\N,\N,\N
06zet,"Lancia, Steven",C,CHW,\N,"[""lancia steven""]",\N,\N,\N,\N,\N,\N
066a1,"Higgins, Matt",1B,(N/A),\N,"[""higgins matt""]",\N,\N,\N,\N,\N,\N
05wbp,"Nastrini, Nick",RP,(N/A),\N,"[""nastrini nick""]",\N,\N,\N,\N,\N,\N
06zeq,"Hogart, Jonathan",RF,PHI,\N,"[""hogart jonathan""]",\N,\N,\N,\N,\N,\N
06zg3,"Graeber, Aaron",RF,LAA,\N,"[""graeber aaron""]",\N,\N,\N,\N,\N,\N
02mz1,"Poche, Colin",RP,(N/A),\N,"[""poche colin""]",\N,\N,\N,\N,\N,\N
066a4,"Paplham, Cole",RP,SD,\N,"[""paplham cole""]",\N,\N,\N,\N,\N,\N
05wbq,"Palmegiani, Damiano",1B,(N/A),\N,"[""palmegiani damiano""]",\N,\N,\N,\N,\N,\N
06zer,"Havard, Peyton",RP,PHI,\N,"[""havard peyton""]",\N,\N,\N,\N,\N,\N
066a3,"Valentine, Chase",CF,(N/A),\N,"[""valentine chase""]",\N,\N,\N,\N,\N,\N
06zg4,"Frieda, Colby",RP,WSH,\N,"[""frieda colby""]",\N,\N,\N,\N,\N,\N
06zg1,"Bold, Jake",C,SD,\N,"[""bold jake""]",\N,\N,\N,\N,\N,\N
05wbo,"Escanio, Brenny",SS,(N/A),\N,"[""escanio brenny""]",\N,\N,\N,\N,\N,\N
06zep,"Humphrey, Jacob",CF,COL,\N,"[""humphrey jacob""]",\N,\N,\N,\N,\N,\N
06zg2,"Berry, Caleb",C,(N/A),\N,"[""berry caleb""]",\N,\N,\N,\N,\N,\N
06zem,"Garate, Carter",3B,TEX,\N,"[""garate carter""]",\N,\N,\N,\N,\N,\N
06zen,"Forrester, Brandon",SS,HOU,\N,"[""forrester brandon""]",\N,\N,\N,\N,\N,\N
06zg0,"Dietz, Tyler",RP,SD,\N,"[""dietz tyler""]",\N,\N,\N,\N,\N,\N
06icz,"Johnson, Carter",SS,MIA,\N,"[""johnson carter""]",\N,\N,\N,\N,\N,\N
06zek,"Dollar, Ryan",RP,NYM,\N,"[""dollar ryan""]",\N,\N,\N,\N,\N,\N
02mxf,"Kelly, Carson",C,CHC,\N,"[""kelly carson""]",\N,\N,\N,\N,\N,\N
06zel,"Conradt, Jonah",RP,WSH,\N,"[""conradt jonah""]",\N,\N,\N,\N,\N,\N
06icx,"Bremner, Tyler",SP,LAA,\N,"[""bremner tyler""]",\N,\N,\N,\N,\N,\N
06zei,"Guzman, Randy",1B,NYM,\N,[],\N,\N,\N,\N,\N,\N
06zej,"Eldridge, Will",RP,ATL,\N,"[""eldridge will""]",\N,\N,\N,\N,\N,\N
06ie9,"Sanchez, Jordan",RF,BAL,\N,"[""sanchez jordan""]",\N,\N,\N,\N,\N,\N
06zeh,"Almanzar, Darwin",3B,MIN,\N,"[""almanzar darwin""]",\N,\N,\N,\N,\N,\N
06ie7,"Marte, Sabier",SP,NYY,\N,"[""marte sabier""]",\N,\N,\N,\N,\N,\N
06icu,"Lee, Bennett",C,DET,\N,"[""lee bennett""]",\N,\N,\N,\N,\N,\N
05wbc,"Murphy, Luke",RP,LAA,\N,"[""murphy luke""]",\N,\N,\N,\N,\N,\N
06ics,"Mateo, Carlos",RP,PIT,\N,"[""mateo carlos""]",\N,\N,\N,\N,\N,\N
02mwx,"Underwood Jr., Duane",RP,(N/A),\N,"[""underwood jr duane""]",\N,\N,\N,\N,\N,\N
06icj,"Castillo, Yolfran",SS,TEX,\N,"[""castillo yolfran""]",\N,\N,\N,\N,\N,\N
02mwt,"Wiles, Collin",SP,(N/A),\N,"[""wiles collin""]",\N,\N,\N,\N,\N,\N
06ick,"Ramos, Jose",CF,ATH,\N,[],\N,\N,\N,\N,\N,\N
06ich,"Level, Jhonny",SS,SF,\N,"[""level jhonny""]",\N,\N,\N,\N,\N,\N
02my8,"Alford, Anthony",RF,(N/A),\N,"[""alford anthony""]",\N,\N,\N,\N,\N,\N
06ici,"Miranda, Nestor",DH,DET,\N,"[""miranda nestor""]",\N,\N,\N,\N,\N,\N
06icf,"Mariano, Naibel",SS,CIN,\N,"[""mariano naibel""]",\N,\N,\N,\N,\N,\N
06zf8,"Oyama, Jo",2B,SEA,\N,"[""oyama jo""]",\N,\N,\N,\N,\N,\N
06icg,"Montero, Edgar",SS,ATH,\N,"[""montero edgar""]",\N,\N,\N,\N,\N,\N
06zf9,"Opata, Andrews",CF,BOS,\N,"[""opata andrews""]",\N,\N,\N,\N,\N,\N
02mwq,"Eflin, Zach",SP,BAL,\N,"[""eflin zach""]",\N,\N,\N,\N,\N,\N
05was,"Ibarra, Ruben",1B,CIN,\N,"[""ibarra ruben""]",\N,\N,\N,\N,\N,\N
06zf6,"Melendez, Adiel",SP,ATL,\N,"[""melendez adiel""]",\N,\N,\N,\N,\N,\N
06ice,"Lantigua, Edward",CF,NYM,\N,"[""lantigua edward""]",\N,\N,\N,\N,\N,\N
02my5,"Diaz, Edwin",RP,LAD,\N,[],\N,\N,\N,\N,\N,\N
02mws,"Wisdom, Patrick",3B,SEA,\N,"[""wisdom patrick""]",\N,\N,\N,\N,\N,\N
06zf7,"Paden, Jaylen",RP,ATL,\N,"[""paden jaylen""]",\N,\N,\N,\N,\N,\N
03pzn,"Gimenez, Andres",2B,TOR,\N,"[""gimenez andres""]",\N,\N,\N,\N,\N,\N
06icb,"Brazoban, Bralyn",CF,PIT,\N,"[""brazoban bralyn""]",\N,\N,\N,\N,\N,\N
06zf4,"Nove, Jackson",RP,ATH,\N,"[""nove jackson""]",\N,\N,\N,\N,\N,\N
06icc,"Beltre, Eduardo",CF,MIN,\N,"[""beltre eduardo""]",\N,\N,\N,\N,\N,\N
02mwm,"Olson, Matt",1B,ATL,\N,"[""olson matt""]",\N,\N,\N,\N,\N,\N
06zf5,"Mitchell, Xavier",SP,LAA,\N,[],\N,\N,\N,\N,\N,\N
06zf2,"McGill, Jonny",RF,LAA,\N,"[""mcgill jonny""]",\N,\N,\N,\N,\N,\N
03pzo,"Taveras, Leody",CF,BAL,\N,"[""taveras leody""]",\N,\N,\N,\N,\N,\N
06ica,"Lugo, Joswa",SS,LAA,\N,"[""lugo joswa""]",\N,\N,\N,\N,\N,\N
04sxv,"Tena, Jose",3B,WSH,\N,"[""tena jose""]",\N,\N,\N,\N,\N,\N
06za9,"Marks, Easton",SP,COL,\N,"[""marks easton""]",\N,\N,\N,\N,\N,\N
06za7,"King, Dylan",C,CIN,\N,"[""king dylan""]",\N,\N,\N,\N,\N,\N
06za8,"Klein, Matt",C,COL,\N,"[""klein matt""]",\N,\N,\N,\N,\N,\N
06za5,"Harris, Zach",RP,COL,\N,"[""harris zach""]",\N,\N,\N,\N,\N,\N
06za6,"Edders, Noah",RP,CHC,\N,"[""edders noah""]",\N,\N,\N,\N,\N,\N
06za3,"Cole, Ethan",SP,COL,\N,"[""cole ethan""]",\N,\N,\N,\N,\N,\N
0414k,"Beer, Seth",1B,(N/A),\N,"[""beer seth""]",\N,\N,\N,\N,\N,\N
06za4,"Clausen, Seth",RP,COL,\N,"[""clausen seth""]",\N,\N,\N,\N,\N,\N
06za1,"Doucette, Ty",1B,CIN,\N,"[""doucette ty""]",\N,\N,\N,\N,\N,\N
04sxp,"Dale, Jarryd",2B,(N/A),\N,"[""dale jarryd""]",\N,\N,\N,\N,\N,\N
06za2,"Crooks, Dylan",RP,COL,\N,"[""crooks dylan""]",\N,\N,\N,\N,\N,\N
0414g,"Garcia Jr., Luis",2B,NYY,\N,"[""garcia jr luis""]",\N,\N,\N,\N,\N,\N
06za0,"Brink, Jake",SP,CIN,\N,"[""brink jake""]",\N,\N,\N,\N,\N,\N
0414h,"Arias, Gabriel",SS,CHC,\N,"[""arias gabriel""]",\N,\N,\N,\N,\N,\N
004gj,"Davis, Ben",C,COL,\N,"[""davis ben""]",\N,\N,\N,\N,\N,\N
078zu,"Albanese, Tyler",RP,CLE,\N,"[""albanese tyler""]",\N,\N,\N,\N,\N,\N
078zv,"Andrews, Heath",SP,CLE,\N,"[""andrews heath""]",\N,\N,\N,\N,\N,\N
078zs,"Irigoyen, Jhoander",C,CHC,\N,"[""irigoyen jhoander""]",\N,\N,\N,\N,\N,\N
078zt,"Barczi, Colin",C,CHW,\N,"[""barczi colin""]",\N,\N,\N,\N,\N,\N
04sy2,"Javier, Odalvi",SP,(N/A),\N,"[""javier odalvi""]",\N,\N,\N,\N,\N,\N
078zq,"Hynek, Colin",C,CHC,\N,"[""hynek colin""]",\N,\N,\N,\N,\N,\N
078zr,"Krupinski, Dom",2B,CHC,\N,"[""krupinski dom""]",\N,\N,\N,\N,\N,\N
078zo,"Gray, Grant",SS,CHC,\N,"[""gray grant""]",\N,\N,\N,\N,\N,\N
078zp,"Gupton, Michael",OF,CHC,\N,"[""gupton michael""]",\N,\N,\N,\N,\N,\N
078zm,"Dulin, Caden",SS,CHC,\N,"[""dulin caden""]",\N,\N,\N,\N,\N,\N
078zn,"Feinberg, Harrison",RF,CHC,\N,"[""feinberg harrison""]",\N,\N,\N,\N,\N,\N
078zk,"Alkire II, John",P,CHC,\N,"[""alkire ii john""]",\N,\N,\N,\N,\N,\N
078zl,"Bevis, Blake",1B,CHC,\N,"[""bevis blake""]",\N,\N,\N,\N,\N,\N
078zi,"Prince, Owen",RF,PIT,\N,"[""prince owen""]",\N,\N,\N,\N,\N,\N
078zj,"Castro, Jorhan",C,BOS,\N,"[""castro jorhan""]",\N,\N,\N,\N,\N,\N
06zbl,"West, Jaxson",C,TOR,\N,"[""west jaxson""]",\N,\N,\N,\N,\N,\N
06zbj,"Watts, Anthony",RP,STL,\N,"[""watts anthony""]",\N,\N,\N,\N,\N,\N
06zbk,"Young, Ethan",RP,STL,\N,"[""young ethan""]",\N,\N,\N,\N,\N,\N
06ib9,"Kim, Min Suk",CF,(N/A),\N,"[""kim min suk""]",\N,\N,\N,\N,\N,\N
06zbh,"Weingartner, Ryan",SS,STL,\N,"[""weingartner ryan""]",\N,\N,\N,\N,\N,\N
06zbi,"Watts, Dylan",RP,TOR,\N,"[""watts dylan""]",\N,\N,\N,\N,\N,\N
06zbf,"Shelagowski, Jake",RP,STL,\N,"[""shelagowski jake""]",\N,\N,\N,\N,\N,\N
06zbg,"Sanchez, Julius",SP,TEX,\N,"[""sanchez julius""]",\N,\N,\N,\N,\N,\N
06zbd,"Puk, Owen",RP,WSH,\N,"[""puk owen""]",\N,\N,\N,\N,\N,\N
06zbe,"Snow, Eric",SS,TOR,\N,"[""snow eric""]",\N,\N,\N,\N,\N,\N
06ib3,"Ju Ham, Deok",RP,(N/A),\N,"[""ju ham deok""]",\N,\N,\N,\N,\N,\N
06zbb,"Miura, Matthew",CF,STL,\N,"[""miura matthew""]",\N,\N,\N,\N,\N,\N
06zbc,"Parish, Trendan",RP,TB,\N,"[""parish trendan""]",\N,\N,\N,\N,\N,\N
06zba,"Moore, Ben",RP,MIL,\N,"[""moore ben""]",\N,\N,\N,\N,\N,\N
06ib0,"Betancourt, Joswal",RP,(N/A),\N,"[""betancourt joswal""]",\N,\N,\N,\N,\N,\N
06zay,"Cresswell, Will",C,TOR,\N,"[""cresswell will""]",\N,\N,\N,\N,\N,\N
06zaz,"Breckheimer, Alex",RP,STL,\N,"[""breckheimer alex""]",\N,\N,\N,\N,\N,\N
06zaw,"Best, Liam",RP,STL,\N,"[""best liam""]",\N,\N,\N,\N,\N,\N
06zax,"Baker, Trace",RP,TOR,\N,"[""baker trace""]",\N,\N,\N,\N,\N,\N
06zau,"Rasmussen, Connor",2B,KC,\N,"[""rasmussen connor""]",\N,\N,\N,\N,\N,\N
06zav,"Biven, Tucker",RP,WSH,\N,"[""biven tucker""]",\N,\N,\N,\N,\N,\N
06zas,"Vanek, JC",1B,KC,\N,"[""vanek jc""]",\N,\N,\N,\N,\N,\N
06zat,"Van Dam, Shane",RP,KC,\N,"[""van dam shane""]",\N,\N,\N,\N,\N,\N
06zaq,"Ramnarace, Randy",RP,KC,\N,"[""ramnarace randy""]",\N,\N,\N,\N,\N,\N
06zar,"Pelzer, Luke",LF,KC,\N,[],\N,\N,\N,\N,\N,\N
06zao,"Harrelson, Gage",RF,LAA,\N,"[""harrelson gage""]",\N,\N,\N,\N,\N,\N
06zap,"Martin, Max",RP,HOU,\N,"[""martin max""]",\N,\N,\N,\N,\N,\N
06zam,"Edge, Kamden",RP,KC,\N,"[""edge kamden""]",\N,\N,\N,\N,\N,\N
06zan,"Hoskins, Matthew",RP,TB,\N,"[""hoskins matthew""]",\N,\N,\N,\N,\N,\N
06zak,"Dudley, Bryson",RP,KC,\N,"[""dudley bryson""]",\N,\N,\N,\N,\N,\N
06zal,"Alberini, Hunter",RP,KC,\N,"[""alberini hunter""]",\N,\N,\N,\N,\N,\N
06zai,"Rogacki, Zach",C,COL,\N,"[""rogacki zach""]",\N,\N,\N,\N,\N,\N
06zaj,"Salas, Roberto",SP,COL,\N,"[""salas roberto""]",\N,\N,\N,\N,\N,\N
06zag,"Snell, Kade",LF,CHC,\N,"[""snell kade""]",\N,\N,\N,\N,\N,\N
06zah,"Smith, Derrick",RP,COL,\N,"[""smith derrick""]",\N,\N,\N,\N,\N,\N
06zae,"Parker, Brady",SP,COL,\N,"[""parker brady""]",\N,\N,\N,\N,\N,\N
03a95,"Mejia, Francisco",C,(N/A),\N,"[""mejia francisco""]",\N,\N,\N,\N,\N,\N
06zaf,"Stransky, Justin",C,CHC,\N,"[""stransky justin""]",\N,\N,\N,\N,\N,\N
06zac,"Muniz, Izeah",RP,COL,\N,"[""muniz izeah""]",\N,\N,\N,\N,\N,\N
06zad,"Nelson, Cameron",CF,COL,\N,"[""nelson cameron""]",\N,\N,\N,\N,\N,\N
06zaa,"Latimer, Carson",RP,CIN,\N,"[""latimer carson""]",\N,\N,\N,\N,\N,\N
06zab,"Newton, Austin",RP,COL,\N,"[""newton austin""]",\N,\N,\N,\N,\N,\N
06zb9,"Palmese, Noah",RP,TOR,\N,"[""palmese noah""]",\N,\N,\N,\N,\N,\N
06zb6,"Kovach, Luke",SP,TOR,\N,"[""kovach luke""]",\N,\N,\N,\N,\N,\N
06zb7,"Hollifield, Nick",C,WSH,\N,"[""hollifield nick""]",\N,\N,\N,\N,\N,\N
06zb4,"Echeman, Kaden",SP,STL,\N,"[""echeman kaden""]",\N,\N,\N,\N,\N,\N
06zb5,"Angeles, Gensi",RP,ATL,\N,"[""angeles gensi""]",\N,\N,\N,\N,\N,\N
06zb2,"Heath, Chase",C,STL,\N,"[""heath chase""]",\N,\N,\N,\N,\N,\N
06zb3,"Graham, Payton",SP,STL,\N,"[""graham payton""]",\N,\N,\N,\N,\N,\N
06zb0,"Driessen, Dylan",RP,STL,\N,"[""driessen dylan""]",\N,\N,\N,\N,\N,\N
06zb1,"Dattalo, Michael",3B,STL,\N,"[""dattalo michael""]",\N,\N,\N,\N,\N,\N
066fs,"Rapp, Shawn",SP,(N/A),\N,"[""rapp shawn""]",\N,\N,\N,\N,\N,\N
066fu,"Menefee, Joseph",RP,CIN,\N,"[""menefee joseph""]",\N,\N,\N,\N,\N,\N
040b5,"Arozarena, Randy",LF,SEA,\N,"[""arozarena randy""]",\N,\N,\N,\N,\N,\N
066fq,"Ankeney, Eli",RP,NYM,\N,"[""ankeney eli""]",\N,\N,\N,\N,\N,\N
066fp,"Torres, Carlos",RP,COL,\N,[],\N,\N,\N,\N,\N,\N
066fk,"Garcia, John",C,HOU,\N,"[""garcia john""]",\N,\N,\N,\N,\N,\N
066fj,"Logan, Drake",RF,(N/A),\N,"[""logan drake""]",\N,\N,\N,\N,\N,\N
066fm,"Loeschorn, Joshua",RP,PIT,\N,"[""loeschorn joshua""]",\N,\N,\N,\N,\N,\N
06zll,"Kuhn, Jacob",SP,TB,\N,"[""kuhn jacob""]",\N,\N,\N,\N,\N,\N
066fl,"Sharp, Reese",SP,(N/A),\N,"[""sharp reese""]",\N,\N,\N,\N,\N,\N
06zlm,"Sauve, Logan",C,ATH,\N,"[""sauve logan""]",\N,\N,\N,\N,\N,\N
066fg,"Stanifer, Gage",SP,TOR,\N,"[""stanifer gage""]",\N,\N,\N,\N,\N,\N
06zlj,"Mitchell, Jase",C,HOU,\N,"[""mitchell jase""]",\N,\N,\N,\N,\N,\N
06zlk,"McCombs, Jacob",CF,MIN,\N,"[""mccombs jacob""]",\N,\N,\N,\N,\N,\N
06zlh,"Cross, Kerrington",3B,SD,\N,"[""cross kerrington""]",\N,\N,\N,\N,\N,\N
06zli,"Wetwiska, Cale",SP,DET,\N,"[""wetwiska cale""]",\N,\N,\N,\N,\N,\N
06zlf,"DePino, Anthony",1B,CHW,\N,"[""depino anthony""]",\N,\N,\N,\N,\N,\N
066fb,"Garrett, Drew",SP,(N/A),\N,"[""garrett drew""]",\N,\N,\N,\N,\N,\N
06zlg,"McCausland, Will",SP,CLE,\N,"[""mccausland will""]",\N,\N,\N,\N,\N,\N
066fe,"Washington Jr., Curtis",LF,SEA,\N,"[""washington jr curtis""]",\N,\N,\N,\N,\N,\N
066fa,"Coffman, Spence",SS,(N/A),\N,"[""coffman spence""]",\N,\N,\N,\N,\N,\N
066ez,"Sanabria, Romeo",1B,SD,\N,"[""sanabria romeo""]",\N,\N,\N,\N,\N,\N
066ey,"Gieg, Max",RP,LAA,\N,"[""gieg max""]",\N,\N,\N,\N,\N,\N
066ex,"Williams Jr., Chris",RP,(N/A),\N,"[""williams jr chris""]",\N,\N,\N,\N,\N,\N
066ew,"Gates, Evan",RP,PHI,\N,"[""gates evan""]",\N,\N,\N,\N,\N,\N
066er,"Taylor, Grant",RP,CHW,\N,"[""taylor grant""]",\N,\N,\N,\N,\N,\N
066eq,"Jebb, Mitch",CF,PIT,\N,"[""jebb mitch""]",\N,\N,\N,\N,\N,\N
066et,"Rushford, Milo",RF,(N/A),\N,"[""rushford milo""]",\N,\N,\N,\N,\N,\N
066es,"Veen, Zach",SP,(N/A),\N,"[""veen zach""]",\N,\N,\N,\N,\N,\N
066g0,"Wrobleski, Ryan",C,(N/A),\N,"[""wrobleski ryan""]",\N,\N,\N,\N,\N,\N
066en,"Wright, Blake",3B,COL,\N,"[""wright blake""]",\N,\N,\N,\N,\N,\N
066ep,"Brown, Marcus",2B,HOU,\N,"[""brown marcus""]",\N,\N,\N,\N,\N,\N
066eo,"Carrigg, Cole",CF,COL,\N,"[""carrigg cole""]",\N,\N,\N,\N,\N,\N
079gw,"Salgado, Bryan",RP,CIN,\N,"[""salgado bryan""]",\N,\N,\N,\N,\N,\N
066f7,"Thomas, Johnathon",CF,WSH,\N,"[""thomas johnathon""]",\N,\N,\N,\N,\N,\N
066du,"Lord, Brad",RP,WSH,\N,"[""lord brad""]",\N,\N,\N,\N,\N,\N
066f6,"Decker, Cameron",1B,LAD,\N,"[""decker cameron""]",\N,\N,\N,\N,\N,\N
079gv,"Saldana, Jose",SP,CIN,\N,"[""saldana jose""]",\N,\N,\N,\N,\N,\N
066f8,"Lane, Carmine",C,(N/A),\N,"[""lane carmine""]",\N,\N,\N,\N,\N,\N
06imf,"Romero, Jose",SP,SEA,\N,[],\N,\N,\N,\N,\N,\N
066j9,"Garriola, Andy",LF,CHC,\N,"[""garriola andy""]",\N,\N,\N,\N,\N,\N
06img,"Carrera, Jesus",RP,HOU,\N,"[""carrera jesus""]",\N,\N,\N,\N,\N,\N
066j8,"Sayre, Alec",LF,(N/A),\N,"[""sayre alec""]",\N,\N,\N,\N,\N,\N
06imd,"Heredia, Joel",RP,(N/A),\N,"[""heredia joel""]",\N,\N,\N,\N,\N,\N
066j2,"Emerson, Grady",SS,TB,\N,"[""emerson grady""]",\N,\N,\N,\N,\N,\N
066j5,"Patten, Cole",SP,(N/A),\N,"[""patten cole""]",\N,\N,\N,\N,\N,\N
066j1,"Snyder, Trey",2B,NYM,\N,"[""snyder trey""]",\N,\N,\N,\N,\N,\N
066j0,"Dix, JD",2B,ARI,\N,"[""dix jd""]",\N,\N,\N,\N,\N,\N
06ilw,"Garnett, Tristan",RP,PHI,\N,"[""garnett tristan""]",\N,\N,\N,\N,\N,\N
06ilu,"Jean, Enderson",RP,(N/A),\N,"[""jean enderson""]",\N,\N,\N,\N,\N,\N
06ilv,"Gatier, Claudio",RP,(N/A),\N,"[""gatier claudio""]",\N,\N,\N,\N,\N,\N
06ilt,"Rosario, Guillermo",1B,PHI,\N,"[""rosario guillermo""]",\N,\N,\N,\N,\N,\N
06in4,"Kim, Hyeseong",2B,LAD,\N,"[""kim hyeseong""]",\N,\N,\N,\N,\N,\N
06in1,"Ireland, Thomas",RP,TEX,\N,"[""ireland thomas""]",\N,\N,\N,\N,\N,\N
06in0,"Chi, Bryan",RP,(N/A),\N,"[""chi bryan""]",\N,\N,\N,\N,\N,\N
02nax,"Strahm, Matt",RP,KC,\N,"[""strahm matt""]",\N,\N,\N,\N,\N,\N
06ilg,"Zink, Charlie",RP,BOS,\N,"[""zink charlie""]",\N,\N,\N,\N,\N,\N
02nc0,"Hearn, Taylor",RP,(N/A),\N,"[""hearn taylor""]",\N,\N,\N,\N,\N,\N
066fz,"Hammerberg, Ethan",RP,(N/A),\N,"[""hammerberg ethan""]",\N,\N,\N,\N,\N,\N
02nb6,"Anderson, Drew",SP,DET,\N,"[""anderson drew""]",\N,\N,\N,\N,\N,\N
066fv,"Ogans, Keshawn",3B,ATL,\N,"[""ogans keshawn""]",\N,\N,\N,\N,\N,\N
066fx,"Butler, Connor",RP,(N/A),\N,"[""butler connor""]",\N,\N,\N,\N,\N,\N
06igc,"Dawson, Caden",CF,(N/A),\N,"[""dawson caden""]",\N,\N,\N,\N,\N,\N
066d0,"Hatcher, Josh",RF,(N/A),\N,"[""hatcher josh""]",\N,\N,\N,\N,\N,\N
066d2,"Gibson, Cade",RP,MIA,\N,"[""gibson cade""]",\N,\N,\N,\N,\N,\N
06ify,"Rodriguez, Christian",SP,(N/A),\N,[],\N,\N,\N,\N,\N,\N
06ih9,"Moon, Bo-gyeong",1B,(N/A),\N,"[""moon bo gyeong""]",\N,\N,\N,\N,\N,\N
06ifw,"Hartshorn, Josiah",1B,CHC,\N,"[""hartshorn josiah""]",\N,\N,\N,\N,\N,\N
06ifx,"Lee, Justin",SP,PHI,\N,"[""lee justin""]",\N,\N,\N,\N,\N,\N
06ih7,"Mannami, Chusei",1B,(N/A),\N,"[""mannami chusei""]",\N,\N,\N,\N,\N,\N
06zhf,"Hogue, Josh",RF,MIA,\N,"[""hogue josh""]",\N,\N,\N,\N,\N,\N
06ifv,"Florentino, Jostin",SP,CHC,\N,"[""florentino jostin""]",\N,\N,\N,\N,\N,\N
06ih8,"Hidaka, Atsumi",SP,(N/A),\N,"[""hidaka atsumi""]",\N,\N,\N,\N,\N,\N
06ih5,"Moore, Wesley",RP,PHI,\N,"[""moore wesley""]",\N,\N,\N,\N,\N,\N
06zhd,"Fosher, Peyton",RP,MIA,\N,"[""fosher peyton""]",\N,\N,\N,\N,\N,\N
06ih6,"Gordillo, Lucas",SP,(N/A),\N,"[""gordillo lucas""]",\N,\N,\N,\N,\N,\N
06ift,"Gutierrez, Jean",RF,(N/A),\N,[],\N,\N,\N,\N,\N,\N
06zhe,"Laws, Carson",RP,MIA,\N,"[""laws carson""]",\N,\N,\N,\N,\N,\N
06ih3,"Vilar, Anthony",2B,SD,\N,"[""vilar anthony""]",\N,\N,\N,\N,\N,\N
06zhb,"Willis, Dawson",3B,SD,\N,"[""willis dawson""]",\N,\N,\N,\N,\N,\N
06ih4,"De La Cruz, Alexis",RP,(N/A),\N,"[""de la cruz alexis""]",\N,\N,\N,\N,\N,\N
06ifr,"Gutierrez, Jean",RP,(N/A),\N,[],\N,\N,\N,\N,\N,\N
06zhc,"Heuer, Mac",SP,NYY,\N,"[""heuer mac""]",\N,\N,\N,\N,\N,\N
06ih1,"Hada, Shinnosuke",SP,(N/A),\N,"[""hada shinnosuke""]",\N,\N,\N,\N,\N,\N
06ifo,"Frances, Juan",LF,(N/A),\N,"[""frances juan""]",\N,\N,\N,\N,\N,\N
06ifp,"Martinez, Jonathan",2B,CLE,\N,"[""martinez jonathan""]",\N,\N,\N,\N,\N,\N
06ih2,"Hernandez, Jason",LF,(N/A),\N,"[""hernandez jason""]",\N,\N,\N,\N,\N,\N
06zha,"Wooster, Caden",RP,NYM,\N,"[""wooster caden""]",\N,\N,\N,\N,\N,\N
06ifm,"Trinidad, Wilian",3B,(N/A),\N,"[""trinidad wilian""]",\N,\N,\N,\N,\N,\N
066az,"Serwinowski, Adam",SP,LAD,\N,"[""serwinowski adam""]",\N,\N,\N,\N,\N,\N
06ifn,"Jimenez, Jhomber",SP,(N/A),\N,"[""jimenez jhomber""]",\N,\N,\N,\N,\N,\N
06ih0,"Lombard, Jacob",SS,MIA,\N,"[""lombard jacob""]",\N,\N,\N,\N,\N,\N
06ifk,"Abreus, Jhorvic",2B,CLE,\N,"[""abreus jhorvic""]",\N,\N,\N,\N,\N,\N
06ifi,"Menes, Ruben",SP,STL,\N,"[""menes ruben""]",\N,\N,\N,\N,\N,\N
06zgy,"Hall, Ryan",SP,DET,\N,"[""hall ryan""]",\N,\N,\N,\N,\N,\N
06ifj,"Amparo, Felix",2B,BAL,\N,"[""amparo felix""]",\N,\N,\N,\N,\N,\N
066au,"Morrill, Hueston",RP,NYY,\N,"[""morrill hueston""]",\N,\N,\N,\N,\N,\N
06ifg,"Pichardo, Bladimir",RP,(N/A),\N,"[""pichardo bladimir""]",\N,\N,\N,\N,\N,\N
06zgw,"Wheeler, Jack",3B,TEX,\N,"[""wheeler jack""]",\N,\N,\N,\N,\N,\N
066ax,"Williams, Noah",CF,(N/A),\N,"[""williams noah""]",\N,\N,\N,\N,\N,\N
06zgx,"Lacourse, Luke",SP,LAA,\N,"[""lacourse luke""]",\N,\N,\N,\N,\N,\N
066aw,"Bustamante, Alex",RP,(N/A),\N,"[""bustamante alex""]",\N,\N,\N,\N,\N,\N
06ife,"Cadiz, Sebastian",1B,CLE,\N,"[""cadiz sebastian""]",\N,\N,\N,\N,\N,\N
066ar,"Stuart, Baron",RP,WSH,\N,"[""stuart baron""]",\N,\N,\N,\N,\N,\N
06zi7,"Ragsdale, Josiah",CF,STL,\N,"[""ragsdale josiah""]",\N,\N,\N,\N,\N,\N
06zgu,"Pentecost, Gabel",SP,HOU,\N,"[""pentecost gabel""]",\N,\N,\N,\N,\N,\N
06iff,"Ayala, Yelserth",2B,(N/A),\N,"[""ayala yelserth""]",\N,\N,\N,\N,\N,\N
06zgv,"Agbayani, Bruin",2B,NYM,\N,"[""agbayani bruin""]",\N,\N,\N,\N,\N,\N
06ifc,"Gutierrez, Joan",3B,(N/A),\N,"[""gutierrez joan""]",\N,\N,\N,\N,\N,\N
06zi5,"Pickell, Cannon",RP,MIA,\N,"[""pickell cannon""]",\N,\N,\N,\N,\N,\N
06zgs,"Dalena, Jaxon",SP,SD,\N,"[""dalena jaxon""]",\N,\N,\N,\N,\N,\N
06zi6,"Renner, Chase",RP,MIA,\N,"[""renner chase""]",\N,\N,\N,\N,\N,\N
06zgt,"Grinsell, Grayson",SP,DET,\N,"[""grinsell grayson""]",\N,\N,\N,\N,\N,\N
066as,"Stevens, Kevin",RP,NYY,\N,"[""stevens kevin""]",\N,\N,\N,\N,\N,\N
06ifa,"Meyer, Chase",RP,CHC,\N,"[""meyer chase""]",\N,\N,\N,\N,\N,\N
06zgq,"Maduro, Kendrey",3B,LAA,\N,"[""maduro kendrey""]",\N,\N,\N,\N,\N,\N
066c0,"Tirado, Carlos",1B,(N/A),\N,"[""tirado carlos""]",\N,\N,\N,\N,\N,\N
06zi3,"McCutcheon, Jake",LF,MIA,\N,"[""mccutcheon jake""]",\N,\N,\N,\N,\N,\N
066an,"Fausnaught, Braeden",SP,PHI,\N,"[""fausnaught braeden""]",\N,\N,\N,\N,\N,\N
06ifb,"Lameda, Luis",2B,MIL,\N,"[""lameda luis""]",\N,\N,\N,\N,\N,\N
06zgr,"Keljo, Nelson",SP,CLE,\N,"[""keljo nelson""]",\N,\N,\N,\N,\N,\N
06zi4,"Osinski, Ryan",RP,NYY,\N,"[""osinski ryan""]",\N,\N,\N,\N,\N,\N
066ap,"Dallas, Jack",RP,PHI,\N,"[""dallas jack""]",\N,\N,\N,\N,\N,\N
06zi1,"Mack, Zack",RP,NYM,\N,"[""mack zack""]",\N,\N,\N,\N,\N,\N
06zi2,"Lovich, Jackson",1B,NYY,\N,"[""lovich jackson""]",\N,\N,\N,\N,\N,\N
06zgp,"Nohos, Cameron",RP,SD,\N,"[""nohos cameron""]",\N,\N,\N,\N,\N,\N
066ao,"Farmer, Ezra",LF,(N/A),\N,"[""farmer ezra""]",\N,\N,\N,\N,\N,\N
05wdl,"Amaya, Carlos",C,(N/A),\N,"[""amaya carlos""]",\N,\N,\N,\N,\N,\N
066aj,"Leitch, Ryan",C,(N/A),\N,"[""leitch ryan""]",\N,\N,\N,\N,\N,\N
02mzg,"Muncy, Max",3B,LAD,\N,[],\N,\N,\N,\N,\N,\N
05wdm,"Rodriguez, Lizandro",2B,(N/A),\N,"[""rodriguez lizandro""]",\N,\N,\N,\N,\N,\N
06iez,"De La Paz, Reynaldo",RF,(N/A),\N,"[""de la paz reynaldo""]",\N,\N,\N,\N,\N,\N
02mzi,"Blach, Ty",SP,CHC,\N,"[""blach ty""]",\N,\N,\N,\N,\N,\N
066al,"Kemp, Otto",3B,PHI,\N,"[""kemp otto""]",\N,\N,\N,\N,\N,\N
066ak,"Kotowski, Dakota",1B,(N/A),\N,"[""kotowski dakota""]",\N,\N,\N,\N,\N,\N
06iex,"Bailey, Myles",1B,CHC,\N,"[""bailey myles""]",\N,\N,\N,\N,\N,\N
066af,"Walling, Andrew",RP,PHI,\N,"[""walling andrew""]",\N,\N,\N,\N,\N,\N
06iey,"Arestigueta, Luis",SP,ATL,\N,"[""arestigueta luis""]",\N,\N,\N,\N,\N,\N
02mzd,"Duffey, Tyler",RP,(N/A),\N,"[""duffey tyler""]",\N,\N,\N,\N,\N,\N
06iev,"Hardy, Brendan",RP,(N/A),\N,"[""hardy brendan""]",\N,\N,\N,\N,\N,\N
06ig8,"Dudan, Jacob",SP,ATH,\N,"[""dudan jacob""]",\N,\N,\N,\N,\N,\N
066ah,"Penner, Ty",1B,(N/A),\N,"[""penner ty""]",\N,\N,\N,\N,\N,\N
06iew,"Carns, Hunter",C,(N/A),\N,"[""carns hunter""]",\N,\N,\N,\N,\N,\N
06ig9,"Wiggins, Andrew",CF,(N/A),\N,"[""wiggins andrew""]",\N,\N,\N,\N,\N,\N
02mzf,"Refsnyder, Rob",DH,SEA,\N,"[""refsnyder rob""]",\N,\N,\N,\N,\N,\N
06iet,"Ellwanger, James",SP,MIN,\N,"[""ellwanger james""]",\N,\N,\N,\N,\N,\N
06ig6,"Stokes, Cole",SP,TB,\N,"[""stokes cole""]",\N,\N,\N,\N,\N,\N
06zge,"Hoskins, Luke",RP,DET,\N,"[""hoskins luke""]",\N,\N,\N,\N,\N,\N
066ab,"Hollow, Kaden",1B,(N/A),\N,"[""hollow kaden""]",\N,\N,\N,\N,\N,\N
06ig7,"De Jong, Justice",3B,(N/A),\N,"[""de jong justice""]",\N,\N,\N,\N,\N,\N
06ieu,"McElvain, Ethan",SP,KC,\N,"[""mcelvain ethan""]",\N,\N,\N,\N,\N,\N
06zgf,"Hennen, J.D.",SP,BAL,\N,"[""hennen j d""]",\N,\N,\N,\N,\N,\N
066aa,"Koenig, Ian",SP,SD,\N,"[""koenig ian""]",\N,\N,\N,\N,\N,\N
06ier,"Sloan, Ryan",SP,SEA,\N,"[""sloan ryan""]",\N,\N,\N,\N,\N,\N
06ig4,"Hartman, Colton",SP,(N/A),\N,"[""hartman colton""]",\N,\N,\N,\N,\N,\N
066ad,"Campbell, Jacob",RF,(N/A),\N,"[""campbell jacob""]",\N,\N,\N,\N,\N,\N
06ig5,"Kozeal, Cam",SS,MIA,\N,"[""kozeal cam""]",\N,\N,\N,\N,\N,\N
066ac,"Geerdes, Will",SP,(N/A),\N,"[""geerdes will""]",\N,\N,\N,\N,\N,\N
06zgd,"Langley, Brandon",RP,SD,\N,"[""langley brandon""]",\N,\N,\N,\N,\N,\N
06ieq,"Stevenson, Luke",C,SEA,\N,"[""stevenson luke""]",\N,\N,\N,\N,\N,\N
06ig0,"Ogando, Gerald",RP,BAL,\N,"[""ogando gerald""]",\N,\N,\N,\N,\N,\N
06ien,"Nori, Dante",CF,PHI,\N,"[""nori dante""]",\N,\N,\N,\N,\N,\N
06iej,"Perez, Edgleen",C,PIT,\N,"[""perez edgleen""]",\N,\N,\N,\N,\N,\N
066b6,"Ceballos, Sabin",3B,SF,\N,"[""ceballos sabin""]",\N,\N,\N,\N,\N,\N
06zh8,"Walker, Charlie",RP,(N/A),\N,"[""walker charlie""]",\N,\N,\N,\N,\N,\N
02myt,"Okert, Steven",RP,HOU,\N,"[""okert steven""]",\N,\N,\N,\N,\N,\N
066b3,"Hunt, K.C.",SP,TB,\N,"[""hunt k c""]",\N,\N,\N,\N,\N,\N
06zh6,"Pogue, Andrew",RP,DET,\N,"[""pogue andrew""]",\N,\N,\N,\N,\N,\N
06zh7,"Westenburg, Conner",CF,SD,\N,"[""westenburg conner""]",\N,\N,\N,\N,\N,\N
066b2,"Sommers, Drew",SP,DET,\N,"[""sommers drew""]",\N,\N,\N,\N,\N,\N
06zfr,"Craig, Gabe",RP,PHI,\N,"[""craig gabe""]",\N,\N,\N,\N,\N,\N
066b5,"Hall, Tayden",1B,MIL,\N,"[""hall tayden""]",\N,\N,\N,\N,\N,\N
06zh4,"Salgado, AJ",1B,NYM,\N,"[""salgado aj""]",\N,\N,\N,\N,\N,\N
066b4,"Garcia III, Roel",RP,TB,\N,"[""garcia iii roel""]",\N,\N,\N,\N,\N,\N
06zh5,"Riehl, Cal",RP,SD,\N,"[""riehl cal""]",\N,\N,\N,\N,\N,\N
066f3,"Willits, Bryce",3B,(N/A),\N,"[""willits bryce""]",\N,\N,\N,\N,\N,\N
066dq,"Martin, Payton",SP,LAD,\N,"[""martin payton""]",\N,\N,\N,\N,\N,\N
066f2,"Lynch, Jack",SP,(N/A),\N,"[""lynch jack""]",\N,\N,\N,\N,\N,\N
066ds,"Sanchez, Justin",RP,(N/A),\N,"[""sanchez justin""]",\N,\N,\N,\N,\N,\N
066f5,"Ramos, Javier",SP,(N/A),\N,"[""ramos javier""]",\N,\N,\N,\N,\N,\N
066f4,"Davitt, Duncan",SP,SF,\N,"[""davitt duncan""]",\N,\N,\N,\N,\N,\N
066dl,"Chasse, Ryan",SP,(N/A),\N,"[""chasse ryan""]",\N,\N,\N,\N,\N,\N
066do,"Altermatt, Nick",RP,CHW,\N,"[""altermatt nick""]",\N,\N,\N,\N,\N,\N
04tf0,"Cruz, Omar",SP,SD,\N,"[""cruz omar""]",\N,\N,\N,\N,\N,\N
066dn,"Merda, Hayden",RP,NYY,\N,"[""merda hayden""]",\N,\N,\N,\N,\N,\N
066di,"Kilpatrick Jr., Kevin",CF,ATL,\N,"[""kilpatrick jr kevin""]",\N,\N,\N,\N,\N,\N
066dh,"Garland, Jake",SP,ATH,\N,"[""garland jake""]",\N,\N,\N,\N,\N,\N
066dk,"Moore, Brody",2B,STL,\N,"[""moore brody""]",\N,\N,\N,\N,\N,\N
066dj,"Raeth, Stefan",RP,(N/A),\N,"[""raeth stefan""]",\N,\N,\N,\N,\N,\N
04cd5,"Gore, MacKenzie",SP,TEX,\N,"[""gore mackenzie""]",\N,\N,\N,\N,\N,\N
066dd,"Natera Jr., Samy",RP,LAA,\N,"[""natera jr samy""]",\N,\N,\N,\N,\N,\N
066dg,"Sikorski, Easton",RP,(N/A),\N,"[""sikorski easton""]",\N,\N,\N,\N,\N,\N
066df,"Harper, Daniel",RP,PHI,\N,"[""harper daniel""]",\N,\N,\N,\N,\N,\N
066da,"Elko, Tim",1B,CHW,\N,"[""elko tim""]",\N,\N,\N,\N,\N,\N
066db,"Cole Jr., Zach",RF,HOU,\N,"[""cole jr zach""]",\N,\N,\N,\N,\N,\N
066cx,"Choate, Jack",SP,SF,\N,"[""choate jack""]",\N,\N,\N,\N,\N,\N
066cw,"Gillis, Brett",SP,HOU,\N,"[""gillis brett""]",\N,\N,\N,\N,\N,\N
066cy,"Cheney, Wyatt",SP,(N/A),\N,"[""cheney wyatt""]",\N,\N,\N,\N,\N,\N
066e6,"Bramwell, Spencer",C,MIA,\N,"[""bramwell spencer""]",\N,\N,\N,\N,\N,\N
066ct,"Hensey, Rob",SP,KC,\N,"[""hensey rob""]",\N,\N,\N,\N,\N,\N
066cv,"Turner, Michael",C,CHW,\N,"[""turner michael""]",\N,\N,\N,\N,\N,\N
066cp,"Taylor, Evan",RP,CHC,\N,"[""taylor evan""]",\N,\N,\N,\N,\N,\N
066co,"Logan, Gavin",C,ARI,\N,"[""logan gavin""]",\N,\N,\N,\N,\N,\N
066cl,"Camilletti, Mario",3B,CHW,\N,"[""camilletti mario""]",\N,\N,\N,\N,\N,\N
066ck,"Brand, Jonathan",RP,TEX,\N,"[""brand jonathan""]",\N,\N,\N,\N,\N,\N
066cn,"Meckler, Wade",CF,LAA,\N,"[""meckler wade""]",\N,\N,\N,\N,\N,\N
06zim,"Weber, Wilson",C,MIA,\N,"[""weber wilson""]",\N,\N,\N,\N,\N,\N
066cm,"Harney, Sean",RP,ARI,\N,"[""harney sean""]",\N,\N,\N,\N,\N,\N
06zin,"Orrantia, Brayan",RP,BAL,\N,"[""orrantia brayan""]",\N,\N,\N,\N,\N,\N
06igz,"Akihiro, Yuto",1B,(N/A),\N,"[""akihiro yuto""]",\N,\N,\N,\N,\N,\N
06zik,"Wilson, Kaiden",RP,MIA,\N,"[""wilson kaiden""]",\N,\N,\N,\N,\N,\N
066ch,"Miller, Jake",SP,DET,\N,[],\N,\N,\N,\N,\N,\N
06zil,"Williamson, Jadon",RP,(N/A),\N,"[""williamson jadon""]",\N,\N,\N,\N,\N,\N
066cg,"Scott, Wesley",SP,(N/A),\N,"[""scott wesley""]",\N,\N,\N,\N,\N,\N
066cj,"Levins, Tatem",C,TB,\N,"[""levins tatem""]",\N,\N,\N,\N,\N,\N
06zii,"Ware, Conner",RP,NYM,\N,"[""ware conner""]",\N,\N,\N,\N,\N,\N
066ci,"Franks, Jason",SP,(N/A),\N,"[""franks jason""]",\N,\N,\N,\N,\N,\N
06zij,"Troyer, Camden",RF,NYY,\N,"[""troyer camden""]",\N,\N,\N,\N,\N,\N
06igv,"McCleon Jr, Dexter",1B,(N/A),\N,"[""mccleon jr dexter""]",\N,\N,\N,\N,\N,\N
066cd,"Windish, Hogan",1B,(N/A),\N,"[""windish hogan""]",\N,\N,\N,\N,\N,\N
06zig,"Stuprich, Brennan",SP,NYY,\N,"[""stuprich brennan""]",\N,\N,\N,\N,\N,\N
06igw,"Spangler, Tyler",SS,PHI,\N,"[""spangler tyler""]",\N,\N,\N,\N,\N,\N
066cc,"Laboy, Yeniel",3B,(N/A),\N,"[""laboy yeniel""]",\N,\N,\N,\N,\N,\N
06zih,"Stratton, Garrett",RP,NYM,\N,"[""stratton garrett""]",\N,\N,\N,\N,\N,\N
066cf,"Matthews, Zebby",SP,MIN,\N,"[""matthews zebby""]",\N,\N,\N,\N,\N,\N
06zie,"Robertson, Sam",3B,NYM,\N,"[""robertson sam""]",\N,\N,\N,\N,\N,\N
06igu,"Esquivel, Luke",1B,(N/A),\N,"[""esquivel luke""]",\N,\N,\N,\N,\N,\N
06zif,"Tilly, Cam",RP,NYM,\N,"[""tilly cam""]",\N,\N,\N,\N,\N,\N
06zic,"Shunck, RJ",RP,MIA,\N,"[""shunck rj""]",\N,\N,\N,\N,\N,\N
06zid,"Scarborough, Joe",RP,NYM,\N,"[""scarborough joe""]",\N,\N,\N,\N,\N,\N
066cb,"Middendorf, Ryan",RP,(N/A),\N,"[""middendorf ryan""]",\N,\N,\N,\N,\N,\N
066d9,"Brian, Will",RP,NYY,\N,"[""brian will""]",\N,\N,\N,\N,\N,\N
066bw,"De Grandpre, Cedric",SP,ATL,\N,"[""de grandpre cedric""]",\N,\N,\N,\N,\N,\N
066bv,"Flint, Tucker",RF,LAA,\N,"[""flint tucker""]",\N,\N,\N,\N,\N,\N
066d8,"Coffey, Isaac",SP,BOS,\N,"[""coffey isaac""]",\N,\N,\N,\N,\N,\N
06igh,"Quintana, Roiner",2B,HOU,\N,"[""quintana roiner""]",\N,\N,\N,\N,\N,\N
066by,"Sears, Ben",RP,KC,\N,"[""sears ben""]",\N,\N,\N,\N,\N,\N
06igg,"Valladares, Jefferson",C,(N/A),\N,"[""valladares jefferson""]",\N,\N,\N,\N,\N,\N
066d4,"Michael, Trevin",RP,DET,\N,"[""michael trevin""]",\N,\N,\N,\N,\N,\N
066bu,"Miller, Joe",SP,DET,\N,"[""miller joe""]",\N,\N,\N,\N,\N,\N
066d7,"Churchill, Ian",RP,(N/A),\N,"[""churchill ian""]",\N,\N,\N,\N,\N,\N
066d6,"Knight, Bill",CF,SEA,\N,"[""knight bill""]",\N,\N,\N,\N,\N,\N
03pix,"Stephenson, Tyler",C,CIN,\N,"[""stephenson tyler""]",\N,\N,\N,\N,\N,\N
06hs0,"Shin, Wooyeoul",1B,(N/A),\N,"[""shin wooyeoul""]",\N,\N,\N,\N,\N,\N
078oz,"Petrovic, Alex",SP,NYM,\N,"[""petrovic alex""]",\N,\N,\N,\N,\N,\N
078ox,"Tayman, Ryan",C,NYM,\N,"[""tayman ryan""]",\N,\N,\N,\N,\N,\N
06j3i,"Turner, Will",RF,BOS,\N,"[""turner will""]",\N,\N,\N,\N,\N,\N
03pit,"Grisham, Trent",CF,NYY,\N,"[""grisham trent""]",\N,\N,\N,\N,\N,\N
078oy,"Koenig, Landon",RP,NYM,\N,"[""koenig landon""]",\N,\N,\N,\N,\N,\N
078ov,"Krodel, AJ",RP,NYM,\N,"[""krodel aj""]",\N,\N,\N,\N,\N,\N
06j3g,"Hernandez, Cesar",LF,HOU,\N,"[""hernandez cesar""]",\N,\N,\N,\N,\N,\N
06yt9,"Bazil, Sterling",SS,DET,\N,"[""bazil sterling""]",\N,\N,\N,\N,\N,\N
"10010#30",Team Hitting,TmH,\N,\N,[],\N,\N,\N,\N,\N,\N
078ow,"Isler, Nate",SP,NYM,\N,"[""isler nate""]",\N,\N,\N,\N,\N,\N
06j3h,"Mathis, Cole",3B,NYM,\N,"[""mathis cole""]",\N,\N,\N,\N,\N,\N
078ot,"Crotchfelt, Zach",RP,NYM,\N,"[""crotchfelt zach""]",\N,\N,\N,\N,\N,\N
06yt7,"Sheffield, Noah",3B,(N/A),\N,"[""sheffield noah""]",\N,\N,\N,\N,\N,\N
078ou,"Madrid, Jacob",C,NYM,\N,"[""madrid jacob""]",\N,\N,\N,\N,\N,\N
06j3f,"Pena, Luis",SS,MIL,\N,"[""pena luis""]",\N,\N,\N,\N,\N,\N
06yt8,"Hernandez, Miguel",SS,STL,\N,[],\N,\N,\N,\N,\N,\N
078or,"Gonzalez, Andrew",3B,NYY,\N,"[""gonzalez andrew""]",\N,\N,\N,\N,\N,\N
03pir,"Tucker, Kyle",RF,LAD,\N,"[""tucker kyle""]",\N,\N,\N,\N,\N,\N
078os,"Hagens, Dustin",RP,NYM,\N,"[""hagens dustin""]",\N,\N,\N,\N,\N,\N
06yt6,"Surowiec, Ethan",1B,(N/A),\N,"[""surowiec ethan""]",\N,\N,\N,\N,\N,\N
052im,"Batten, Matthew",1B,(N/A),\N,"[""batten matthew""]",\N,\N,\N,\N,\N,\N
078op,"Hot, Bayram",2B,NYY,\N,"[""hot bayram""]",\N,\N,\N,\N,\N,\N
078oq,"Harpster, Michael",SP,NYY,\N,"[""harpster michael""]",\N,\N,\N,\N,\N,\N
078on,"Berggren, Austin",RP,NYY,\N,"[""berggren austin""]",\N,\N,\N,\N,\N,\N
078oo,"Potestio, Anthony",SS,NYY,\N,"[""potestio anthony""]",\N,\N,\N,\N,\N,\N
078ol,"Castellanos, Diego",LF,NYY,\N,"[""castellanos diego""]",\N,\N,\N,\N,\N,\N
078om,"Garris, Lee",CF,NYY,\N,"[""garris lee""]",\N,\N,\N,\N,\N,\N
078oj,"Duarte, Cristhian",SP,TOR,\N,"[""duarte cristhian""]",\N,\N,\N,\N,\N,\N
06hpz,"Longwell, Aidan",1B,COL,\N,"[""longwell aidan""]",\N,\N,\N,\N,\N,\N
052ij,"Gonzalez, Domingo",SP,SEA,\N,"[""gonzalez domingo""]",\N,\N,\N,\N,\N,\N
078ok,"Ahern, Garrett",SP,NYY,\N,"[""ahern garrett""]",\N,\N,\N,\N,\N,\N
078oh,"Murdock, Steele",SP,MIN,\N,"[""murdock steele""]",\N,\N,\N,\N,\N,\N
06hpx,"Britt, Logan",SP,(N/A),\N,"[""britt logan""]",\N,\N,\N,\N,\N,\N
078oi,"Anderson, Jimmy",SS,BAL,\N,"[""anderson jimmy""]",\N,\N,\N,\N,\N,\N
06hpy,"Coley II, Mark",CF,MIL,\N,"[""coley ii mark""]",\N,\N,\N,\N,\N,\N
078of,"Adams, Will",1B,DET,\N,"[""adams will""]",\N,\N,\N,\N,\N,\N
06hpv,"Bragg, Kade",RP,MIA,\N,"[""bragg kade""]",\N,\N,\N,\N,\N,\N
078og,"Putnam, Tyler",P,COL,\N,"[""putnam tyler""]",\N,\N,\N,\N,\N,\N
06hpw,"Rey, Carlos",RP,ARI,\N,"[""rey carlos""]",\N,\N,\N,\N,\N,\N
06hpt,"Kane, Mikey",3B,(N/A),\N,"[""kane mikey""]",\N,\N,\N,\N,\N,\N
06hpu,"Flanagan, Ethan",SP,CHC,\N,"[""flanagan ethan""]",\N,\N,\N,\N,\N,\N
06hpr,"Barnhart, Zane",RP,DET,\N,"[""barnhart zane""]",\N,\N,\N,\N,\N,\N
052ib,"Pena, Viandel",2B,DET,\N,"[""pena viandel""]",\N,\N,\N,\N,\N,\N
06hps,"Cavanaugh, Drew",C,SF,\N,"[""cavanaugh drew""]",\N,\N,\N,\N,\N,\N
06hpp,"Paige, Trey",1B,STL,\N,"[""paige trey""]",\N,\N,\N,\N,\N,\N
06hpq,"Snelsire, Hayden",RP,TB,\N,"[""snelsire hayden""]",\N,\N,\N,\N,\N,\N
06hpo,"Jenkins, Bryce",RP,NYM,\N,"[""jenkins bryce""]",\N,\N,\N,\N,\N,\N
052hw,"Romero, Carlos",RP,(N/A),\N,"[""romero carlos""]",\N,\N,\N,\N,\N,\N
06yqz,"Estrada, Mason",SP,LAD,\N,"[""estrada mason""]",\N,\N,\N,\N,\N,\N
078p9,"Burns, Thomas",RP,MIN,\N,"[""burns thomas""]",\N,\N,\N,\N,\N,\N
052ht,"Gonzalez, Wikelman",RP,MIA,\N,"[""gonzalez wikelman""]",\N,\N,\N,\N,\N,\N
03pj6,"Martin, Richie",SS,COL,\N,"[""martin richie""]",\N,\N,\N,\N,\N,\N
03pj5,"Chalmers, Dakota",RP,(N/A),\N,"[""chalmers dakota""]",\N,\N,\N,\N,\N,\N
06yqy,"Vidourek, Landyn",RF,COL,\N,"[""vidourek landyn""]",\N,\N,\N,\N,\N,\N
03pj8,"Stewart, DJ",RF,(N/A),\N,"[""stewart dj""]",\N,\N,\N,\N,\N,\N
078p7,"Teel, Aidan",CF,MIN,\N,"[""teel aidan""]",\N,\N,\N,\N,\N,\N
078p8,"Raab, JT",SP,MIN,\N,"[""raab jt""]",\N,\N,\N,\N,\N,\N
03pj2,"Newman, Kevin",SS,KC,\N,"[""newman kevin""]",\N,\N,\N,\N,\N,\N
078p5,"Lane, Isaiah",SS,MIN,\N,"[""lane isaiah""]",\N,\N,\N,\N,\N,\N
078p6,"Turner, Colby",LF,MIN,\N,"[""turner colby""]",\N,\N,\N,\N,\N,\N
078p3,"Scholvin, Charlie",SS,MIN,\N,"[""scholvin charlie""]",\N,\N,\N,\N,\N,\N
03pj4,"Ponce, Cody",SP,TOR,\N,"[""ponce cody""]",\N,\N,\N,\N,\N,\N
078p4,"Bouchard, Alec",SP,MIN,\N,"[""bouchard alec""]",\N,\N,\N,\N,\N,\N
03pj3,"Burrows, Beau",RP,PIT,\N,"[""burrows beau""]",\N,\N,\N,\N,\N,\N
078p1,"McAnelly, Colter",SP,MIN,\N,"[""mcanelly colter""]",\N,\N,\N,\N,\N,\N
078p2,"Prather, Hideki",C,MIN,\N,"[""prather hideki""]",\N,\N,\N,\N,\N,\N
078p0,"Barnett, Michael",SP,MIN,\N,"[""barnett michael""]",\N,\N,\N,\N,\N,\N
06hoy,"Patick, Sterling",SP,LAD,\N,"[""patick sterling""]",\N,\N,\N,\N,\N,\N
06hoz,"Magee, Cam",SS,(N/A),\N,"[""magee cam""]",\N,\N,\N,\N,\N,\N
06hq9,"Zitella, Jake",3B,(N/A),\N,"[""zitella jake""]",\N,\N,\N,\N,\N,\N
06how,"Morales, Coby",1B,NYY,\N,"[""morales coby""]",\N,\N,\N,\N,\N,\N
06hox,"Gustin, Harry",RP,SD,\N,"[""gustin harry""]",\N,\N,\N,\N,\N,\N
06hq7,"Gallegos, Isaac",RP,ATL,\N,"[""gallegos isaac""]",\N,\N,\N,\N,\N,\N
06hov,"Baker, Alec",SP,ARI,\N,"[""baker alec""]",\N,\N,\N,\N,\N,\N
06hq8,"Cali, Caleb",3B,SEA,\N,"[""cali caleb""]",\N,\N,\N,\N,\N,\N
078nc,"Gentile, Daniel",SP,CLE,\N,"[""gentile daniel""]",\N,\N,\N,\N,\N,\N
06hq5,"Landry, Andrew",SP,NYY,\N,"[""landry andrew""]",\N,\N,\N,\N,\N,\N
078nd,"Sandefer, Russell",SP,LAD,\N,"[""sandefer russell""]",\N,\N,\N,\N,\N,\N
06hot,"Correa, Yanzel",RP,COL,\N,"[""correa yanzel""]",\N,\N,\N,\N,\N,\N
06hq6,"Whiting, Sam",RP,SEA,\N,"[""whiting sam""]",\N,\N,\N,\N,\N,\N
078na,"Gutierrez-Contreras II, Paul",OF,NYY,\N,"[""gutierrez contreras ii paul""]",\N,\N,\N,\N,\N,\N
06hoq,"Harrison, Kalae",2B,(N/A),\N,"[""harrison kalae""]",\N,\N,\N,\N,\N,\N
06hq3,"Bush, Will",C,HOU,\N,"[""bush will""]",\N,\N,\N,\N,\N,\N
06yqb,"DiMartini, Michael",CF,(N/A),\N,"[""dimartini michael""]",\N,\N,\N,\N,\N,\N
078nb,"Roa, Angel",SP,BOS,\N,"[""roa angel""]",\N,\N,\N,\N,\N,\N
06hq4,"Russo, Luke",RP,PHI,\N,"[""russo luke""]",\N,\N,\N,\N,\N,\N
06hor,"Russell, Stone",1B,KC,\N,"[""russell stone""]",\N,\N,\N,\N,\N,\N
06hoo,"Shaver, A.J.",CF,(N/A),\N,"[""shaver a j""]",\N,\N,\N,\N,\N,\N
06hq2,"Baldo, Merrick",RP,WSH,\N,"[""baldo merrick""]",\N,\N,\N,\N,\N,\N
06hop,"Langford, Colby",RP,HOU,\N,"[""langford colby""]",\N,\N,\N,\N,\N,\N
06yqa,"Wing, Kaleb",SP,CHC,\N,"[""wing kaleb""]",\N,\N,\N,\N,\N,\N
06hom,"Yost, Eric",SP,SD,\N,"[""yost eric""]",\N,\N,\N,\N,\N,\N
06hon,"Rodriguez, Wilson",LF,NYY,\N,"[""rodriguez wilson""]",\N,\N,\N,\N,\N,\N
06hq0,"Perry, Kamdyn",SP,TEX,\N,"[""perry kamdyn""]",\N,\N,\N,\N,\N,\N
06hu1,"Friedrick, Ross",1B,(N/A),\N,"[""friedrick ross""]",\N,\N,\N,\N,\N,\N
06hsp,"Jimenez, Linbel",RP,(N/A),\N,"[""jimenez linbel""]",\N,\N,\N,\N,\N,\N
06hu2,"Adkison, Chase",C,LAD,\N,"[""adkison chase""]",\N,\N,\N,\N,\N,\N
065nw,"Young, Luke",RP,WSH,\N,"[""young luke""]",\N,\N,\N,\N,\N,\N
078qx,"Lawson, Joey",C,MIA,\N,"[""lawson joey""]",\N,\N,\N,\N,\N,\N
06hsi,"Mendez, Lenin",RP,(N/A),\N,"[""mendez lenin""]",\N,\N,\N,\N,\N,\N
06yty,"Alva, Juan",1B,MIA,\N,"[""alva juan""]",\N,\N,\N,\N,\N,\N
078qy,"Williams Jr, Dimitri",CF,COL,\N,"[""williams jr dimitri""]",\N,\N,\N,\N,\N,\N
06ytz,"Duran, Yovanny",CF,MIN,\N,"[""duran yovanny""]",\N,\N,\N,\N,\N,\N
078s8,"Byrd, Justin",RP,LAA,\N,"[""byrd justin""]",\N,\N,\N,\N,\N,\N
078qv,"Zion, Ezekiel",CF,SD,\N,"[""zion ezekiel""]",\N,\N,\N,\N,\N,\N
06hsg,"Amaral, Austin",RP,WSH,\N,"[""amaral austin""]",\N,\N,\N,\N,\N,\N
065nt,"Young, Taylor",3B,LAD,\N,"[""young taylor""]",\N,\N,\N,\N,\N,\N
06ytw,"Torres, Juan",2B,NYY,\N,"[""torres juan""]",\N,\N,\N,\N,\N,\N
078qw,"McDonald, Riley",SP,KC,\N,"[""mcdonald riley""]",\N,\N,\N,\N,\N,\N
078s9,"Alonso, Dylan",RP,KC,\N,"[""alonso dylan""]",\N,\N,\N,\N,\N,\N
06hsh,"Guillemette, Garret",C,HOU,\N,"[""guillemette garret""]",\N,\N,\N,\N,\N,\N
06ytx,"Presbot, Sandy",CF,MIA,\N,"[""presbot sandy""]",\N,\N,\N,\N,\N,\N
065ns,"Taylor, Troy",RP,SEA,\N,"[""taylor troy""]",\N,\N,\N,\N,\N,\N
078qt,"Gonzalez, Samuel",RP,ARI,\N,[],\N,\N,\N,\N,\N,\N
078s6,"Hansen, Trevor",SP,LAA,\N,"[""hansen trevor""]",\N,\N,\N,\N,\N,\N
06hse,"Miknis, Justin",C,(N/A),\N,"[""miknis justin""]",\N,\N,\N,\N,\N,\N
06ytu,"Almao, Santiago",2B,TEX,\N,"[""almao santiago""]",\N,\N,\N,\N,\N,\N
065nv,"Alleyne, Bubba",CF,(N/A),\N,"[""alleyne bubba""]",\N,\N,\N,\N,\N,\N
078qu,"Gamboa, Jakson",SP,BOS,\N,"[""gamboa jakson""]",\N,\N,\N,\N,\N,\N
078s7,"Hetzler, Ryan",RP,LAA,\N,"[""hetzler ryan""]",\N,\N,\N,\N,\N,\N
06hsf,"Brown, Ryan",RP,ATH,\N,[],\N,\N,\N,\N,\N,\N
06ytv,"Ovalle, Fredderick",2B,PIT,\N,"[""ovalle fredderick""]",\N,\N,\N,\N,\N,\N
078s4,"Sammis, Jacob",SP,LAA,\N,"[""sammis jacob""]",\N,\N,\N,\N,\N,\N
078qr,"Oshinskie, Ryan",RP,MIL,\N,"[""oshinskie ryan""]",\N,\N,\N,\N,\N,\N
06hsc,"Hansell, Josh",SP,KC,\N,"[""hansell josh""]",\N,\N,\N,\N,\N,\N
06yts,"Mayorquin, Diustin",SP,MIL,\N,"[""mayorquin diustin""]",\N,\N,\N,\N,\N,\N
065np,"Baez, Nate",C,BOS,\N,"[""baez nate""]",\N,\N,\N,\N,\N,\N
078qs,"Feliciano, Sandor",2B,CIN,\N,"[""feliciano sandor""]",\N,\N,\N,\N,\N,\N
078s5,"Agresti, Adam",C,LAA,\N,"[""agresti adam""]",\N,\N,\N,\N,\N,\N
06hsd,"Moon, Bernard",2B,CIN,\N,"[""moon bernard""]",\N,\N,\N,\N,\N,\N
06ytt,"Rosario, Naimer",SP,ARI,\N,"[""rosario naimer""]",\N,\N,\N,\N,\N,\N
078qp,"Tom, Kellan",1B,MIL,\N,"[""tom kellan""]",\N,\N,\N,\N,\N,\N
078s2,"McGuire, Tate",SP,LAA,\N,"[""mcguire tate""]",\N,\N,\N,\N,\N,\N
06hsa,"Emener, Austin",RP,COL,\N,"[""emener austin""]",\N,\N,\N,\N,\N,\N
065nr,"Graham, Kevin",LF,(N/A),\N,"[""graham kevin""]",\N,\N,\N,\N,\N,\N
06ytq,"Gonzalez, Diomer",SP,ATH,\N,"[""gonzalez diomer""]",\N,\N,\N,\N,\N,\N
078s3,"Long, Jake",LF,LAA,\N,"[""long jake""]",\N,\N,\N,\N,\N,\N
078qq,"Hill, Grant",SP,MIL,\N,"[""hill grant""]",\N,\N,\N,\N,\N,\N
06hsb,"Evans, Donye",RP,DET,\N,"[""evans donye""]",\N,\N,\N,\N,\N,\N
06ytr,"Velasquez, Giussepe",SP,PHI,\N,"[""velasquez giussepe""]",\N,\N,\N,\N,\N,\N
065nq,"Pfennigs, Jake",RP,(N/A),\N,"[""pfennigs jake""]",\N,\N,\N,\N,\N,\N
078s0,"Grines, TJ",2B,LAA,\N,"[""grines tj""]",\N,\N,\N,\N,\N,\N
078qn,"Perry, Gavin",SP,MIL,\N,"[""perry gavin""]",\N,\N,\N,\N,\N,\N
"10090#50",Team,Tm,\N,\N,[],\N,\N,\N,\N,\N,\N
078s1,"Orloski, Robert",SP,LAA,\N,"[""orloski robert""]",\N,\N,\N,\N,\N,\N
078qo,"Gaines, Andrew",RP,MIL,\N,"[""gaines andrew""]",\N,\N,\N,\N,\N,\N
06ytp,"Merritt, Caden",RF,ATL,\N,"[""merritt caden""]",\N,\N,\N,\N,\N,\N
078ql,"Smith, Brady",SP,MIL,\N,[],\N,\N,\N,\N,\N,\N
065nn,"Adams, Blake",SP,COL,\N,"[""adams blake""]",\N,\N,\N,\N,\N,\N
078qm,"Kruzan, Marcus",SP,MIL,\N,"[""kruzan marcus""]",\N,\N,\N,\N,\N,\N
06hrz,"Hornung, Jackson",1B,(N/A),\N,"[""hornung jackson""]",\N,\N,\N,\N,\N,\N
078qk,"Barker, Bane",SP,MIA,\N,"[""barker bane""]",\N,\N,\N,\N,\N,\N
06hrx,"Colmenares, Samuel",RP,TOR,\N,"[""colmenares samuel""]",\N,\N,\N,\N,\N,\N
06hry,"Bradt, Tyler",RP,STL,\N,"[""bradt tyler""]",\N,\N,\N,\N,\N,\N
052kc,"Lara, Andry",SP,WSH,\N,"[""lara andry""]",\N,\N,\N,\N,\N,\N
06ht8,"Addkison, Zac",SP,(N/A),\N,"[""addkison zac""]",\N,\N,\N,\N,\N,\N
06ht9,"Thompson, Jordan",SS,(N/A),\N,"[""thompson jordan""]",\N,\N,\N,\N,\N,\N
06ht6,"Thomas, Jared",C,(N/A),\N,[],\N,\N,\N,\N,\N,\N
052kd,"Mercado, Reidy",CF,(N/A),\N,"[""mercado reidy""]",\N,\N,\N,\N,\N,\N
06ht7,"Frick, Tomas",C,NYY,\N,"[""frick tomas""]",\N,\N,\N,\N,\N,\N
06hrp,"Bass, Jayson",1B,MIN,\N,"[""bass jayson""]",\N,\N,\N,\N,\N,\N
06yta,"Munoz, Albert",RP,CHW,\N,"[""munoz albert""]",\N,\N,\N,\N,\N,\N
06ht3,"Bresnahan, Jacob",SP,SF,\N,"[""bresnahan jacob""]",\N,\N,\N,\N,\N,\N
06ytb,"De Los Santos, Angel",SS,DET,\N,"[""de los santos angel""]",\N,\N,\N,\N,\N,\N
06hro,"Troconis, Donny",SP,ATH,\N,"[""troconis donny""]",\N,\N,\N,\N,\N,\N
06yu0,"Chauran, Kleiver",2B,TB,\N,"[""chauran kleiver""]",\N,\N,\N,\N,\N,\N
03pji,"Hayes, KeBryan",3B,CIN,\N,"[""hayes kebryan""]",\N,\N,\N,\N,\N,\N
"10090#40",Team Pitching,TmP,\N,\N,[],\N,\N,\N,\N,\N,\N
03pjl,"Mountcastle, Ryan",1B,BAL,\N,"[""mountcastle ryan""]",\N,\N,\N,\N,\N,\N
06ysl,"Hernandez, Luis",1B,(N/A),\N,[],\N,\N,\N,\N,\N,\N
03pjf,"Soroka, Michael",SP,ARI,\N,"[""soroka michael""]",\N,\N,\N,\N,\N,\N
03pje,"Ward, Taylor",LF,SEA,\N,"[""ward taylor""]",\N,\N,\N,\N,\N,\N
06ysk,"Hamson, Kailen",SP,BAL,\N,"[""hamson kailen""]",\N,\N,\N,\N,\N,\N
06hs9,"Vaupel, Kevin",SP,(N/A),\N,"[""vaupel kevin""]",\N,\N,\N,\N,\N,\N
06ysh,"Seamon, Jacob",CF,(N/A),\N,"[""seamon jacob""]",\N,\N,\N,\N,\N,\N
03pja,"Cody, Kyle",RP,(N/A),\N,"[""cody kyle""]",\N,\N,\N,\N,\N,\N
06hs8,"Linskey, Matthew",RP,(N/A),\N,"[""linskey matthew""]",\N,\N,\N,\N,\N,\N
06ysg,"Knapp, Jake",SP,CHC,\N,"[""knapp jake""]",\N,\N,\N,\N,\N,\N
078pc,"Gonzalez, Jhon",CF,MIN,\N,"[""gonzalez jhon""]",\N,\N,\N,\N,\N,\N
03pjd,"Naylor, Josh",1B,SEA,\N,"[""naylor josh""]",\N,\N,\N,\N,\N,\N
06hs5,"Stebens, Isaac",RP,BOS,\N,"[""stebens isaac""]",\N,\N,\N,\N,\N,\N
03pjc,"Kingery, Scott",2B,(N/A),\N,"[""kingery scott""]",\N,\N,\N,\N,\N,\N
078pa,"Antonio, Enyer",2B,MIA,\N,"[""antonio enyer""]",\N,\N,\N,\N,\N,\N
078pb,"Echavarria, Sebastian",RP,MIN,\N,"[""echavarria sebastian""]",\N,\N,\N,\N,\N,\N
06hs4,"Eberly, Weston",C,(N/A),\N,"[""eberly weston""]",\N,\N,\N,\N,\N,\N
06hs1,"Timmerman, Josh",RP,MIL,\N,"[""timmerman josh""]",\N,\N,\N,\N,\N,\N
06hs2,"Urman, Cole",C,(N/A),\N,"[""urman cole""]",\N,\N,\N,\N,\N,\N
078kx,"Eckelman, Mason",C,SEA,\N,"[""eckelman mason""]",\N,\N,\N,\N,\N,\N
065j8,"Jasiak, Jack",RP,CLE,\N,"[""jasiak jack""]",\N,\N,\N,\N,\N,\N
078ky,"Wynn, Ryan",SS,SEA,\N,"[""wynn ryan""]",\N,\N,\N,\N,\N,\N
065j7,"DeVos, Nolan",SP,HOU,\N,"[""devos nolan""]",\N,\N,\N,\N,\N,\N
078kv,"Jeon, Eric",3B,SEA,\N,"[""jeon eric""]",\N,\N,\N,\N,\N,\N
078kw,"Whalen, Drew",RP,SEA,\N,"[""whalen drew""]",\N,\N,\N,\N,\N,\N
065j9,"Hernandez, Sammy",C,STL,\N,"[""hernandez sammy""]",\N,\N,\N,\N,\N,\N
078kt,"Marshburn, Connor",SP,SEA,\N,"[""marshburn connor""]",\N,\N,\N,\N,\N,\N
065j4,"Price, Collin",C,HOU,\N,"[""price collin""]",\N,\N,\N,\N,\N,\N
078ku,"Queen, Wyatt",RP,SEA,\N,"[""queen wyatt""]",\N,\N,\N,\N,\N,\N
078kr,"Diaz, Chris",SP,SEA,\N,"[""diaz chris""]",\N,\N,\N,\N,\N,\N
065j6,"Stanavich, Dale",RP,MIA,\N,"[""stanavich dale""]",\N,\N,\N,\N,\N,\N
078ks,"Treto, Anthony",RP,SEA,\N,"[""treto anthony""]",\N,\N,\N,\N,\N,\N
065j5,"Cook, Alex",RP,TB,\N,"[""cook alex""]",\N,\N,\N,\N,\N,\N
078kp,"Torres, Chris",SP,SEA,\N,"[""torres chris""]",\N,\N,\N,\N,\N,\N
065j0,"Culpepper, C.J.",SP,MIN,\N,"[""culpepper c j""]",\N,\N,\N,\N,\N,\N
078kq,"Sutherland, Charlie",1B,SEA,\N,"[""sutherland charlie""]",\N,\N,\N,\N,\N,\N
078kn,"Bakes, Brayden",RF,PHI,\N,"[""bakes brayden""]",\N,\N,\N,\N,\N,\N
078m0,"Lavey, Robbie",C,SD,\N,"[""lavey robbie""]",\N,\N,\N,\N,\N,\N
065j2,"Coutney, Matt",1B,LAA,\N,"[""coutney matt""]",\N,\N,\N,\N,\N,\N
052g0,"Cruz, Angel",2B,(N/A),\N,[],\N,\N,\N,\N,\N,\N
06ynm,"Hall, Nathan",CF,ARI,\N,[],\N,\N,\N,\N,\N,\N
06ynn,"Cohen, Trevor",CF,SF,\N,"[""cohen trevor""]",\N,\N,\N,\N,\N,\N
078kj,"Schaefer, Derek",RP,STL,\N,"[""schaefer derek""]",\N,\N,\N,\N,\N,\N
078kk,"Henne, Owen",SS,STL,\N,"[""henne owen""]",\N,\N,\N,\N,\N,\N
06ynl,"Cook, Jake",CF,TOR,\N,"[""cook jake""]",\N,\N,\N,\N,\N,\N
078kh,"Lobliner, Jayden",C,STL,\N,"[""lobliner jayden""]",\N,\N,\N,\N,\N,\N
078ki,"Harrison, Luke",SP,STL,\N,"[""harrison luke""]",\N,\N,\N,\N,\N,\N
078kf,"Haley, Jacob",RP,STL,\N,"[""haley jacob""]",\N,\N,\N,\N,\N,\N
06hn8,"Frey, Riley",RP,ATL,\N,"[""frey riley""]",\N,\N,\N,\N,\N,\N
078kg,"Bonn, Nick",RP,STL,\N,"[""bonn nick""]",\N,\N,\N,\N,\N,\N
06hn9,"Green, Spencer",SP,LAD,\N,"[""green spencer""]",\N,\N,\N,\N,\N,\N
078kd,"Thomas, Matthew",RF,STL,\N,"[""thomas matthew""]",\N,\N,\N,\N,\N,\N
06hn6,"Pagliarini, Charlie",2B,SEA,\N,"[""pagliarini charlie""]",\N,\N,\N,\N,\N,\N
078ke,"Horn, Drew",SP,STL,\N,"[""horn drew""]",\N,\N,\N,\N,\N,\N
06hn7,"Harlow, Josh",RP,CLE,\N,"[""harlow josh""]",\N,\N,\N,\N,\N,\N
078kb,"Garmon, Brian",RP,STL,\N,"[""garmon brian""]",\N,\N,\N,\N,\N,\N
06hn4,"Munson, Aaron",RP,TOR,\N,"[""munson aaron""]",\N,\N,\N,\N,\N,\N
078kc,"Alba, Jaden",RP,STL,\N,"[""alba jaden""]",\N,\N,\N,\N,\N,\N
06hn5,"Tarlow, Graysen",C,STL,\N,"[""tarlow graysen""]",\N,\N,\N,\N,\N,\N
06hn2,"Guzman, Adonys",C,BOS,\N,"[""guzman adonys""]",\N,\N,\N,\N,\N,\N
078ka,"Moran, Dallis",RP,STL,\N,"[""moran dallis""]",\N,\N,\N,\N,\N,\N
06hn3,"Stevenson, Owen",SP,(N/A),\N,"[""stevenson owen""]",\N,\N,\N,\N,\N,\N
03pdw,"Benintendi, Andrew",LF,CHW,\N,"[""benintendi andrew""]",\N,\N,\N,\N,\N,\N
078jy,"Russell, Aidan",RP,MIN,\N,"[""russell aidan""]",\N,\N,\N,\N,\N,\N
078jz,"Wall, Finnegan",SP,MIN,\N,"[""wall finnegan""]",\N,\N,\N,\N,\N,\N
03pdy,"Cordero, Jimmy",RP,(N/A),\N,"[""cordero jimmy""]",\N,\N,\N,\N,\N,\N
078jw,"Whelan, Will",RP,TEX,\N,"[""whelan will""]",\N,\N,\N,\N,\N,\N
078l9,"Brasch, Cody",SP,SF,\N,"[""brasch cody""]",\N,\N,\N,\N,\N,\N
078jx,"Nash, Jackson",RP,TEX,\N,"[""nash jackson""]",\N,\N,\N,\N,\N,\N
078ju,"Brewer, Landon",SP,TEX,\N,"[""brewer landon""]",\N,\N,\N,\N,\N,\N
078l7,"Korn, Ian",RP,SF,\N,"[""korn ian""]",\N,\N,\N,\N,\N,\N
078jv,"Capacete, Alfredo",RP,TEX,\N,"[""capacete alfredo""]",\N,\N,\N,\N,\N,\N
078l8,"Mancini, Mike",2B,SF,\N,"[""mancini mike""]",\N,\N,\N,\N,\N,\N
078js,"Cobb, Collin",SP,TEX,\N,"[""cobb collin""]",\N,\N,\N,\N,\N,\N
078l5,"Kemp, Josiah",CF,SF,\N,"[""kemp josiah""]",\N,\N,\N,\N,\N,\N
04si3,"Rocchio, Brayan",SS,CLE,\N,"[""rocchio brayan""]",\N,\N,\N,\N,\N,\N
078l6,"Bussey, Charlie",1B,SF,\N,"[""bussey charlie""]",\N,\N,\N,\N,\N,\N
078jt,"Crabtree, Brandon",1B,TEX,\N,"[""crabtree brandon""]",\N,\N,\N,\N,\N,\N
04si2,"Vaughn, Andrew",1B,MIL,\N,"[""vaughn andrew""]",\N,\N,\N,\N,\N,\N
078jq,"Martin, Brayden",3B,TOR,\N,"[""martin brayden""]",\N,\N,\N,\N,\N,\N
078l3,"Smith, Drew",RF,SF,\N,[],\N,\N,\N,\N,\N,\N
078jr,"Kaufer, Max",C,TEX,\N,"[""kaufer max""]",\N,\N,\N,\N,\N,\N
078l4,"Solis, Alex",RP,SF,\N,"[""solis alex""]",\N,\N,\N,\N,\N,\N
04si4,"Alvarez, Jhosmer",RP,(N/A),\N,"[""alvarez jhosmer""]",\N,\N,\N,\N,\N,\N
078jo,"Nayral, Mathis",SP,TOR,\N,"[""nayral mathis""]",\N,\N,\N,\N,\N,\N
078jp,"Garcia, Santiago",RP,TOR,\N,[],\N,\N,\N,\N,\N,\N
078jm,"de la Torre, Oliver",SP,TOR,\N,"[""de la torre oliver""]",\N,\N,\N,\N,\N,\N
078jn,"Kelley, Connor",RP,TOR,\N,"[""kelley connor""]",\N,\N,\N,\N,\N,\N
078l0,"Taylor, Nathan",SP,SEA,\N,"[""taylor nathan""]",\N,\N,\N,\N,\N,\N
078jl,"Cormier, Carson",SP,TOR,\N,"[""cormier carson""]",\N,\N,\N,\N,\N,\N
078jc,"Hansmann, Max",RP,WSH,\N,"[""hansmann max""]",\N,\N,\N,\N,\N,\N
078jd,"Peterson, Gage",SP,WSH,\N,"[""peterson gage""]",\N,\N,\N,\N,\N,\N
078ja,"Williams, Nick",LF,WSH,\N,"[""williams nick""]",\N,\N,\N,\N,\N,\N
078jb,"Dugger, Cashel",C,WSH,\N,"[""dugger cashel""]",\N,\N,\N,\N,\N,\N
078mz,"Consiglio, Cooper",SP,PHI,\N,"[""consiglio cooper""]",\N,\N,\N,\N,\N,\N
06hol,"Fox, Luke",SP,LAD,\N,"[""fox luke""]",\N,\N,\N,\N,\N,\N
078mx,"Titsworth, Drew",RP,PHI,\N,"[""titsworth drew""]",\N,\N,\N,\N,\N,\N
06hoi,"Chenault, Ethan",RP,PHI,\N,"[""chenault ethan""]",\N,\N,\N,\N,\N,\N
078my,"Moroney, Reece",SS,PHI,\N,"[""moroney reece""]",\N,\N,\N,\N,\N,\N
06hoj,"Sharp, Jacob",C,TOR,\N,"[""sharp jacob""]",\N,\N,\N,\N,\N,\N
078mv,"Clemmey, Patrick",SP,PHI,\N,"[""clemmey patrick""]",\N,\N,\N,\N,\N,\N
06hog,"Kennedy, Tyler",SP,(N/A),\N,"[""kennedy tyler""]",\N,\N,\N,\N,\N,\N
078mw,"Coppola, Christian",RP,PHI,\N,"[""coppola christian""]",\N,\N,\N,\N,\N,\N
06hoh,"True, Derek",SP,HOU,\N,"[""true derek""]",\N,\N,\N,\N,\N,\N
078mt,"Quintanar, Matt",C,PHI,\N,"[""quintanar matt""]",\N,\N,\N,\N,\N,\N
078mu,"Clyne, Owen",SS,PHI,\N,"[""clyne owen""]",\N,\N,\N,\N,\N,\N
06yr8,"Alcantara, Fabian",RF,SD,\N,"[""alcantara fabian""]",\N,\N,\N,\N,\N,\N
078mr,"Rideout-Carter, Damarcus",RP,PIT,\N,"[""rideout carter damarcus""]",\N,\N,\N,\N,\N,\N
052i1,"De La Rosa, Luis",SP,(N/A),\N,"[""de la rosa luis""]",\N,\N,\N,\N,\N,\N
06hoc,"Rodriguez, Raudi",RF,LAA,\N,"[""rodriguez raudi""]",\N,\N,\N,\N,\N,\N
078ms,"Evans, Spencer",SP,PIT,\N,"[""evans spencer""]",\N,\N,\N,\N,\N,\N
06hod,"Olmstead, Johnny",SS,MIA,\N,"[""olmstead johnny""]",\N,\N,\N,\N,\N,\N
06hoa,"Dean, Nick",SP,CHC,\N,"[""dean nick""]",\N,\N,\N,\N,\N,\N
06hob,"Crenshaw, Wyatt",2B,(N/A),\N,"[""crenshaw wyatt""]",\N,\N,\N,\N,\N,\N
078mn,"Helman, Nate",RP,PIT,\N,"[""helman nate""]",\N,\N,\N,\N,\N,\N
06ypo,"Hill, Luke",3B,CLE,\N,"[""hill luke""]",\N,\N,\N,\N,\N,\N
078mo,"OLeary, Liam",SP,PIT,\N,"[""oleary liam""]",\N,\N,\N,\N,\N,\N
06hnz,"Peguero, Fernando",2B,BAL,\N,"[""peguero fernando""]",\N,\N,\N,\N,\N,\N
065jh,"Phansalkar, Roman",RP,(N/A),\N,"[""phansalkar roman""]",\N,\N,\N,\N,\N,\N
065jg,"Franzen, Caleb",SP,SEA,\N,"[""franzen caleb""]",\N,\N,\N,\N,\N,\N
06hny,"Torres, Bryan",2B,STL,\N,"[""torres bryan""]",\N,\N,\N,\N,\N,\N
065ji,"Marsee, Jakob",CF,MIA,\N,"[""marsee jakob""]",\N,\N,\N,\N,\N,\N
065jd,"Trenkle, Caeden",CF,(N/A),\N,"[""trenkle caeden""]",\N,\N,\N,\N,\N,\N
06hp6,"Fogell, Zach",RP,BOS,\N,"[""fogell zach""]",\N,\N,\N,\N,\N,\N
065jf,"Ricketts, Caleb",C,PHI,\N,"[""ricketts caleb""]",\N,\N,\N,\N,\N,\N
06hp7,"Garcia Jr., Hector",SP,(N/A),\N,"[""garcia jr hector""]",\N,\N,\N,\N,\N,\N
065je,"Czyz, T.J.",SP,(N/A),\N,"[""czyz t j""]",\N,\N,\N,\N,\N,\N
06hnr,"Ferreras, Pascanel",SS,HOU,\N,"[""ferreras pascanel""]",\N,\N,\N,\N,\N,\N
06hp5,"Imhoff, Anthony",SP,(N/A),\N,"[""imhoff anthony""]",\N,\N,\N,\N,\N,\N
06hnp,"Warrecker, Bryce",RP,NYY,\N,"[""warrecker bryce""]",\N,\N,\N,\N,\N,\N
06hp2,"Kublick, Hunter",SP,STL,\N,"[""kublick hunter""]",\N,\N,\N,\N,\N,\N
065jb,"Adametz, Joe",RP,TEX,\N,"[""adametz joe""]",\N,\N,\N,\N,\N,\N
06hnq,"Bennett, Pierce",2B,(N/A),\N,"[""bennett pierce""]",\N,\N,\N,\N,\N,\N
06hp3,"Pilon, Jeremy",SP,TB,\N,"[""pilon jeremy""]",\N,\N,\N,\N,\N,\N
06hnn,"Clark, Kellum",LF,(N/A),\N,"[""clark kellum""]",\N,\N,\N,\N,\N,\N
06hp0,"Jachec, Matt",RP,CLE,\N,"[""jachec matt""]",\N,\N,\N,\N,\N,\N
06hp1,"Ouderkirk, Daniel",RP,SEA,\N,"[""ouderkirk daniel""]",\N,\N,\N,\N,\N,\N
06hno,"King, Will",C,(N/A),\N,"[""king will""]",\N,\N,\N,\N,\N,\N
065iz,"Harvey, Ryan",RP,DET,\N,"[""harvey ryan""]",\N,\N,\N,\N,\N,\N
06hnl,"Chambers, Justin",RP,LAD,\N,"[""chambers justin""]",\N,\N,\N,\N,\N,\N
06hnm,"Peterson, Kai",RP,WSH,\N,"[""peterson kai""]",\N,\N,\N,\N,\N,\N
078ly,"Contrades, Nuu",3B,SD,\N,"[""contrades nuu""]",\N,\N,\N,\N,\N,\N
052h8,"Rodriguez, Jesus",C,SF,\N,[],\N,\N,\N,\N,\N,\N
078lz,"Conover, Alex",LF,SD,\N,"[""conover alex""]",\N,\N,\N,\N,\N,\N
065iv,"Reilly, Vince",RP,CHC,\N,"[""reilly vince""]",\N,\N,\N,\N,\N,\N
078lw,"Stubbs, Benjamin",SP,SD,\N,"[""stubbs benjamin""]",\N,\N,\N,\N,\N,\N
078n9,"Pellegrin, Dominic",SS,DET,\N,"[""pellegrin dominic""]",\N,\N,\N,\N,\N,\N
06hnh,"McCroskey, Mac",2B,LAA,\N,"[""mccroskey mac""]",\N,\N,\N,\N,\N,\N
065iy,"Noland, Connor",SP,CHC,\N,"[""noland connor""]",\N,\N,\N,\N,\N,\N
078lx,"Fitzpatrick, Sean",RP,SD,\N,"[""fitzpatrick sean""]",\N,\N,\N,\N,\N,\N
06hni,"Wright, Garrett",RP,CHW,\N,[],\N,\N,\N,\N,\N,\N
065ix,"Beck, Jared",RP,(N/A),\N,"[""beck jared""]",\N,\N,\N,\N,\N,\N
078lu,"McHugh, Chris",1B,SD,\N,"[""mchugh chris""]",\N,\N,\N,\N,\N,\N
078n7,"Battista, Dominic",OF,KC,\N,"[""battista dominic""]",\N,\N,\N,\N,\N,\N
06yq8,"Youngerman, Sean",RP,PHI,\N,"[""youngerman sean""]",\N,\N,\N,\N,\N,\N
078lv,"Lopez, Augie",C,SD,\N,"[""lopez augie""]",\N,\N,\N,\N,\N,\N
078n8,"Durnin, Kam",SS,HOU,\N,"[""durnin kam""]",\N,\N,\N,\N,\N,\N
06hng,"Ignoffo, Ryan",C,MIA,\N,"[""ignoffo ryan""]",\N,\N,\N,\N,\N,\N
065ir,"Corcoran, Billy",SP,ARI,\N,"[""corcoran billy""]",\N,\N,\N,\N,\N,\N
06yq9,"Kohn, Pico",SP,NYY,\N,"[""kohn pico""]",\N,\N,\N,\N,\N,\N
078n5,"Roberson, Wessley",OF,MIA,\N,"[""roberson wessley""]",\N,\N,\N,\N,\N,\N
078ls,"Smith, Michael",RF,SD,\N,"[""smith michael""]",\N,\N,\N,\N,\N,\N
06hnd,"Stumbo, Peyton",SP,PIT,\N,"[""stumbo peyton""]",\N,\N,\N,\N,\N,\N
06yq6,"Martin, Maximus",SS,BOS,\N,"[""martin maximus""]",\N,\N,\N,\N,\N,\N
078n6,"McDevitt, Josh",SP,ARI,\N,"[""mcdevitt josh""]",\N,\N,\N,\N,\N,\N
078lt,"Evans, Rob",SP,SD,\N,"[""evans rob""]",\N,\N,\N,\N,\N,\N
05x06,"Ugueto, Miguel",CF,STL,\N,"[""ugueto miguel""]",\N,\N,\N,\N,\N,\N
06hne,"Rogers, Johnathan",RP,DET,\N,"[""rogers johnathan""]",\N,\N,\N,\N,\N,\N
06yq7,"Monistere, Nick",SS,HOU,\N,"[""monistere nick""]",\N,\N,\N,\N,\N,\N
078n3,"Winslow, Macon",C,PHI,\N,"[""winslow macon""]",\N,\N,\N,\N,\N,\N
078lq,"Kucherak, Ryan",SS,SD,\N,"[""kucherak ryan""]",\N,\N,\N,\N,\N,\N
06hnb,"Steward, Casey",SP,PHI,\N,"[""steward casey""]",\N,\N,\N,\N,\N,\N
078lr,"Brachbill, Ty",SP,SD,\N,"[""brachbill ty""]",\N,\N,\N,\N,\N,\N
078n4,"Jelkin, Jaxon",SP,PHI,\N,"[""jelkin jaxon""]",\N,\N,\N,\N,\N,\N
06hnc,"Barrera, Diego",RP,ATH,\N,"[""barrera diego""]",\N,\N,\N,\N,\N,\N
06yq5,"Williams, Dixon",2B,ATL,\N,"[""williams dixon""]",\N,\N,\N,\N,\N,\N
078n1,"Rhudy, Bo",RP,PHI,\N,"[""rhudy bo""]",\N,\N,\N,\N,\N,\N
06hna,"Cecil, Adler",RP,SD,\N,"[""cecil adler""]",\N,\N,\N,\N,\N,\N
078n0,"Danilowicz, Wyatt",RP,PHI,\N,"[""danilowicz wyatt""]",\N,\N,\N,\N,\N,\N
078li,"Roblez, Albert",RP,SD,\N,"[""roblez albert""]",\N,\N,\N,\N,\N,\N
06ho9,"Tucker, Stanley",RF,BOS,\N,"[""tucker stanley""]",\N,\N,\N,\N,\N,\N
06ho7,"Santana, Paulino",LF,TEX,\N,"[""santana paulino""]",\N,\N,\N,\N,\N,\N
06yof,"Morris, Mason",SP,CIN,\N,"[""morris mason""]",\N,\N,\N,\N,\N,\N
06ho8,"Connor, Caden",LF,CHW,\N,"[""connor caden""]",\N,\N,\N,\N,\N,\N
078lc,"Downs, Chris",RP,SD,\N,"[""downs chris""]",\N,\N,\N,\N,\N,\N
078ld,"Quatrani, Mark",C,SD,\N,"[""quatrani mark""]",\N,\N,\N,\N,\N,\N
078la,"Bryans, Beau",SP,SF,\N,"[""bryans beau""]",\N,\N,\N,\N,\N,\N
078kz,"Lucas, Trevor",3B,SEA,\N,"[""lucas trevor""]",\N,\N,\N,\N,\N,\N
06hys,"Joseph, Dawel",3B,SEA,\N,"[""joseph dawel""]",\N,\N,\N,\N,\N,\N
06hyt,"Sanchez, Adolfo",CF,CIN,\N,"[""sanchez adolfo""]",\N,\N,\N,\N,\N,\N
06hyq,"Blanco, Kennew",SS,TOR,\N,"[""blanco kennew""]",\N,\N,\N,\N,\N,\N
06hyr,"De Los Santos, Daiber",SS,MIN,\N,"[""de los santos daiber""]",\N,\N,\N,\N,\N,\N
06hyp,"Radney, Adriel",RF,ARI,\N,"[""radney adriel""]",\N,\N,\N,\N,\N,\N
065v8,"Clark, Logun",C,CLE,\N,"[""clark logun""]",\N,\N,\N,\N,\N,\N
065v7,"Luckham, Kyle",SP,WSH,\N,"[""luckham kyle""]",\N,\N,\N,\N,\N,\N
04u6u,"Florentino, Randy",C,(N/A),\N,"[""florentino randy""]",\N,\N,\N,\N,\N,\N
05vy9,"Ramirez, Pedro",3B,CHC,\N,"[""ramirez pedro""]",\N,\N,\N,\N,\N,\N
065v9,"Pridgen, Patrick",RP,(N/A),\N,"[""pridgen patrick""]",\N,\N,\N,\N,\N,\N
05vy6,"Miller, Bryce",SP,SEA,\N,"[""miller bryce""]",\N,\N,\N,\N,\N,\N
06yzu,"Brick, Will",C,TOR,\N,"[""brick will""]",\N,\N,\N,\N,\N,\N
065v4,"Johnson, Marques",RP,SF,\N,"[""johnson marques""]",\N,\N,\N,\N,\N,\N
0410p,"Bergner, Austin",SP,(N/A),\N,"[""bergner austin""]",\N,\N,\N,\N,\N,\N
06yzv,"Meccage, Kyler",LF,(N/A),\N,"[""meccage kyler""]",\N,\N,\N,\N,\N,\N
05vy4,"Silva, Eric",SP,DET,\N,"[""silva eric""]",\N,\N,\N,\N,\N,\N
078y4,"Escalona, Ysaias",SP,CIN,\N,"[""escalona ysaias""]",\N,\N,\N,\N,\N,\N
065v6,"Hyde, Braxton",RP,COL,\N,"[""hyde braxton""]",\N,\N,\N,\N,\N,\N
06yzs,"Thomas III, Frank",1B,(N/A),\N,"[""thomas iii frank""]",\N,\N,\N,\N,\N,\N
05vy5,"Jensen, Carter",C,KC,\N,"[""jensen carter""]",\N,\N,\N,\N,\N,\N
065v5,"Lawson, Cortland",SS,WSH,\N,"[""lawson cortland""]",\N,\N,\N,\N,\N,\N
06yzt,"McMahan, Rylan",SP,(N/A),\N,"[""mcmahan rylan""]",\N,\N,\N,\N,\N,\N
065v0,"Dallas, Micah",RP,ATH,\N,"[""dallas micah""]",\N,\N,\N,\N,\N,\N
06yzr,"Borthwick, Coleman",3B,SD,\N,"[""borthwick coleman""]",\N,\N,\N,\N,\N,\N
065v1,"OTremba, Tanner",LF,(N/A),\N,"[""otremba tanner""]",\N,\N,\N,\N,\N,\N
06yzk,"Alford, Slate",DH,LAA,\N,"[""alford slate""]",\N,\N,\N,\N,\N,\N
06yzi,"Bozzo, Greg",C,NYY,\N,"[""bozzo greg""]",\N,\N,\N,\N,\N,\N
06yzj,"Bonomolo, Richie",LF,NYY,\N,"[""bonomolo richie""]",\N,\N,\N,\N,\N,\N
06yzg,"Breedlove, Austin",RP,NYY,\N,"[""breedlove austin""]",\N,\N,\N,\N,\N,\N
06yzh,"Braunschweig, Logan",LF,ATL,\N,"[""braunschweig logan""]",\N,\N,\N,\N,\N,\N
06yze,"Cebert, Jack",RP,WSH,\N,"[""cebert jack""]",\N,\N,\N,\N,\N,\N
06yzf,"Bucknam, Micah",SP,TOR,\N,"[""bucknam micah""]",\N,\N,\N,\N,\N,\N
078vy,"Boshell, Cody",1B,ARI,\N,"[""boshell cody""]",\N,\N,\N,\N,\N,\N
078vz,"Lettow, Rohan",SP,PIT,\N,"[""lettow rohan""]",\N,\N,\N,\N,\N,\N
078vx,"Georges, Logan",P,TB,\N,"[""georges logan""]",\N,\N,\N,\N,\N,\N
078vu,"Williams, Javar",LF,ATH,\N,"[""williams javar""]",\N,\N,\N,\N,\N,\N
078vv,"Steele, Mason",SP,ARI,\N,"[""steele mason""]",\N,\N,\N,\N,\N,\N
078vs,"Blanco, Evan",SP,ATH,\N,"[""blanco evan""]",\N,\N,\N,\N,\N,\N
06yyt,"Espinal, Edian",2B,DET,\N,"[""espinal edian""]",\N,\N,\N,\N,\N,\N
078vt,"Aceves, Nathan",SP,ATH,\N,"[""aceves nathan""]",\N,\N,\N,\N,\N,\N
06yyu,"Fox, Rory",SP,NYY,\N,"[""fox rory""]",\N,\N,\N,\N,\N,\N
078vq,"OConnell, Dylan",LF,ATH,\N,"[""oconnell dylan""]",\N,\N,\N,\N,\N,\N
06yyr,"Frost, Jacob",SP,LAD,\N,"[""frost jacob""]",\N,\N,\N,\N,\N,\N
078vr,"Sivrich, Caden",SP,ATH,\N,"[""sivrich caden""]",\N,\N,\N,\N,\N,\N
06yys,"Magana, Mario",CF,(N/A),\N,"[""magana mario""]",\N,\N,\N,\N,\N,\N
078vo,"Kibler, Dom",C,ATL,\N,"[""kibler dom""]",\N,\N,\N,\N,\N,\N
06yyp,"Hall, Nathan",SP,NYM,\N,[],\N,\N,\N,\N,\N,\N
078vp,"August, Tyler",RP,ATH,\N,"[""august tyler""]",\N,\N,\N,\N,\N,\N
06yyq,"Grable, Ben",SP,WSH,\N,"[""grable ben""]",\N,\N,\N,\N,\N,\N
078vm,"Hamilton, Brady",SP,ATL,\N,"[""hamilton brady""]",\N,\N,\N,\N,\N,\N
06yyn,"Primera, Franklin",C,BOS,\N,"[""primera franklin""]",\N,\N,\N,\N,\N,\N
078vn,"Dorland, Cole",SP,ATL,\N,"[""dorland cole""]",\N,\N,\N,\N,\N,\N
06yyo,"Kemp, Tyriq",2B,KC,\N,"[""kemp tyriq""]",\N,\N,\N,\N,\N,\N
078vk,"Harper, Dalton",C,ATL,\N,"[""harper dalton""]",\N,\N,\N,\N,\N,\N
06yyl,"Moroknek, Jack",RF,WSH,\N,"[""moroknek jack""]",\N,\N,\N,\N,\N,\N
078vl,"Klein, Caleb",RF,ATL,\N,"[""klein caleb""]",\N,\N,\N,\N,\N,\N
078vi,"Marrero, Leo",C,BAL,\N,"[""marrero leo""]",\N,\N,\N,\N,\N,\N
06hwy,"Fitzgibbons, Jake",RP,ARI,\N,"[""fitzgibbons jake""]",\N,\N,\N,\N,\N,\N
06yyj,"Jackson, Core",SS,NYY,\N,"[""jackson core""]",\N,\N,\N,\N,\N,\N
078vj,"Normal, Ross",SP,(N/A),\N,"[""normal ross""]",\N,\N,\N,\N,\N,\N
06hwz,"Sellinger, Jack",RP,MIA,\N,"[""sellinger jack""]",\N,\N,\N,\N,\N,\N
06yyk,"Gilman, Jason",SP,BOS,\N,"[""gilman jason""]",\N,\N,\N,\N,\N,\N
078vg,"Hugas, Miguel",SP,BAL,\N,"[""hugas miguel""]",\N,\N,\N,\N,\N,\N
06hww,"Ingrassia, Jojo",RP,DET,\N,"[""ingrassia jojo""]",\N,\N,\N,\N,\N,\N
06yyh,"Lovasz, Carter",RP,ATL,\N,"[""lovasz carter""]",\N,\N,\N,\N,\N,\N
078vh,"Sumner, Garrison",SP,BAL,\N,"[""sumner garrison""]",\N,\N,\N,\N,\N,\N
06hwx,"Hamilton, Xander",RP,(N/A),\N,"[""hamilton xander""]",\N,\N,\N,\N,\N,\N
078ve,"Fry, Brayden",SS,BAL,\N,"[""fry brayden""]",\N,\N,\N,\N,\N,\N
06hwu,"Lansville, Cale",SP,(N/A),\N,"[""lansville cale""]",\N,\N,\N,\N,\N,\N
06yyf,"Mahlstedt, Lucas",RP,LAA,\N,"[""mahlstedt lucas""]",\N,\N,\N,\N,\N,\N
078vf,"Smith, Braden",SP,BAL,\N,"[""smith braden""]",\N,\N,\N,\N,\N,\N
06hwv,"Felix, Edrick",3B,(N/A),\N,"[""felix edrick""]",\N,\N,\N,\N,\N,\N
06yyg,"Maddox, Riley",SP,WSH,\N,"[""maddox riley""]",\N,\N,\N,\N,\N,\N
078zg,"Holmes, Will",SP,ATL,\N,"[""holmes will""]",\N,\N,\N,\N,\N,\N
078zh,"Oda, Shoki",P,(N/A),\N,"[""oda shoki""]",\N,\N,\N,\N,\N,\N
078ze,"White, KJ",SS,ATH,\N,"[""white kj""]",\N,\N,\N,\N,\N,\N
078zf,"Engskov, Patrick",SS,ATL,\N,"[""engskov patrick""]",\N,\N,\N,\N,\N,\N
078zd,"Whitman, James",1B,ATH,\N,"[""whitman james""]",\N,\N,\N,\N,\N,\N
0413a,"Fuentes, Josh",3B,(N/A),\N,"[""fuentes josh""]",\N,\N,\N,\N,\N,\N
078yz,"Maiorana, Keaton",P,MIL,\N,"[""maiorana keaton""]",\N,\N,\N,\N,\N,\N
05vyr,"Torres, Jose",SS,COL,\N,"[""torres jose""]",\N,\N,\N,\N,\N,\N
05vyo,"Betemit Jr., Wilson",SP,(N/A),\N,"[""betemit jr wilson""]",\N,\N,\N,\N,\N,\N
05vyl,"Velez, Antonio",SP,(N/A),\N,"[""velez antonio""]",\N,\N,\N,\N,\N,\N
05vym,"Hsu, Jo-Hsi",SP,(N/A),\N,"[""hsu jo hsi""]",\N,\N,\N,\N,\N,\N
065uz,"Jones, Kyle",RP,(N/A),\N,[],\N,\N,\N,\N,\N,\N
065uw,"Schweitzer, Tyler",RP,CHW,\N,"[""schweitzer tyler""]",\N,\N,\N,\N,\N,\N
052ru,"Smith, Josh",SS,TOR,\N,[],\N,\N,\N,\N,\N,\N
065uv,"King, Joseph",RP,STL,\N,"[""king joseph""]",\N,\N,\N,\N,\N,\N
078z9,"Patel, Mason",RP,ATH,\N,"[""patel mason""]",\N,\N,\N,\N,\N,\N
06hzh,"Teus, Yereny",SP,TB,\N,"[""teus yereny""]",\N,\N,\N,\N,\N,\N
065uy,"Bower, Sam",SP,SF,\N,"[""bower sam""]",\N,\N,\N,\N,\N,\N
004ee,"Scherzer, Max",SP,TOR,\N,"[""scherzer max""]",\N,\N,\N,\N,\N,\N
065ux,"Rock, Dylan",LF,(N/A),\N,"[""rock dylan""]",\N,\N,\N,\N,\N,\N
078z7,"Fitzgerald, Colin",SP,ATH,\N,"[""fitzgerald colin""]",\N,\N,\N,\N,\N,\N
078xu,"Hart, Carson",OF,MIL,\N,"[""hart carson""]",\N,\N,\N,\N,\N,\N
078z8,"Inoue, Shintaro",2B,ATH,\N,"[""inoue shintaro""]",\N,\N,\N,\N,\N,\N
06hzg,"Guillen, Xavier",RF,(N/A),\N,"[""guillen xavier""]",\N,\N,\N,\N,\N,\N
078xs,"Melendez, Kenneth",C,NYY,\N,"[""melendez kenneth""]",\N,\N,\N,\N,\N,\N
052rt,"Collins, Darryl",CF,(N/A),\N,"[""collins darryl""]",\N,\N,\N,\N,\N,\N
078z5,"Aude, Max",C,ATH,\N,"[""aude max""]",\N,\N,\N,\N,\N,\N
078z6,"Fernandes, Alex",OF,ATH,\N,"[""fernandes alex""]",\N,\N,\N,\N,\N,\N
078xt,"Navarro, Cesar",SP,ATL,\N,"[""navarro cesar""]",\N,\N,\N,\N,\N,\N
078z3,"Gonzalez, Julio",P,NYM,\N,"[""gonzalez julio""]",\N,\N,\N,\N,\N,\N
078xq,"Santos, Onardi",P,MIA,\N,"[""santos onardi""]",\N,\N,\N,\N,\N,\N
078xr,"Porras, Gabriel",2B,TOR,\N,"[""porras gabriel""]",\N,\N,\N,\N,\N,\N
078xo,"Rodriguez, Gregory",C,TB,\N,"[""rodriguez gregory""]",\N,\N,\N,\N,\N,\N
078xp,"Rondon, Maicoll",SS,KC,\N,"[""rondon maicoll""]",\N,\N,\N,\N,\N,\N
078z2,"Rogers, AJ",RP,SD,\N,"[""rogers aj""]",\N,\N,\N,\N,\N,\N
078xm,"Jaime, Ezequiel",RF,MIA,\N,"[""jaime ezequiel""]",\N,\N,\N,\N,\N,\N
078xn,"Montero, Oscar",SP,NYM,\N,"[""montero oscar""]",\N,\N,\N,\N,\N,\N
078z0,"Irving, Max",SS,LAD,\N,"[""irving max""]",\N,\N,\N,\N,\N,\N
078xk,"Westmoreland, Brannon",SP,ARI,\N,"[""westmoreland brannon""]",\N,\N,\N,\N,\N,\N
078xl,"Herrera, Miguel",SP,LAD,\N,"[""herrera miguel""]",\N,\N,\N,\N,\N,\N
078xi,"Jasso, Joseph",RP,ARI,\N,"[""jasso joseph""]",\N,\N,\N,\N,\N,\N
078xj,"Evans, Andrew",SP,ARI,\N,"[""evans andrew""]",\N,\N,\N,\N,\N,\N
06hyx,"Mall, Dalton",SP,(N/A),\N,"[""mall dalton""]",\N,\N,\N,\N,\N,\N
06hw3,"Cooper, Riley",SP,BAL,\N,"[""cooper riley""]",\N,\N,\N,\N,\N,\N
06huq,"Lawrence, Colson",RP,(N/A),\N,"[""lawrence colson""]",\N,\N,\N,\N,\N,\N
06ywb,"Kubiuk, Dan",RP,(N/A),\N,"[""kubiuk dan""]",\N,\N,\N,\N,\N,\N
06hw4,"Lais, Dane",RP,SD,\N,"[""lais dane""]",\N,\N,\N,\N,\N,\N
06hur,"Hobson, Caleb",CF,COL,\N,"[""hobson caleb""]",\N,\N,\N,\N,\N,\N
06ywc,"Heidel, Brayden",RP,TOR,\N,"[""heidel brayden""]",\N,\N,\N,\N,\N,\N
05g4n,"Nolasco, Rodolfo",RF,(N/A),\N,"[""nolasco rodolfo""]",\N,\N,\N,\N,\N,\N
06huo,"Durke, Hayden",RP,ARI,\N,"[""durke hayden""]",\N,\N,\N,\N,\N,\N
06hw1,"Garcia, Yirer",C,TB,\N,"[""garcia yirer""]",\N,\N,\N,\N,\N,\N
06j7p,"Salomon, Mariano",RP,NYY,\N,"[""salomon mariano""]",\N,\N,\N,\N,\N,\N
06hw2,"Jobert, Brayden",1B,(N/A),\N,"[""jobert brayden""]",\N,\N,\N,\N,\N,\N
06ywa,"Lumpkin, Reese",RP,SEA,\N,"[""lumpkin reese""]",\N,\N,\N,\N,\N,\N
05g4l,"Bitsko, Nick",RP,(N/A),\N,"[""bitsko nick""]",\N,\N,\N,\N,\N,\N
06hum,"Lee, Jeremy",SP,(N/A),\N,"[""lee jeremy""]",\N,\N,\N,\N,\N,\N
05g4m,"Nadal, Deivis",SS,(N/A),\N,"[""nadal deivis""]",\N,\N,\N,\N,\N,\N
06hw0,"Johnson, Bjorn",RP,MIL,\N,"[""johnson bjorn""]",\N,\N,\N,\N,\N,\N
06hun,"Armstrong, Sam",SP,MIN,\N,"[""armstrong sam""]",\N,\N,\N,\N,\N,\N
05g4j,"Kelley, Jared",RP,CHW,\N,"[""kelley jared""]",\N,\N,\N,\N,\N,\N
078sz,"Padgett, Cam",RP,BOS,\N,"[""padgett cam""]",\N,\N,\N,\N,\N,\N
06huk,"Galanie, Ryan",1B,CHW,\N,"[""galanie ryan""]",\N,\N,\N,\N,\N,\N
05g4k,"Abel, Mick",SP,MIN,\N,"[""abel mick""]",\N,\N,\N,\N,\N,\N
078sx,"Scott, Jack",P,COL,\N,"[""scott jack""]",\N,\N,\N,\N,\N,\N
078sy,"Piech, Ryan",SP,BAL,\N,"[""piech ryan""]",\N,\N,\N,\N,\N,\N
06huj,"Ortiz, Jose",RF,SF,\N,"[""ortiz jose""]",\N,\N,\N,\N,\N,\N
06yvz,"Gonzalez, Deiry",SP,PHI,\N,"[""gonzalez deiry""]",\N,\N,\N,\N,\N,\N
078sv,"Lachance, Deiten",C,CLE,\N,"[""lachance deiten""]",\N,\N,\N,\N,\N,\N
078u8,"Marsh, Tanner",SS,ATH,\N,"[""marsh tanner""]",\N,\N,\N,\N,\N,\N
06hug,"Broecker, Bryan",C,TB,\N,"[""broecker bryan""]",\N,\N,\N,\N,\N,\N
078sw,"Morton, Isaac",P,CHC,\N,"[""morton isaac""]",\N,\N,\N,\N,\N,\N
078u9,"Katz, Chris",OF,ARI,\N,"[""katz chris""]",\N,\N,\N,\N,\N,\N
06huh,"Wichrowski, Brett",SP,MIL,\N,"[""wichrowski brett""]",\N,\N,\N,\N,\N,\N
078st,"Fonseca, Luis",RP,CHW,\N,"[""fonseca luis""]",\N,\N,\N,\N,\N,\N
078u6,"Williams, Lance",SP,CHC,\N,"[""williams lance""]",\N,\N,\N,\N,\N,\N
06hue,"Sullivan, William",1B,(N/A),\N,"[""sullivan william""]",\N,\N,\N,\N,\N,\N
06yvu,"Richardson, Grant",SP,ATH,\N,[],\N,\N,\N,\N,\N,\N
078su,"Banks, Hagan",RP,MIN,\N,"[""banks hagan""]",\N,\N,\N,\N,\N,\N
078u7,"McKinney, Collin",SP,BAL,\N,"[""mckinney collin""]",\N,\N,\N,\N,\N,\N
06huf,"Orf, Brennan",1B,(N/A),\N,"[""orf brennan""]",\N,\N,\N,\N,\N,\N
078u4,"Schoenfeld, Paul",LF,ARI,\N,"[""schoenfeld paul""]",\N,\N,\N,\N,\N,\N
078sr,"Addari, Michael",RP,HOU,\N,"[""addari michael""]",\N,\N,\N,\N,\N,\N
06huc,"Dale, Elijah",RP,SEA,\N,"[""dale elijah""]",\N,\N,\N,\N,\N,\N
05g4c,"Polanco, Ronny",3B,(N/A),\N,"[""polanco ronny""]",\N,\N,\N,\N,\N,\N
078ss,"Fisher, Troy",SS,ATL,\N,"[""fisher troy""]",\N,\N,\N,\N,\N,\N
078u5,"Guy, Colby",RP,MIA,\N,"[""guy colby""]",\N,\N,\N,\N,\N,\N
06hud,"Simon, Ben",RP,NYM,\N,"[""simon ben""]",\N,\N,\N,\N,\N,\N
078sp,"Nowak, Owen",CF,HOU,\N,"[""nowak owen""]",\N,\N,\N,\N,\N,\N
078u2,"Plunkett, Will",SS,BAL,\N,"[""plunkett will""]",\N,\N,\N,\N,\N,\N
06hua,"Davidson, Bo",CF,SF,\N,"[""davidson bo""]",\N,\N,\N,\N,\N,\N
078u3,"Weaver, Aidan",SP,ATH,\N,"[""weaver aidan""]",\N,\N,\N,\N,\N,\N
078sq,"Fiene, Peyton",RP,HOU,\N,"[""fiene peyton""]",\N,\N,\N,\N,\N,\N
06hub,"Makarewich, Alex",RP,LAD,\N,"[""makarewich alex""]",\N,\N,\N,\N,\N,\N
078u0,"Rossow, David",SP,ATH,\N,"[""rossow david""]",\N,\N,\N,\N,\N,\N
078sn,"Galloway, Rashawn",C,HOU,\N,"[""galloway rashawn""]",\N,\N,\N,\N,\N,\N
078u1,"Turnquist, Carson",SP,ARI,\N,"[""turnquist carson""]",\N,\N,\N,\N,\N,\N
078so,"Thomas, Brady",1B,HOU,\N,"[""thomas brady""]",\N,\N,\N,\N,\N,\N
078sl,"Soto, Petey",SS,HOU,\N,"[""soto petey""]",\N,\N,\N,\N,\N,\N
078sm,"Tryon, Ben",LF,HOU,\N,"[""tryon ben""]",\N,\N,\N,\N,\N,\N
078sj,"Uebelhor, Mick",RP,HOU,\N,"[""uebelhor mick""]",\N,\N,\N,\N,\N,\N
06htz,"Blackwell, Benjamin",SS,(N/A),\N,"[""blackwell benjamin""]",\N,\N,\N,\N,\N,\N
05g3z,"Yabbour, Joseph",RP,(N/A),\N,"[""yabbour joseph""]",\N,\N,\N,\N,\N,\N
078sk,"Miller, Noah",C,HOU,\N,[],\N,\N,\N,\N,\N,\N
078sh,"Possehl, Hunter",SP,KC,\N,"[""possehl hunter""]",\N,\N,\N,\N,\N,\N
06htx,"Calarco, Anthony",1B,(N/A),\N,"[""calarco anthony""]",\N,\N,\N,\N,\N,\N
05g3x,"Garcia, Maikel",3B,KC,\N,"[""garcia maikel""]",\N,\N,\N,\N,\N,\N
078si,"Vigue, Dylan",SP,KC,\N,"[""vigue dylan""]",\N,\N,\N,\N,\N,\N
078sf,"Fontenot, Grant",RP,KC,\N,"[""fontenot grant""]",\N,\N,\N,\N,\N,\N
06hv8,"Evans, Logan",SP,SEA,\N,"[""evans logan""]",\N,\N,\N,\N,\N,\N
078sg,"Johnson, Camden",3B,KC,\N,"[""johnson camden""]",\N,\N,\N,\N,\N,\N
06htw,"Disla, Arturo",1B,TEX,\N,"[""disla arturo""]",\N,\N,\N,\N,\N,\N
06hv9,"Zinn, Keegan",RP,CLE,\N,"[""zinn keegan""]",\N,\N,\N,\N,\N,\N
078sd,"Hartley, Lance",RP,KC,\N,"[""hartley lance""]",\N,\N,\N,\N,\N,\N
06htt,"Lobus, Ryan",RP,TEX,\N,"[""lobus ryan""]",\N,\N,\N,\N,\N,\N
06hv6,"Murphy, Chandler",SP,TB,\N,"[""murphy chandler""]",\N,\N,\N,\N,\N,\N
078se,"Griffith, Tanner",CF,KC,\N,"[""griffith tanner""]",\N,\N,\N,\N,\N,\N
06hv7,"Yeager, Chay",RP,TOR,\N,"[""yeager chay""]",\N,\N,\N,\N,\N,\N
06htu,"Hurdle, Devin",2B,(N/A),\N,"[""hurdle devin""]",\N,\N,\N,\N,\N,\N
078sb,"Wickersham, Banks",C,KC,\N,"[""wickersham banks""]",\N,\N,\N,\N,\N,\N
06htr,"Arnold, Bryce",2B,(N/A),\N,"[""arnold bryce""]",\N,\N,\N,\N,\N,\N
078sc,"Hill, Dalton",RP,KC,\N,"[""hill dalton""]",\N,\N,\N,\N,\N,\N
06hts,"Savage, Luke",RP,TEX,\N,"[""savage luke""]",\N,\N,\N,\N,\N,\N
06htp,"Perry, Darius",C,(N/A),\N,"[""perry darius""]",\N,\N,\N,\N,\N,\N
078sa,"Clement, Madden",SP,KC,\N,"[""clement madden""]",\N,\N,\N,\N,\N,\N
06htq,"Sanchez, J.J.",RP,(N/A),\N,"[""sanchez j j""]",\N,\N,\N,\N,\N,\N
06htn,"Ketchup, Caleb",LF,(N/A),\N,"[""ketchup caleb""]",\N,\N,\N,\N,\N,\N
06hto,"Belgrave, Nigel",RP,MIA,\N,"[""belgrave nigel""]",\N,\N,\N,\N,\N,\N
05g3k,"Fernandez, Yanquiel",RF,NYY,\N,"[""fernandez yanquiel""]",\N,\N,\N,\N,\N,\N
06htl,"Johnson, Ty",SP,TB,\N,"[""johnson ty""]",\N,\N,\N,\N,\N,\N
05g3l,"Perez, Hedbert",RF,TOR,\N,"[""perez hedbert""]",\N,\N,\N,\N,\N,\N
06htm,"Britton, Rio",RP,ARI,\N,"[""britton rio""]",\N,\N,\N,\N,\N,\N
078ry,"Thompson, Kyeler",CF,LAD,\N,"[""thompson kyeler""]",\N,\N,\N,\N,\N,\N
06htj,"Perkins, Carlton",RP,CHW,\N,"[""perkins carlton""]",\N,\N,\N,\N,\N,\N
06yuz,"Seward, Dylan",SS,(N/A),\N,"[""seward dylan""]",\N,\N,\N,\N,\N,\N
078rz,"Gosztola, Miles",SP,LAD,\N,"[""gosztola miles""]",\N,\N,\N,\N,\N,\N
06htk,"Bengard, Spencer",RP,MIN,\N,"[""bengard spencer""]",\N,\N,\N,\N,\N,\N
03r06,"Feltner, Ryan",SP,COL,\N,"[""feltner ryan""]",\N,\N,\N,\N,\N,\N
078rw,"Johnson, Caleb",SS,LAD,\N,"[""johnson caleb""]",\N,\N,\N,\N,\N,\N
06hth,"Adamczewski, Josh",LF,MIL,\N,"[""adamczewski josh""]",\N,\N,\N,\N,\N,\N
06yux,"Jones Jr., Harry Chubb",SS,(N/A),\N,"[""jones jr harry chubb""]",\N,\N,\N,\N,\N,\N
078rx,"New, Cody",SP,LAD,\N,"[""new cody""]",\N,\N,\N,\N,\N,\N
03r05,"Morales, Jonathan",C,(N/A),\N,"[""morales jonathan""]",\N,\N,\N,\N,\N,\N
06hti,"Carmouche, Dylan",SP,CHW,\N,"[""carmouche dylan""]",\N,\N,\N,\N,\N,\N
06yuy,"Griffin, Jordin",LF,(N/A),\N,"[""griffin jordin""]",\N,\N,\N,\N,\N,\N
078ru,"Nasser, Aemed",CF,LAD,\N,"[""nasser aemed""]",\N,\N,\N,\N,\N,\N
06htf,"Sauer, Kelena",SP,TOR,\N,"[""sauer kelena""]",\N,\N,\N,\N,\N,\N
06yw8,"Myers, Carson",RP,TOR,\N,"[""myers carson""]",\N,\N,\N,\N,\N,\N
06yuv,"Chakar, Gavin",SP,(N/A),\N,"[""chakar gavin""]",\N,\N,\N,\N,\N,\N
078rv,"Rodriguez, Ryne",RP,LAD,\N,"[""rodriguez ryne""]",\N,\N,\N,\N,\N,\N
06htg,"Stevens, Will",RP,(N/A),\N,"[""stevens will""]",\N,\N,\N,\N,\N,\N
06yuw,"Wilson, Sebastian",LF,(N/A),\N,"[""wilson sebastian""]",\N,\N,\N,\N,\N,\N
06yw9,"McGinnis, Connor",2B,NYY,\N,"[""mcginnis connor""]",\N,\N,\N,\N,\N,\N
078rs,"Wimbish, Camden",RP,LAD,\N,"[""wimbish camden""]",\N,\N,\N,\N,\N,\N
06htd,"Lawson, Justin",RP,(N/A),\N,"[""lawson justin""]",\N,\N,\N,\N,\N,\N
06yw6,"Pengelly, Dayne",SP,TOR,\N,"[""pengelly dayne""]",\N,\N,\N,\N,\N,\N
078rt,"Sutton, Ethan",RP,LAD,\N,"[""sutton ethan""]",\N,\N,\N,\N,\N,\N
06hte,"Richardson, Tre",2B,STL,\N,"[""richardson tre""]",\N,\N,\N,\N,\N,\N
06yw7,"West, Justin",RP,NYY,\N,"[""west justin""]",\N,\N,\N,\N,\N,\N
078rq,"Selvig, Cole",SP,MIA,\N,"[""selvig cole""]",\N,\N,\N,\N,\N,\N
06htb,"Scott, Kyle",RP,CLE,\N,"[""scott kyle""]",\N,\N,\N,\N,\N,\N
06yw4,"OBrien, Brady",3B,SEA,\N,"[""obrien brady""]",\N,\N,\N,\N,\N,\N
078rr,"Bard, Luke",C,LAD,\N,"[""bard luke""]",\N,\N,\N,\N,\N,\N
06yw5,"ORourke, Tommy",RP,NYY,\N,"[""orourke tommy""]",\N,\N,\N,\N,\N,\N
078ro,"Tolbert, Nic",3B,MIA,\N,"[""tolbert nic""]",\N,\N,\N,\N,\N,\N
06yw2,"White, Sam",2B,TOR,\N,"[""white sam""]",\N,\N,\N,\N,\N,\N
078rp,"Guevara, Eric",3B,MIA,\N,"[""guevara eric""]",\N,\N,\N,\N,\N,\N
06hta,"Rodriguez, David",RP,ATL,\N,"[""rodriguez david""]",\N,\N,\N,\N,\N,\N
06yw3,"Wissinger, Reece",SP,TOR,\N,"[""wissinger reece""]",\N,\N,\N,\N,\N,\N
078rm,"Bundi, Fabio",SP,MIA,\N,"[""bundi fabio""]",\N,\N,\N,\N,\N,\N
06yw0,"Taylor, Zane",SP,ATH,\N,"[""taylor zane""]",\N,\N,\N,\N,\N,\N
078rn,"Peters, Zach",RP,MIA,\N,"[""peters zach""]",\N,\N,\N,\N,\N,\N
06yw1,"West, Kyle",1B,NYY,\N,"[""west kyle""]",\N,\N,\N,\N,\N,\N
078rk,"Kapa, Tyler",RP,MIA,\N,"[""kapa tyler""]",\N,\N,\N,\N,\N,\N
078rl,"Benge, Connor",RP,MIA,\N,"[""benge connor""]",\N,\N,\N,\N,\N,\N
06hsy,"Hernandez, Cristian",SP,MIN,\N,[],\N,\N,\N,\N,\N,\N
078rj,"Linder, Colin",SP,MIA,\N,"[""linder colin""]",\N,\N,\N,\N,\N,\N
06hsz,"Gil, John",SS,ATL,\N,"[""gil john""]",\N,\N,\N,\N,\N,\N
06hu9,"Hanchey, Ty",C,SF,\N,"[""hanchey ty""]",\N,\N,\N,\N,\N,\N
06hsw,"Calderon, Jaeden",1B,PHI,\N,"[""calderon jaeden""]",\N,\N,\N,\N,\N,\N
078rh,"Buursema, Porter",RP,MIA,\N,"[""buursema porter""]",\N,\N,\N,\N,\N,\N
06hsx,"Surumay, Jeicol",SP,(N/A),\N,"[""surumay jeicol""]",\N,\N,\N,\N,\N,\N
05g46,"Toribio, Noe",SP,(N/A),\N,"[""toribio noe""]",\N,\N,\N,\N,\N,\N
06hu7,"Tucker, Cody",SP,(N/A),\N,"[""tucker cody""]",\N,\N,\N,\N,\N,\N
06hsu,"Diaz, Brauli",3B,(N/A),\N,"[""diaz brauli""]",\N,\N,\N,\N,\N,\N
06yuf,"Bowen, Blake",RF,(N/A),\N,"[""bowen blake""]",\N,\N,\N,\N,\N,\N
05g47,"Baker, Darren",2B,SF,\N,"[""baker darren""]",\N,\N,\N,\N,\N,\N
06hu8,"Harris, Trent",RP,SF,\N,"[""harris trent""]",\N,\N,\N,\N,\N,\N
06yug,"Moss, Cooper",SP,(N/A),\N,"[""moss cooper""]",\N,\N,\N,\N,\N,\N
05g2r,"Colas, Oscar",CF,(N/A),\N,"[""colas oscar""]",\N,\N,\N,\N,\N,\N
06hss,"Arosemena, Pablo",1B,CLE,\N,"[""arosemena pablo""]",\N,\N,\N,\N,\N,\N
06hu5,"Fajardo, German",RP,SEA,\N,"[""fajardo german""]",\N,\N,\N,\N,\N,\N
06yud,"Loggie, Sean",SP,(N/A),\N,"[""loggie sean""]",\N,\N,\N,\N,\N,\N
06hst,"Mielcarek, Daniel",DH,LAD,\N,"[""mielcarek daniel""]",\N,\N,\N,\N,\N,\N
06hu6,"Belbin, Jarrod",1B,(N/A),\N,"[""belbin jarrod""]",\N,\N,\N,\N,\N,\N
06yue,"Davis, Nathaneal",LF,(N/A),\N,"[""davis nathaneal""]",\N,\N,\N,\N,\N,\N
06hu3,"Schomberg, Will",SP,MIA,\N,"[""schomberg will""]",\N,\N,\N,\N,\N,\N
06yub,"Lord, Denton",SP,(N/A),\N,"[""lord denton""]",\N,\N,\N,\N,\N,\N
06hu4,"Fitz-Gerald, Hunter",1B,SEA,\N,"[""fitz gerald hunter""]",\N,\N,\N,\N,\N,\N
06yuc,"Curry, AJ",1B,(N/A),\N,"[""curry aj""]",\N,\N,\N,\N,\N,\N
078vc,"Garrison, Gunnar",SP,BAL,\N,"[""garrison gunnar""]",\N,\N,\N,\N,\N,\N
06hws,"Robinson, Hayden",SP,MIL,\N,"[""robinson hayden""]",\N,\N,\N,\N,\N,\N
078vd,"Gutierrez, Diego",SP,BAL,\N,"[""gutierrez diego""]",\N,\N,\N,\N,\N,\N
06hwt,"Forret, Michael",SP,BAL,\N,"[""forret michael""]",\N,\N,\N,\N,\N,\N
078va,"Arvidson, Brandon",RP,CHC,\N,"[""arvidson brandon""]",\N,\N,\N,\N,\N,\N
03ppb,"Moreno, Gerson",RP,(N/A),\N,"[""moreno gerson""]",\N,\N,\N,\N,\N,\N
06hwq,"Valle, John",RP,(N/A),\N,"[""valle john""]",\N,\N,\N,\N,\N,\N
078vb,"Veasey, Ariston",RP,CHC,\N,"[""veasey ariston""]",\N,\N,\N,\N,\N,\N
03ppa,"Minter, A.J.",RP,MIN,\N,"[""minter a j""]",\N,\N,\N,\N,\N,\N
06hwr,"Odle, Jacob",SP,STL,\N,"[""odle jacob""]",\N,\N,\N,\N,\N,\N
06hwo,"Morehouse, Zane",RP,CLE,\N,"[""morehouse zane""]",\N,\N,\N,\N,\N,\N
06hwp,"Day, Ernie",SP,(N/A),\N,"[""day ernie""]",\N,\N,\N,\N,\N,\N
06yya,"Martin-Grudzielanek, Bryce",3B,NYY,\N,"[""martin grudzielanek bryce""]",\N,\N,\N,\N,\N,\N
06hwm,"Flatt, Danny",SP,NYY,\N,"[""flatt danny""]",\N,\N,\N,\N,\N,\N
06hwn,"Morgan, Tyler",RP,SD,\N,"[""morgan tyler""]",\N,\N,\N,\N,\N,\N
06hwk,"Tepper, Mikey",SP,WSH,\N,"[""tepper mikey""]",\N,\N,\N,\N,\N,\N
03pov,"Singer, Brady",SP,CIN,\N,"[""singer brady""]",\N,\N,\N,\N,\N,\N
06hwl,"Arnold, Zach",3B,(N/A),\N,"[""arnold zach""]",\N,\N,\N,\N,\N,\N
03poy,"Hillman, Juan",SP,(N/A),\N,"[""hillman juan""]",\N,\N,\N,\N,\N,\N
06hwi,"Simmons, Dylan",RP,CIN,\N,"[""simmons dylan""]",\N,\N,\N,\N,\N,\N
03pox,"Stevenson, Andrew",CF,(N/A),\N,"[""stevenson andrew""]",\N,\N,\N,\N,\N,\N
06hwj,"Lopez, John",2B,(N/A),\N,"[""lopez john""]",\N,\N,\N,\N,\N,\N
06hwg,"Isbell, Chase",RP,KC,\N,"[""isbell chase""]",\N,\N,\N,\N,\N,\N
06hwe,"Trausch, Michael",RP,TEX,\N,"[""trausch michael""]",\N,\N,\N,\N,\N,\N
06hwf,"Cerkownyk, Brady",C,WSH,\N,"[""cerkownyk brady""]",\N,\N,\N,\N,\N,\N
03poo,"Lambert, Peter",SP,HOU,\N,"[""lambert peter""]",\N,\N,\N,\N,\N,\N
03pon,"McKenzie, Triston",SP,(N/A),\N,"[""mckenzie triston""]",\N,\N,\N,\N,\N,\N
03poq,"Santillan, Tony",RP,CIN,\N,"[""santillan tony""]",\N,\N,\N,\N,\N,\N
06hwa,"Aguilar, Luis",RP,HOU,\N,"[""aguilar luis""]",\N,\N,\N,\N,\N,\N
06hwb,"Ogando, Joan",SP,HOU,\N,"[""ogando joan""]",\N,\N,\N,\N,\N,\N
03pok,"Nevin, Tyler",3B,(N/A),\N,"[""nevin tyler""]",\N,\N,\N,\N,\N,\N
078w0,"Jameson, Caleb",RP,ARI,\N,"[""jameson caleb""]",\N,\N,\N,\N,\N,\N
06yxo,"Smith, Angelo",RP,LAA,\N,"[""smith angelo""]",\N,\N,\N,\N,\N,\N
078w1,"Spanier, Jack",SS,ARI,\N,"[""spanier jack""]",\N,\N,\N,\N,\N,\N
03pom,"Riley, Austin",3B,ATL,\N,"[""riley austin""]",\N,\N,\N,\N,\N,\N
06yxm,"Smith, Boston",C,SEA,\N,"[""smith boston""]",\N,\N,\N,\N,\N,\N
03pol,"Woodford, Jake",SP,TB,\N,"[""woodford jake""]",\N,\N,\N,\N,\N,\N
06yxn,"Smith, Austin",CF,TOR,\N,[],\N,\N,\N,\N,\N,\N
06hvx,"Cande, Jarrod",SP,COL,\N,"[""cande jarrod""]",\N,\N,\N,\N,\N,\N
06yxi,"Livingston, Dean",SP,ARI,\N,"[""livingston dean""]",\N,\N,\N,\N,\N,\N
06hvy,"Reed, Carlson",SP,PIT,\N,"[""reed carlson""]",\N,\N,\N,\N,\N,\N
06yxg,"Rangel, Jonathan",1B,MIL,\N,"[""rangel jonathan""]",\N,\N,\N,\N,\N,\N
06yxh,"Flemming, Cooper",SS,TB,\N,"[""flemming cooper""]",\N,\N,\N,\N,\N,\N
06yxf,"Gil, Jhon",C,LAD,\N,"[""gil jhon""]",\N,\N,\N,\N,\N,\N
078ub,"Mauro, Dominic",RP,ATH,\N,"[""mauro dominic""]",\N,\N,\N,\N,\N,\N
06hx4,"Culpepper, Kaelen",SS,MIN,\N,"[""culpepper kaelen""]",\N,\N,\N,\N,\N,\N
06j8p,"Soto, Juarlin",3B,TOR,\N,"[""soto juarlin""]",\N,\N,\N,\N,\N,\N
06hx2,"Smith, David",LF,(N/A),\N,"[""smith david""]",\N,\N,\N,\N,\N,\N
078ua,"Ward, KJ",P,(N/A),\N,"[""ward kj""]",\N,\N,\N,\N,\N,\N
06hx3,"Trautwein, Michael",C,CIN,\N,"[""trautwein michael""]",\N,\N,\N,\N,\N,\N
06hx0,"Mann, Hunter",RP,COL,\N,"[""mann hunter""]",\N,\N,\N,\N,\N,\N
04bpj,"Walls, Taylor",SS,TB,\N,"[""walls taylor""]",\N,\N,\N,\N,\N,\N
06hx1,"Trentadue, Josh",SP,TEX,\N,"[""trentadue josh""]",\N,\N,\N,\N,\N,\N
078ty,"Cleary, Ben",SS,CLE,\N,"[""cleary ben""]",\N,\N,\N,\N,\N,\N
078tz,"Bean, Jake",SP,CLE,\N,"[""bean jake""]",\N,\N,\N,\N,\N,\N
03pp7,"Rainey, Tanner",RP,DET,\N,"[""rainey tanner""]",\N,\N,\N,\N,\N,\N
078v9,"Hernandez, Emanuel",C,CHC,\N,"[""hernandez emanuel""]",\N,\N,\N,\N,\N,\N
078tw,"Lane, Carson",SP,CLE,\N,"[""lane carson""]",\N,\N,\N,\N,\N,\N
03pp9,"Sborz, Josh",RP,TEX,\N,"[""sborz josh""]",\N,\N,\N,\N,\N,\N
078tx,"Dessens, Erick",CF,CLE,\N,"[""dessens erick""]",\N,\N,\N,\N,\N,\N
078tu,"Rolon, Sebastian",SP,CLE,\N,"[""rolon sebastian""]",\N,\N,\N,\N,\N,\N
078v7,"Naess, Griffin",SP,CHC,\N,"[""naess griffin""]",\N,\N,\N,\N,\N,\N
03pp4,"Hughes, Jonathan",RP,(N/A),\N,"[""hughes jonathan""]",\N,\N,\N,\N,\N,\N
06hvf,"Bosacker, Ethan",SP,KC,\N,"[""bosacker ethan""]",\N,\N,\N,\N,\N,\N
06yy8,"Munroe, Jake",3B,LAA,\N,"[""munroe jake""]",\N,\N,\N,\N,\N,\N
078v8,"Nunez, Corey",3B,CHC,\N,"[""nunez corey""]",\N,\N,\N,\N,\N,\N
078tv,"Garza, Alejandro",3B,CLE,\N,"[""garza alejandro""]",\N,\N,\N,\N,\N,\N
06hvg,"Callahan, Brett",RF,DET,\N,"[""callahan brett""]",\N,\N,\N,\N,\N,\N
06yy9,"Meola, Lorenzo",2B,SF,\N,"[""meola lorenzo""]",\N,\N,\N,\N,\N,\N
03pp6,"Jones, Jahmai",RF,BOS,\N,"[""jones jahmai""]",\N,\N,\N,\N,\N,\N
078ts,"Dillhoff, Parker",SP,CLE,\N,"[""dillhoff parker""]",\N,\N,\N,\N,\N,\N
078v5,"McGrath, Luke",RP,CHC,\N,"[""mcgrath luke""]",\N,\N,\N,\N,\N,\N
06hvd,"Johnston, Will",SP,ATH,\N,"[""johnston will""]",\N,\N,\N,\N,\N,\N
06yy6,"ONeal, Conner",C,LAD,\N,"[""oneal conner""]",\N,\N,\N,\N,\N,\N
078v6,"Pocol, Ashton",RP,CHC,\N,"[""pocol ashton""]",\N,\N,\N,\N,\N,\N
078tt,"Lutz, Travis",SP,CLE,\N,"[""lutz travis""]",\N,\N,\N,\N,\N,\N
03pp5,"Perkins, Blake",CF,CLE,\N,"[""perkins blake""]",\N,\N,\N,\N,\N,\N
06hve,"Adcock, Cody",RP,CIN,\N,"[""adcock cody""]",\N,\N,\N,\N,\N,\N
06yy7,"Neuschwander, Dalton",SP,BAL,\N,"[""neuschwander dalton""]",\N,\N,\N,\N,\N,\N
078tq,"Barrett, Hudson",SP,COL,\N,"[""barrett hudson""]",\N,\N,\N,\N,\N,\N
078v4,"Guth, Luke",RP,CHC,\N,"[""guth luke""]",\N,\N,\N,\N,\N,\N
078tr,"Cowan, Zac",SP,CLE,\N,"[""cowan zac""]",\N,\N,\N,\N,\N,\N
06hvc,"Beckel, Brandon",RP,PHI,\N,"[""beckel brandon""]",\N,\N,\N,\N,\N,\N
065s0,"Duran, Edinson",C,NYY,\N,"[""duran edinson""]",\N,\N,\N,\N,\N,\N
06yy5,"Pauley, Truman",SP,CHW,\N,"[""pauley truman""]",\N,\N,\N,\N,\N,\N
03pp2,"Staumont, Josh",RP,(N/A),\N,"[""staumont josh""]",\N,\N,\N,\N,\N,\N
078to,"Negrete, Mikiah",SP,COL,\N,"[""negrete mikiah""]",\N,\N,\N,\N,\N,\N
06yy2,"Royse, Zach",SP,ATL,\N,"[""royse zach""]",\N,\N,\N,\N,\N,\N
078tp,"Sagouspe, Tanner",SP,COL,\N,"[""sagouspe tanner""]",\N,\N,\N,\N,\N,\N
06hva,"Ruen, Noah",RP,LAD,\N,"[""ruen noah""]",\N,\N,\N,\N,\N,\N
06yy3,"Sailors, Nolan",CF,KC,\N,"[""sailors nolan""]",\N,\N,\N,\N,\N,\N
078tm,"Brewer, Garrett",RP,COL,\N,"[""brewer garrett""]",\N,\N,\N,\N,\N,\N
06ywn,"Snead, Nate",RP,LAA,\N,"[""snead nate""]",\N,\N,\N,\N,\N,\N
06yy0,"Laroche, Alberto",SP,SF,\N,"[""laroche alberto""]",\N,\N,\N,\N,\N,\N
078tn,"Swartz, Gavin",SP,COL,\N,"[""swartz gavin""]",\N,\N,\N,\N,\N,\N
06yy1,"Rodriguez, Nick",2B,LAA,\N,"[""rodriguez nick""]",\N,\N,\N,\N,\N,\N
078tk,"Niedzwiedz, Ryan",1B,COL,\N,"[""niedzwiedz ryan""]",\N,\N,\N,\N,\N,\N
06ywl,"Tonghini, Julian",RP,WSH,\N,"[""tonghini julian""]",\N,\N,\N,\N,\N,\N
078tl,"Collazo, Juriel",CF,COL,\N,"[""collazo juriel""]",\N,\N,\N,\N,\N,\N
06ywm,"Van Dyke, Ty",SP,STL,\N,"[""van dyke ty""]",\N,\N,\N,\N,\N,\N
078ti,"Swink, Josh",RP,COL,\N,"[""swink josh""]",\N,\N,\N,\N,\N,\N
06ywj,"Thompson, Danny",RP,TOR,\N,"[""thompson danny""]",\N,\N,\N,\N,\N,\N
078tj,"Larson, Sam",RP,COL,\N,"[""larson sam""]",\N,\N,\N,\N,\N,\N
06ywk,"Tippie, Matthew",RP,NYY,\N,"[""tippie matthew""]",\N,\N,\N,\N,\N,\N
06hw9,"Miller, Mason",RP,KC,\N,[],\N,\N,\N,\N,\N,\N
06ywh,"Davenport, Mason",RP,TOR,\N,"[""davenport mason""]",\N,\N,\N,\N,\N,\N
078th,"Omidi, Robert",3B,DET,\N,"[""omidi robert""]",\N,\N,\N,\N,\N,\N
06ywi,"Burnett, Robbie",RF,NYY,\N,"[""burnett robbie""]",\N,\N,\N,\N,\N,\N
078te,"Johnston, Jett",RP,DET,\N,"[""johnston jett""]",\N,\N,\N,\N,\N,\N
06hw7,"Hicks, James",SP,HOU,\N,"[""hicks james""]",\N,\N,\N,\N,\N,\N
06ywf,"Easterly, Reid",RP,SEA,\N,"[""easterly reid""]",\N,\N,\N,\N,\N,\N
078tf,"West, Tyler",CF,DET,\N,"[""west tyler""]",\N,\N,\N,\N,\N,\N
06hw8,"McMillan, Garrett",SP,PIT,\N,"[""mcmillan garrett""]",\N,\N,\N,\N,\N,\N
06ywg,"Durschlag, Konni",CF,SEA,\N,"[""durschlag konni""]",\N,\N,\N,\N,\N,\N
078tc,"Lane, Michael",SP,DET,\N,"[""lane michael""]",\N,\N,\N,\N,\N,\N
06hus,"Privette, William",RP,TEX,\N,"[""privette william""]",\N,\N,\N,\N,\N,\N
06hw5,"Tiedemann, Josh",RP,NYY,\N,"[""tiedemann josh""]",\N,\N,\N,\N,\N,\N
06ywd,"Gillespie, Blake",SP,NYY,\N,"[""gillespie blake""]",\N,\N,\N,\N,\N,\N
078td,"Alicea, Edwin",SP,DET,\N,"[""alicea edwin""]",\N,\N,\N,\N,\N,\N
06hw6,"Gair, Marty",RP,SF,\N,"[""gair marty""]",\N,\N,\N,\N,\N,\N
06ywe,"Genther, Eric",LF,NYY,\N,"[""genther eric""]",\N,\N,\N,\N,\N,\N
05xch,"Caminero, Junior",3B,TB,\N,"[""caminero junior""]",\N,\N,\N,\N,\N,\N
0429o,"Alexy, A.J.",SP,(N/A),\N,"[""alexy a j""]",\N,\N,\N,\N,\N,\N
0429q,"Rucker, Michael",RP,SEA,\N,"[""rucker michael""]",\N,\N,\N,\N,\N,\N
0429r,"Kranick, Max",RP,WSH,\N,"[""kranick max""]",\N,\N,\N,\N,\N,\N
0429k,"Holderman, Colin",RP,CLE,\N,"[""holderman colin""]",\N,\N,\N,\N,\N,\N
0429m,"Barlow, Joe",RP,(N/A),\N,"[""barlow joe""]",\N,\N,\N,\N,\N,\N
05gcy,"Rodriguez, Jose",2B,(N/A),\N,[],\N,\N,\N,\N,\N,\N
05ge9,"Imanaga, Shota",SP,CHC,\N,"[""imanaga shota""]",\N,\N,\N,\N,\N,\N
05gcu,"Cabrera, Daniel",RF,DET,\N,"[""cabrera daniel""]",\N,\N,\N,\N,\N,\N
06jh6,"Cano, Ichiro",1B,CIN,\N,"[""cano ichiro""]",\N,\N,\N,\N,\N,\N
06jh7,"Pena, Joandrew",1B,(N/A),\N,"[""pena joandrew""]",\N,\N,\N,\N,\N,\N
05ge4,"Camargo, Jair",C,ATL,\N,"[""camargo jair""]",\N,\N,\N,\N,\N,\N
06jh5,"Martinez, Stiven",CF,BAL,\N,"[""martinez stiven""]",\N,\N,\N,\N,\N,\N
05ge1,"Clifford, Ryan",1B,NYM,\N,"[""clifford ryan""]",\N,\N,\N,\N,\N,\N
06jfp,"Ugarte, Jhonayker",SS,KC,\N,"[""ugarte jhonayker""]",\N,\N,\N,\N,\N,\N
06jh2,"Premoli, Jesus",3B,(N/A),\N,"[""premoli jesus""]",\N,\N,\N,\N,\N,\N
05ge2,"Sabato, Aaron",1B,MIN,\N,"[""sabato aaron""]",\N,\N,\N,\N,\N,\N
06jh0,"Carrasquel, Carlos",SS,(N/A),\N,"[""carrasquel carlos""]",\N,\N,\N,\N,\N,\N
06jfn,"Mejia, Esteban",SP,BAL,\N,[],\N,\N,\N,\N,\N,\N
06jh1,"Guanchez, Gabriel",C,SEA,\N,"[""guanchez gabriel""]",\N,\N,\N,\N,\N,\N
06jfo,"Paulino, Jose",SP,MIA,\N,[],\N,\N,\N,\N,\N,\N
06jfl,"De La Cruz, Luis",1B,CLE,\N,[],\N,\N,\N,\N,\N,\N
06jfm,"Nuel, Jemone",SS,BAL,\N,"[""nuel jemone""]",\N,\N,\N,\N,\N,\N
06jfj,"Arredondo, Angel",3B,LAA,\N,"[""arredondo angel""]",\N,\N,\N,\N,\N,\N
06jfk,"Brachi, Angel",2B,MIA,\N,"[""brachi angel""]",\N,\N,\N,\N,\N,\N
06jfi,"Benzan, Alfredo",CF,ARI,\N,"[""benzan alfredo""]",\N,\N,\N,\N,\N,\N
06jfb,"Peralta, Dexters",SS,NYY,\N,"[""peralta dexters""]",\N,\N,\N,\N,\N,\N
06jfc,"Alvarez, Hayden",CF,LAA,\N,"[""alvarez hayden""]",\N,\N,\N,\N,\N,\N
06jfa,"Navas, Anderson",C,PHI,\N,"[""navas anderson""]",\N,\N,\N,\N,\N,\N
05gbx,"Ventura, Jordany",RP,(N/A),\N,"[""ventura jordany""]",\N,\N,\N,\N,\N,\N
05xdf,"Marin, Junior",LF,(N/A),\N,"[""marin junior""]",\N,\N,\N,\N,\N,\N
05gd5,"Perales, Luis",RP,WSH,\N,"[""perales luis""]",\N,\N,\N,\N,\N,\N
05gbh,"Chacon, Juan",LF,(N/A),\N,"[""chacon juan""]",\N,\N,\N,\N,\N,\N
05gbf,"Walker, Jordan",RF,STL,\N,"[""walker jordan""]",\N,\N,\N,\N,\N,\N
05gbg,"Veen, Zac",LF,COL,\N,"[""veen zac""]",\N,\N,\N,\N,\N,\N
05gbe,"Hassell, Robert",CF,PIT,\N,"[""hassell robert""]",\N,\N,\N,\N,\N,\N
05gbb,"Dominguez, Robert",RP,(N/A),\N,"[""dominguez robert""]",\N,\N,\N,\N,\N,\N
005jn,"Morton, Charlie",SP,(N/A),\N,"[""morton charlie""]",\N,\N,\N,\N,\N,\N
0427a,"Legumina, Casey",RP,TB,\N,"[""legumina casey""]",\N,\N,\N,\N,\N,\N
04tzu,"Henriquez, Ronny",RP,MIA,\N,"[""henriquez ronny""]",\N,\N,\N,\N,\N,\N
03qwi,"Naile, James",RP,(N/A),\N,"[""naile james""]",\N,\N,\N,\N,\N,\N
03qwa,"Maton, Phil",RP,CHC,\N,"[""maton phil""]",\N,\N,\N,\N,\N,\N
0425t,"Ober, Bailey",SP,MIN,\N,"[""ober bailey""]",\N,\N,\N,\N,\N,\N
03qx9,"Saucedo, Tayler",RP,LAA,\N,"[""saucedo tayler""]",\N,\N,\N,\N,\N,\N
03qvs,"Rivera, Emmanuel",3B,(N/A),\N,"[""rivera emmanuel""]",\N,\N,\N,\N,\N,\N
0558s,"Cabrera, Jeisson",RP,BAL,\N,"[""cabrera jeisson""]",\N,\N,\N,\N,\N,\N
03qvr,"Brown, Seth",LF,(N/A),\N,"[""brown seth""]",\N,\N,\N,\N,\N,\N
0558r,"Perez, Junior",CF,CHW,\N,"[""perez junior""]",\N,\N,\N,\N,\N,\N
0425r,"Bice, Dylan",P,(N/A),\N,"[""bice dylan""]",\N,\N,\N,\N,\N,\N
03qvm,"Enright, Nic",RP,TOR,\N,"[""enright nic""]",\N,\N,\N,\N,\N,\N
0429h,"Wilson, Bryse",RP,MIL,\N,"[""wilson bryse""]",\N,\N,\N,\N,\N,\N
0429i,"Rosenberg, Kenny",RP,(N/A),\N,"[""rosenberg kenny""]",\N,\N,\N,\N,\N,\N
05xah,"Arevalo, Angel",SS,(N/A),\N,"[""arevalo angel""]",\N,\N,\N,\N,\N,\N
06jd5,"Matic, Richard",3B,NYY,\N,"[""matic richard""]",\N,\N,\N,\N,\N,\N
06jbn,"Cruz, Humberto",SP,SD,\N,"[""cruz humberto""]",\N,\N,\N,\N,\N,\N
06jbl,"Vazquez, Rafi",SP,NYM,\N,"[""vazquez rafi""]",\N,\N,\N,\N,\N,\N
06jbm,"Tur, Yunior",SP,ATH,\N,"[""tur yunior""]",\N,\N,\N,\N,\N,\N
06jbj,"Colina, Greider",SP,(N/A),\N,"[""colina greider""]",\N,\N,\N,\N,\N,\N
06jbk,"Salazar, Kleyver",C,BOS,\N,"[""salazar kleyver""]",\N,\N,\N,\N,\N,\N
03qyt,"Warren, Art",RP,(N/A),\N,"[""warren art""]",\N,\N,\N,\N,\N,\N
06jbi,"Capellan, Justin",C,NYY,\N,"[""capellan justin""]",\N,\N,\N,\N,\N,\N
03qyv,"McCarthy, Jake",LF,COL,\N,"[""mccarthy jake""]",\N,\N,\N,\N,\N,\N
03qyb,"Walton, Donovan",2B,ATH,\N,"[""walton donovan""]",\N,\N,\N,\N,\N,\N
03qz9,"Haggerty, Sam",LF,CIN,\N,"[""haggerty sam""]",\N,\N,\N,\N,\N,\N
03qxs,"Cederlind, Blake",RP,SD,\N,"[""cederlind blake""]",\N,\N,\N,\N,\N,\N
03qxr,"Sands, Cole",RP,MIN,\N,"[""sands cole""]",\N,\N,\N,\N,\N,\N
05xkw,"Krauth, Nick",RP,(N/A),\N,"[""krauth nick""]",\N,\N,\N,\N,\N,\N
03ae8,"Swanson, Dansby",SS,CHC,\N,"[""swanson dansby""]",\N,\N,\N,\N,\N,\N
"10180#30",Team Hitting,TmH,\N,\N,[],\N,\N,\N,\N,\N,\N
041am,"Erceg, Lucas",RP,KC,\N,"[""erceg lucas""]",\N,\N,\N,\N,\N,\N
041ah,"Lowe, Josh",RF,LAA,\N,"[""lowe josh""]",\N,\N,\N,\N,\N,\N
041ai,"Lux, Gavin",2B,TB,\N,"[""lux gavin""]",\N,\N,\N,\N,\N,\N
02ob9,"Curtiss, John",RP,(N/A),\N,"[""curtiss john""]",\N,\N,\N,\N,\N,\N
"10180#40",Team Pitching,TmP,\N,\N,[],\N,\N,\N,\N,\N,\N
05xmx,"Gonzalez, Esteban",OF,CLE,\N,"[""gonzalez esteban""]",\N,\N,\N,\N,\N,\N
05xo6,"Albright, Mason",SP,COL,\N,"[""albright mason""]",\N,\N,\N,\N,\N,\N
05xmu,"Guanare, Fernando",SP,(N/A),\N,"[""guanare fernando""]",\N,\N,\N,\N,\N,\N
02of2,"Edwards Jr., Carl",RP,DET,\N,"[""edwards jr carl""]",\N,\N,\N,\N,\N,\N
05xo1,"Narvaez, Efrenyer",C,(N/A),\N,"[""narvaez efrenyer""]",\N,\N,\N,\N,\N,\N
06l0x,"Pateti, Samuel",RP,(N/A),\N,"[""pateti samuel""]",\N,\N,\N,\N,\N,\N
06l0y,"Chessman, Frank",RP,(N/A),\N,"[""chessman frank""]",\N,\N,\N,\N,\N,\N
06l0v,"Aranguren, Jhonny",RP,TB,\N,"[""aranguren jhonny""]",\N,\N,\N,\N,\N,\N
06l0w,"Vargas, Raul",2B,(N/A),\N,"[""vargas raul""]",\N,\N,\N,\N,\N,\N
06l0t,"De La Cruz, Misael",SP,(N/A),\N,"[""de la cruz misael""]",\N,\N,\N,\N,\N,\N
06l0u,"Lugo, Erick",LF,(N/A),\N,"[""lugo erick""]",\N,\N,\N,\N,\N,\N
06l0r,"Santana, Jean",2B,(N/A),\N,"[""santana jean""]",\N,\N,\N,\N,\N,\N
06l0s,"Alcala, Damian",RP,(N/A),\N,"[""alcala damian""]",\N,\N,\N,\N,\N,\N
06l0p,"Del Rosario, Ismael",LF,(N/A),\N,"[""del rosario ismael""]",\N,\N,\N,\N,\N,\N
06l0q,"Perez, Sebastian",SP,TB,\N,"[""perez sebastian""]",\N,\N,\N,\N,\N,\N
"10180#50",Team,Tm,\N,\N,[],\N,\N,\N,\N,\N,\N
06l0n,"Linan, Sean Paul",SP,NYY,\N,"[""linan sean paul""]",\N,\N,\N,\N,\N,\N
06l0o,"Galan, Emiliano",LF,(N/A),\N,"[""galan emiliano""]",\N,\N,\N,\N,\N,\N
06l0l,"Suarez, Christian",RP,LAD,\N,"[""suarez christian""]",\N,\N,\N,\N,\N,\N
06l0m,"Day, Cam",RP,LAD,\N,"[""day cam""]",\N,\N,\N,\N,\N,\N
06l0j,"De La Paz, Franklin",SP,(N/A),\N,"[""de la paz franklin""]",\N,\N,\N,\N,\N,\N
06l0k,"Castro, Jose",LF,NYY,\N,[],\N,\N,\N,\N,\N,\N
06l0h,"Gutierrez, Roque",RP,LAD,\N,"[""gutierrez roque""]",\N,\N,\N,\N,\N,\N
06l0i,"Nunez, Eduarniel",RP,CHC,\N,"[""nunez eduarniel""]",\N,\N,\N,\N,\N,\N
06l0f,"Leonzi, Ray",CF,(N/A),\N,"[""leonzi ray""]",\N,\N,\N,\N,\N,\N
06l0g,"Ortiz-Mayr, Orlando",SP,MIA,\N,"[""ortiz mayr orlando""]",\N,\N,\N,\N,\N,\N
041e2,"Moniak, Mickey",RF,COL,\N,"[""moniak mickey""]",\N,\N,\N,\N,\N,\N
041e3,"Garrett, Braxton",SP,CHC,\N,"[""garrett braxton""]",\N,\N,\N,\N,\N,\N
03adu,"Garza, Justin",RP,(N/A),\N,"[""garza justin""]",\N,\N,\N,\N,\N,\N
03adt,"Kaprielian, James",SP,(N/A),\N,"[""kaprielian james""]",\N,\N,\N,\N,\N,\N
05xlb,"Payne, Tyler",C,(N/A),\N,"[""payne tyler""]",\N,\N,\N,\N,\N,\N
06jhk,"Arias Jr., Joaquin",LF,TEX,\N,"[""arias jr joaquin""]",\N,\N,\N,\N,\N,\N
05gef,"Cavalli, Cade",SP,WSH,\N,"[""cavalli cade""]",\N,\N,\N,\N,\N,\N
05gec,"Arias, Roderick",SS,NYY,\N,"[""arias roderick""]",\N,\N,\N,\N,\N,\N
05gea,"Robberse, Sem",SP,STL,\N,"[""robberse sem""]",\N,\N,\N,\N,\N,\N
05geb,"Aldonis, Pablo",RP,(N/A),\N,"[""aldonis pablo""]",\N,\N,\N,\N,\N,\N
05gdz,"Sasaki, Roki",SP,LAD,\N,"[""sasaki roki""]",\N,\N,\N,\N,\N,\N
06jgy,"Marcano, Jose",C,TEX,\N,[],\N,\N,\N,\N,\N,\N
05gdy,"Hernandez, Cristian",RP,(N/A),\N,[],\N,\N,\N,\N,\N,\N
06jgz,"Garcia, Elvin",SS,BAL,\N,"[""garcia elvin""]",\N,\N,\N,\N,\N,\N
05gdv,"Leon, Pedro",RF,PHI,\N,"[""leon pedro""]",\N,\N,\N,\N,\N,\N
05gdw,"Nishikawa, Haruki",2B,(N/A),\N,"[""nishikawa haruki""]",\N,\N,\N,\N,\N,\N
06jgx,"Rodriguez, Gabriel",SS,CLE,\N,[],\N,\N,\N,\N,\N,\N
05gds,"Doughty, Cade",SS,ATL,\N,"[""doughty cade""]",\N,\N,\N,\N,\N,\N
05gdq,"Prieto, Cesar",2B,STL,\N,"[""prieto cesar""]",\N,\N,\N,\N,\N,\N
05gdj,"Espinal, Ewry",LF,(N/A),\N,"[""espinal ewry""]",\N,\N,\N,\N,\N,\N
06jgh,"Maria, Yander",SP,CHC,\N,"[""maria yander""]",\N,\N,\N,\N,\N,\N
05gdd,"Arihara, Kohei",SP,(N/A),\N,"[""arihara kohei""]",\N,\N,\N,\N,\N,\N
03aay,"Estrada, Thairo",2B,(N/A),\N,"[""estrada thairo""]",\N,\N,\N,\N,\N,\N
04ddz,"Ramirez, Yohan",RP,PIT,\N,"[""ramirez yohan""]",\N,\N,\N,\N,\N,\N
"10010#50",Team,Tm,\N,\N,[],\N,\N,\N,\N,\N,\N
03aad,"Young, Alex",RP,WSH,\N,"[""young alex""]",\N,\N,\N,\N,\N,\N
03aac,"Buehler, Walker",SP,SD,\N,"[""buehler walker""]",\N,\N,\N,\N,\N,\N
04ug3,"Alfonzo, Eliezer",C,LAD,\N,[],\N,\N,\N,\N,\N,\N
04ug2,"Palma, Ronaiker",C,(N/A),\N,"[""palma ronaiker""]",\N,\N,\N,\N,\N,\N
04ug5,"Clase, Emmanuel",RP,CLE,\N,"[""clase emmanuel""]",\N,\N,\N,\N,\N,\N
04ug1,"Andueza, Axel",RP,(N/A),\N,"[""andueza axel""]",\N,\N,\N,\N,\N,\N
03ab0,"Severino, Luis",SP,ATH,\N,"[""severino luis""]",\N,\N,\N,\N,\N,\N
04de1,"Casas, Triston",1B,BOS,\N,"[""casas triston""]",\N,\N,\N,\N,\N,\N
04de0,"Urias, Ramon",3B,STL,\N,"[""urias ramon""]",\N,\N,\N,\N,\N,\N
"10010#40",Team Pitching,TmP,\N,\N,[],\N,\N,\N,\N,\N,\N
05y3y,"Workman, Logan",SP,TB,\N,"[""workman logan""]",\N,\N,\N,\N,\N,\N
03qm8,"Brubaker, JT",RP,SF,\N,"[""brubaker jt""]",\N,\N,\N,\N,\N,\N
066nw,"Amparo, Edwin",2B,BAL,\N,"[""amparo edwin""]",\N,\N,\N,\N,\N,\N
066p9,"White, Brendan",RP,(N/A),\N,"[""white brendan""]",\N,\N,\N,\N,\N,\N
05y3z,"Sublette, Ryan",RP,(N/A),\N,"[""sublette ryan""]",\N,\N,\N,\N,\N,\N
03qku,"Davila, Garrett",RP,(N/A),\N,"[""davila garrett""]",\N,\N,\N,\N,\N,\N
03qkx,"Burr, Ryan",RP,(N/A),\N,"[""burr ryan""]",\N,\N,\N,\N,\N,\N
066ny,"Sanchez, Luis",3B,ATL,\N,"[""sanchez luis""]",\N,\N,\N,\N,\N,\N
03qkw,"McKenna, Ryan",LF,(N/A),\N,"[""mckenna ryan""]",\N,\N,\N,\N,\N,\N
05y3x,"Willems, Creed",C,BAL,\N,"[""willems creed""]",\N,\N,\N,\N,\N,\N
05y3u,"Murakami, Munetaka",1B,CHW,\N,"[""murakami munetaka""]",\N,\N,\N,\N,\N,\N
03qkr,"Allen, Austin",C,(N/A),\N,"[""allen austin""]",\N,\N,\N,\N,\N,\N
05y3v,"Cepero, Ryan",SS,(N/A),\N,"[""cepero ryan""]",\N,\N,\N,\N,\N,\N
03qm3,"Gilbert, Tyler",RP,CHW,\N,"[""gilbert tyler""]",\N,\N,\N,\N,\N,\N
0680r,"Rojas, Yondrei",RP,TOR,\N,"[""rojas yondrei""]",\N,\N,\N,\N,\N,\N
066nr,"Seibert, Anson",3B,WSH,\N,"[""seibert anson""]",\N,\N,\N,\N,\N,\N
05y3s,"Palma, Miguel",C,NYY,\N,"[""palma miguel""]",\N,\N,\N,\N,\N,\N
05y3t,"Franco, Junior",LF,ARI,\N,"[""franco junior""]",\N,\N,\N,\N,\N,\N
05y3q,"Mitchell, Blake",C,KC,\N,"[""mitchell blake""]",\N,\N,\N,\N,\N,\N
0680o,"Jerzembeck, Eli",RP,CHC,\N,"[""jerzembeck eli""]",\N,\N,\N,\N,\N,\N
05y54,"Jarvis, Mike",LF,PIT,\N,"[""jarvis mike""]",\N,\N,\N,\N,\N,\N
04tp0,"Palacios, Luis",RP,MIA,\N,"[""palacios luis""]",\N,\N,\N,\N,\N,\N
05y3o,"Hachman, Adam",SP,(N/A),\N,"[""hachman adam""]",\N,\N,\N,\N,\N,\N
066p3,"Zarraga, Alfredo",RP,TB,\N,"[""zarraga alfredo""]",\N,\N,\N,\N,\N,\N
066nq,"Head, Dillon",CF,MIA,\N,"[""head dillon""]",\N,\N,\N,\N,\N,\N
05y52,"Santana, Natanael",LF,(N/A),\N,"[""santana natanael""]",\N,\N,\N,\N,\N,\N
03qko,"Cabbage, Trey",RF,(N/A),\N,"[""cabbage trey""]",\N,\N,\N,\N,\N,\N
05y3p,"Nimmala, Arjun",SS,LAA,\N,"[""nimmala arjun""]",\N,\N,\N,\N,\N,\N
05y3m,"Mueth, Zander",SP,PIT,\N,"[""mueth zander""]",\N,\N,\N,\N,\N,\N
05y50,"Ramirez, Jean",RF,(N/A),\N,"[""ramirez jean""]",\N,\N,\N,\N,\N,\N
05y3n,"Cupp, Dylan",SS,(N/A),\N,"[""cupp dylan""]",\N,\N,\N,\N,\N,\N
0680l,"Laurel, Lorenzo",3B,(N/A),\N,"[""laurel lorenzo""]",\N,\N,\N,\N,\N,\N
066nf,"Houck, Colin",SS,NYM,\N,"[""houck colin""]",\N,\N,\N,\N,\N,\N
05y3g,"Cruz, Stiven",RP,MIL,\N,"[""cruz stiven""]",\N,\N,\N,\N,\N,\N
03qkh,"DeJong, Paul",3B,(N/A),\N,"[""dejong paul""]",\N,\N,\N,\N,\N,\N
06k4w,"Leiter, Cam",SP,LAD,\N,"[""leiter cam""]",\N,\N,\N,\N,\N,\N
06k4x,"Thach, Tanner",1B,COL,\N,"[""thach tanner""]",\N,\N,\N,\N,\N,\N
03qkb,"Mathias, Mark",2B,(N/A),\N,"[""mathias mark""]",\N,\N,\N,\N,\N,\N
06k4v,"White, Mason",SS,BOS,\N,"[""white mason""]",\N,\N,\N,\N,\N,\N
05y3c,"Rudd, Jaden",LF,(N/A),\N,"[""rudd jaden""]",\N,\N,\N,\N,\N,\N
03qkd,"Bolt, Skye",RF,(N/A),\N,"[""bolt skye""]",\N,\N,\N,\N,\N,\N
066ne,"Arias, Benjamin",RP,(N/A),\N,"[""arias benjamin""]",\N,\N,\N,\N,\N,\N
03qkc,"Smith, Drew",RP,(N/A),\N,[],\N,\N,\N,\N,\N,\N
066nd,"Rodriguez, Gustavo",RP,ATH,\N,"[""rodriguez gustavo""]",\N,\N,\N,\N,\N,\N
05y3b,"Borrero, Dario",1B,(N/A),\N,"[""borrero dario""]",\N,\N,\N,\N,\N,\N
066na,"Rodriguez, Luis",SS,CLE,\N,[],\N,\N,\N,\N,\N,\N
0680a,"Brassfield, Mason",LF,(N/A),\N,"[""brassfield mason""]",\N,\N,\N,\N,\N,\N
03qjy,"Lowe, Brandon",2B,PIT,\N,"[""lowe brandon""]",\N,\N,\N,\N,\N,\N
066mz,"Guerrero, Brailer",RF,TB,\N,"[""guerrero brailer""]",\N,\N,\N,\N,\N,\N
066my,"Espinoza, Ludwing",2B,CHC,\N,"[""espinoza ludwing""]",\N,\N,\N,\N,\N,\N
05y2z,"Huesman, Levi",RP,WSH,\N,"[""huesman levi""]",\N,\N,\N,\N,\N,\N
03qjz,"Clarke, Taylor",RP,ARI,\N,"[""clarke taylor""]",\N,\N,\N,\N,\N,\N
03qju,"Cleavinger, Garrett",RP,TB,\N,"[""cleavinger garrett""]",\N,\N,\N,\N,\N,\N
066mv,"Miller, Janero",RP,MIA,\N,"[""miller janero""]",\N,\N,\N,\N,\N,\N
066o8,"Rodriguez, Jeremy",SS,NYM,\N,"[""rodriguez jeremy""]",\N,\N,\N,\N,\N,\N
066o7,"Morrobel, Felix",2B,LAA,\N,"[""morrobel felix""]",\N,\N,\N,\N,\N,\N
066mu,"Diaz, Camilo",3B,HOU,\N,"[""diaz camilo""]",\N,\N,\N,\N,\N,\N
05y48,"Nicasia, Kay-Lan",RF,(N/A),\N,"[""nicasia kay lan""]",\N,\N,\N,\N,\N,\N
066mx,"Caba, Starlyn",SS,MIA,\N,"[""caba starlyn""]",\N,\N,\N,\N,\N,\N
03ql8,"Falter, Bailey",SP,ATL,\N,"[""falter bailey""]",\N,\N,\N,\N,\N,\N
03qjv,"Bader, Harrison",CF,SF,\N,"[""bader harrison""]",\N,\N,\N,\N,\N,\N
05y49,"Olivo, Christian",3B,CHC,\N,"[""olivo christian""]",\N,\N,\N,\N,\N,\N
066mw,"Arias, Rayner",LF,SF,\N,"[""arias rayner""]",\N,\N,\N,\N,\N,\N
05y46,"Cook, Billy",CF,PIT,\N,"[""cook billy""]",\N,\N,\N,\N,\N,\N
066o4,"Mora, Javier",2B,(N/A),\N,"[""mora javier""]",\N,\N,\N,\N,\N,\N
066mr,"Valencia, Esmil",CF,MIA,\N,"[""valencia esmil""]",\N,\N,\N,\N,\N,\N
02ni1,"Barreto, Franklin",CF,(N/A),\N,"[""barreto franklin""]",\N,\N,\N,\N,\N,\N
066mq,"Rodriguez, Yophery",LF,BOS,\N,"[""rodriguez yophery""]",\N,\N,\N,\N,\N,\N
066o3,"Pineda, Luis",C,(N/A),\N,"[""pineda luis""]",\N,\N,\N,\N,\N,\N
03ql5,"Helsley, Ryan",RP,BAL,\N,"[""helsley ryan""]",\N,\N,\N,\N,\N,\N
05y44,"Antico, Mike",LF,COL,\N,"[""antico mike""]",\N,\N,\N,\N,\N,\N
066o6,"Larez, Cristopher",3B,NYM,\N,"[""larez cristopher""]",\N,\N,\N,\N,\N,\N
066mt,"Zapata, Gian",RF,ARI,\N,"[""zapata gian""]",\N,\N,\N,\N,\N,\N
066ms,"Cepeda, Angel",SS,CHC,\N,"[""cepeda angel""]",\N,\N,\N,\N,\N,\N
066mn,"Cespedes, Yoeilin",SS,BOS,\N,"[""cespedes yoeilin""]",\N,\N,\N,\N,\N,\N
05y43,"Pena Jr., Jose",RP,PHI,\N,"[""pena jr jose""]",\N,\N,\N,\N,\N,\N
066mm,"Mola, Raymond",1B,PIT,\N,"[""mola raymond""]",\N,\N,\N,\N,\N,\N
05y40,"Rivera, Eduardo",SP,BOS,\N,"[""rivera eduardo""]",\N,\N,\N,\N,\N,\N
066o2,"Prado, Arnold",RF,(N/A),\N,"[""prado arnold""]",\N,\N,\N,\N,\N,\N
066mp,"Lantigua, Arnaldo",RF,CIN,\N,"[""lantigua arnaldo""]",\N,\N,\N,\N,\N,\N
05y41,"Sullivan, Sean",RP,PIT,\N,[],\N,\N,\N,\N,\N,\N
066mo,"Calaz, Robert",LF,COL,\N,"[""calaz robert""]",\N,\N,\N,\N,\N,\N
066o1,"Polanco, Albert",RP,MIA,\N,"[""polanco albert""]",\N,\N,\N,\N,\N,\N
05y2l,"Sheehan, Emmet",SP,LAD,\N,"[""sheehan emmet""]",\N,\N,\N,\N,\N,\N
066mj,"Baptist, Anthony",CF,(N/A),\N,"[""baptist anthony""]",\N,\N,\N,\N,\N,\N
066mi,"Ruiz, Tony",1B,(N/A),\N,"[""ruiz tony""]",\N,\N,\N,\N,\N,\N
05y2j,"Cardenas, Noah",C,MIN,\N,"[""cardenas noah""]",\N,\N,\N,\N,\N,\N
066ml,"Gutierrez, Daiverson",C,NYM,\N,"[""gutierrez daiverson""]",\N,\N,\N,\N,\N,\N
05y2k,"Montgomery, Mason",RP,PIT,\N,"[""montgomery mason""]",\N,\N,\N,\N,\N,\N
066mk,"Francisca, Welbyn",SS,CLE,\N,"[""francisca welbyn""]",\N,\N,\N,\N,\N,\N
066mf,"Di Turi, Filippo",3B,MIL,\N,"[""di turi filippo""]",\N,\N,\N,\N,\N,\N
05y2i,"Ras, Tyler",RP,CHC,\N,"[""ras tyler""]",\N,\N,\N,\N,\N,\N
066me,"Guanipa, Luis",RF,ATL,\N,"[""guanipa luis""]",\N,\N,\N,\N,\N,\N
066mh,"Silva, Carlos",C,(N/A),\N,"[""silva carlos""]",\N,\N,\N,\N,\N,\N
05y2g,"Record, Joe",RP,(N/A),\N,"[""record joe""]",\N,\N,\N,\N,\N,\N
066mg,"Jimenez, Enrique",C,MIN,\N,"[""jimenez enrique""]",\N,\N,\N,\N,\N,\N
066mb,"Luis, Yerlin",LF,CLE,\N,"[""luis yerlin""]",\N,\N,\N,\N,\N,\N
066ma,"Chivilli, Hendry",SP,MIN,\N,"[""chivilli hendry""]",\N,\N,\N,\N,\N,\N
066md,"Ereu, Kevin",1B,(N/A),\N,"[""ereu kevin""]",\N,\N,\N,\N,\N,\N
05y2c,"Vire, Caden",RP,BOS,\N,"[""vire caden""]",\N,\N,\N,\N,\N,\N
066mc,"Lopez, Reiner",RP,STL,\N,"[""lopez reiner""]",\N,\N,\N,\N,\N,\N
06k7p,"Sanchez, Brett",SP,(N/A),\N,"[""sanchez brett""]",\N,\N,\N,\N,\N,\N
06k7q,"Messina, Cole",C,COL,\N,"[""messina cole""]",\N,\N,\N,\N,\N,\N
06k7o,"Reaves, Tanner",2B,(N/A),\N,"[""reaves tanner""]",\N,\N,\N,\N,\N,\N
066pz,"Mojica, Misael",3B,(N/A),\N,"[""mojica misael""]",\N,\N,\N,\N,\N,\N
066r7,"Rodriguez, Darwin",RP,MIA,\N,[],\N,\N,\N,\N,\N,\N
05y5x,"Castro, Sebastian",RF,(N/A),\N,"[""castro sebastian""]",\N,\N,\N,\N,\N,\N
066r6,"Galindez, Yorman",SP,MIL,\N,"[""galindez yorman""]",\N,\N,\N,\N,\N,\N
03qmv,"Shumpert, Nicholas",SS,(N/A),\N,"[""shumpert nicholas""]",\N,\N,\N,\N,\N,\N
03qmu,"Cancel, Gabriel",SS,(N/A),\N,"[""cancel gabriel""]",\N,\N,\N,\N,\N,\N
05y5v,"Espinola, Christopher",CF,(N/A),\N,"[""espinola christopher""]",\N,\N,\N,\N,\N,\N
05y78,"Callahan, Austin",3B,(N/A),\N,"[""callahan austin""]",\N,\N,\N,\N,\N,\N
066r8,"Payano, Nelfri",RP,CIN,\N,"[""payano nelfri""]",\N,\N,\N,\N,\N,\N
03qo2,"Wade Jr., LaMonte",1B,HOU,\N,"[""wade jr lamonte""]",\N,\N,\N,\N,\N,\N
05y75,"Keith, Damon",RF,MIL,\N,"[""keith damon""]",\N,\N,\N,\N,\N,\N
04coa,"Richards, Trevor",RP,CHW,\N,"[""richards trevor""]",\N,\N,\N,\N,\N,\N
066pq,"Trujillo, Keduar",1B,HOU,\N,"[""trujillo keduar""]",\N,\N,\N,\N,\N,\N
066r3,"Sanchez, Enger",SP,(N/A),\N,"[""sanchez enger""]",\N,\N,\N,\N,\N,\N
05y5t,"Ramirez, Enmanuel",RF,(N/A),\N,"[""ramirez enmanuel""]",\N,\N,\N,\N,\N,\N
066r2,"Jimenez, Federik",RP,(N/A),\N,"[""jimenez federik""]",\N,\N,\N,\N,\N,\N
03qmr,"Lukes, Nathan",RF,TOR,\N,"[""lukes nathan""]",\N,\N,\N,\N,\N,\N
05y73,"Tavera, Carlos",RP,BAL,\N,"[""tavera carlos""]",\N,\N,\N,\N,\N,\N
05y5q,"Saenz, Dustin",RP,TEX,\N,"[""saenz dustin""]",\N,\N,\N,\N,\N,\N
066r5,"Myrick, Tyler",RP,(N/A),\N,"[""myrick tyler""]",\N,\N,\N,\N,\N,\N
05y74,"Olsen, Mat",SP,(N/A),\N,"[""olsen mat""]",\N,\N,\N,\N,\N,\N
066pr,"Ortega, Victor",C,MIA,\N,"[""ortega victor""]",\N,\N,\N,\N,\N,\N
066r4,"Mendez, Jesus",RP,CHW,\N,"[""mendez jesus""]",\N,\N,\N,\N,\N,\N
03qml,"Moore, Dylan",2B,PHI,\N,"[""moore dylan""]",\N,\N,\N,\N,\N,\N
05y71,"Messinger, Zach",RP,NYY,\N,"[""messinger zach""]",\N,\N,\N,\N,\N,\N
05y72,"Roupp, Landen",SP,SF,\N,"[""roupp landen""]",\N,\N,\N,\N,\N,\N
05y5m,"Bergin, Jesse",RP,MIN,\N,"[""bergin jesse""]",\N,\N,\N,\N,\N,\N
03qo0,"Fairbanks, Pete",RP,MIA,\N,"[""fairbanks pete""]",\N,\N,\N,\N,\N,\N
066r1,"Cervantes, Edwin",RP,CIN,\N,"[""cervantes edwin""]",\N,\N,\N,\N,\N,\N
066po,"Toledo, Francisco",C,NYM,\N,"[""toledo francisco""]",\N,\N,\N,\N,\N,\N
05y70,"Abney, Alaska",RP,CLE,\N,"[""abney alaska""]",\N,\N,\N,\N,\N,\N
03qmm,"Moran, Jovani",RP,BOS,\N,"[""moran jovani""]",\N,\N,\N,\N,\N,\N
05y5n,"Lardner, Mac",SP,(N/A),\N,"[""lardner mac""]",\N,\N,\N,\N,\N,\N
066r0,"Vega, Marco",RP,LAA,\N,"[""vega marco""]",\N,\N,\N,\N,\N,\N
03qmh,"Cronenworth, Jake",2B,SD,\N,"[""cronenworth jake""]",\N,\N,\N,\N,\N,\N
05y5l,"Aleman, Franco",RP,CLE,\N,"[""aleman franco""]",\N,\N,\N,\N,\N,\N
066pk,"Crowell, Wyatt",SP,LAD,\N,"[""crowell wyatt""]",\N,\N,\N,\N,\N,\N
066pj,"Sanchez, Franklin",RP,MIA,\N,"[""sanchez franklin""]",\N,\N,\N,\N,\N,\N
05y5g,"Stephan, Josh",SP,TOR,\N,"[""stephan josh""]",\N,\N,\N,\N,\N,\N
06k89,"Ortiz, Robin",CF,CHC,\N,"[""ortiz robin""]",\N,\N,\N,\N,\N,\N
05y5h,"McCarty, DJ",SP,TEX,\N,"[""mccarty dj""]",\N,\N,\N,\N,\N,\N
06k87,"Matos, Erick",SP,ATH,\N,"[""matos erick""]",\N,\N,\N,\N,\N,\N
06k88,"Flores, Miguel",SP,CLE,\N,[],\N,\N,\N,\N,\N,\N
06k85,"Feliz, Jose",SP,WSH,\N,"[""feliz jose""]",\N,\N,\N,\N,\N,\N
06k6s,"Kulasingam, Sam",2B,KC,\N,"[""kulasingam sam""]",\N,\N,\N,\N,\N,\N
05y5d,"Rodriguez, Bradgley",RP,SD,\N,"[""rodriguez bradgley""]",\N,\N,\N,\N,\N,\N
06k86,"Genao, Manuel",RP,MIA,\N,"[""genao manuel""]",\N,\N,\N,\N,\N,\N
06k6q,"Hjelle, Jake",1B,(N/A),\N,"[""hjelle jake""]",\N,\N,\N,\N,\N,\N
06k83,"Rojas, Sebastian",RF,ATH,\N,[],\N,\N,\N,\N,\N,\N
06k84,"Zulueta, Earle",SP,STL,\N,"[""zulueta earle""]",\N,\N,\N,\N,\N,\N
06k6r,"Johnson, Lebarron",SP,COL,\N,"[""johnson lebarron""]",\N,\N,\N,\N,\N,\N
066pb,"Villalobos, Eli",RP,SD,\N,"[""villalobos eli""]",\N,\N,\N,\N,\N,\N
06k81,"Padilla, Yairo",DH,STL,\N,"[""padilla yairo""]",\N,\N,\N,\N,\N,\N
06k6o,"Flores, Randy",2B,(N/A),\N,"[""flores randy""]",\N,\N,\N,\N,\N,\N
06k82,"Garcia, Darison",2B,KC,\N,"[""garcia darison""]",\N,\N,\N,\N,\N,\N
06k80,"Ramirez, Manni",RF,TEX,\N,"[""ramirez manni""]",\N,\N,\N,\N,\N,\N
066ow,"Gonzalez, Carlos",1B,SEA,\N,"[""gonzalez carlos""]",\N,\N,\N,\N,\N,\N
066q9,"Batista, Reminton",CF,(N/A),\N,"[""batista reminton""]",\N,\N,\N,\N,\N,\N
03qlx,"Lakins Sr., Travis",RP,(N/A),\N,"[""lakins sr travis""]",\N,\N,\N,\N,\N,\N
05y68,"McGowan, Bryce",RP,COL,\N,"[""mcgowan bryce""]",\N,\N,\N,\N,\N,\N
066q6,"Pinales, Darlin",RP,ATH,\N,"[""pinales darlin""]",\N,\N,\N,\N,\N,\N
066ot,"Altuve, Carlos",1B,(N/A),\N,"[""altuve carlos""]",\N,\N,\N,\N,\N,\N
05y4w,"Auer, Mason",RP,(N/A),\N,"[""auer mason""]",\N,\N,\N,\N,\N,\N
03qlr,"Rios, Edwin",3B,(N/A),\N,"[""rios edwin""]",\N,\N,\N,\N,\N,\N
066os,"Silva, Daniel",1B,(N/A),\N,"[""silva daniel""]",\N,\N,\N,\N,\N,\N
05y66,"Mendoza, Brayan",RP,MIA,\N,"[""mendoza brayan""]",\N,\N,\N,\N,\N,\N
05wrt,"Morgan, Tre",1B,TB,\N,"[""morgan tre""]",\N,\N,\N,\N,\N,\N
05y4t,"Avina, Jace",CF,NYY,\N,"[""avina jace""]",\N,\N,\N,\N,\N,\N
066ov,"Rodrigues, Victor",C,LAD,\N,"[""rodrigues victor""]",\N,\N,\N,\N,\N,\N
066q8,"Rodriguez, Angel",RF,(N/A),\N,[],\N,\N,\N,\N,\N,\N
05y67,"Heredia, Raylin",RF,PHI,\N,"[""heredia raylin""]",\N,\N,\N,\N,\N,\N
05wru,"Skenes, Paul",SP,PIT,\N,"[""skenes paul""]",\N,\N,\N,\N,\N,\N
05y4u,"McIntyre, Donovan",LF,(N/A),\N,"[""mcintyre donovan""]",\N,\N,\N,\N,\N,\N
066q7,"Mendez, Wady",RF,(N/A),\N,"[""mendez wady""]",\N,\N,\N,\N,\N,\N
05y64,"Benson, Cooper",SP,(N/A),\N,"[""benson cooper""]",\N,\N,\N,\N,\N,\N
05y4r,"Shoemaker, Adam",SP,ATL,\N,"[""shoemaker adam""]",\N,\N,\N,\N,\N,\N
066op,"Lopez, Jesus",C,TEX,\N,[],\N,\N,\N,\N,\N,\N
03qln,"Herget, Jimmy",RP,COL,\N,"[""herget jimmy""]",\N,\N,\N,\N,\N,\N
05y65,"Ulloa, Alex",SS,(N/A),\N,"[""ulloa alex""]",\N,\N,\N,\N,\N,\N
05y4s,"Blackmon, JoJo",CF,(N/A),\N,"[""blackmon jojo""]",\N,\N,\N,\N,\N,\N
03qn0,"Stubbs, Garrett",C,PHI,\N,"[""stubbs garrett""]",\N,\N,\N,\N,\N,\N
066oo,"Pena, Ricardo",C,MIN,\N,"[""pena ricardo""]",\N,\N,\N,\N,\N,\N
05y4p,"Vernon, Austin",RP,TB,\N,"[""vernon austin""]",\N,\N,\N,\N,\N,\N
05y62,"Woo, Bryan",SP,SEA,\N,"[""woo bryan""]",\N,\N,\N,\N,\N,\N
066or,"Villarroel, Jancel",C,SF,\N,"[""villarroel jancel""]",\N,\N,\N,\N,\N,\N
05y4n,"Miller, Jake",RP,CLE,\N,[],\N,\N,\N,\N,\N,\N
05y61,"Collins, Brendan",RP,(N/A),\N,"[""collins brendan""]",\N,\N,\N,\N,\N,\N
05y4o,"Low, Quinton",SP,MIL,\N,"[""low quinton""]",\N,\N,\N,\N,\N,\N
066ok,"Mendez, Leam",SP,(N/A),\N,"[""mendez leam""]",\N,\N,\N,\N,\N,\N
05y4l,"Martinez, Alex",RP,LAA,\N,"[""martinez alex""]",\N,\N,\N,\N,\N,\N
03qlm,"Ferguson, Tyler",RP,CHC,\N,"[""ferguson tyler""]",\N,\N,\N,\N,\N,\N
05y4m,"Tawa, Tim",1B,ARI,\N,"[""tawa tim""]",\N,\N,\N,\N,\N,\N
05y4k,"Casparius, Ben",RP,LAD,\N,"[""casparius ben""]",\N,\N,\N,\N,\N,\N
05y4h,"Allen, Brady",CF,(N/A),\N,"[""allen brady""]",\N,\N,\N,\N,\N,\N
05h2x,"Lewis, Ian",RF,MIA,\N,"[""lewis ian""]",\N,\N,\N,\N,\N,\N
05y4i,"Kohlhepp, Tanner",RP,DET,\N,"[""kohlhepp tanner""]",\N,\N,\N,\N,\N,\N
03qlh,"Waddell, Brandon",RP,NYM,\N,"[""waddell brandon""]",\N,\N,\N,\N,\N,\N
05h2u,"Jones, Jared",SP,PIT,\N,[],\N,\N,\N,\N,\N,\N
03qlb,"Szapucki, Thomas",RP,(N/A),\N,"[""szapucki thomas""]",\N,\N,\N,\N,\N,\N
05h2s,"Garcia, Yhoswar",LF,(N/A),\N,"[""garcia yhoswar""]",\N,\N,\N,\N,\N,\N
05h2t,"Tolentino, Milan",SS,CLE,\N,"[""tolentino milan""]",\N,\N,\N,\N,\N,\N
03qld,"Espada, Jose",RP,BAL,\N,"[""espada jose""]",\N,\N,\N,\N,\N,\N
05y4b,"Durbin, Caleb",3B,BOS,\N,"[""durbin caleb""]",\N,\N,\N,\N,\N,\N
05y4c,"Kato, Kobe",2B,(N/A),\N,"[""kato kobe""]",\N,\N,\N,\N,\N,\N
066l9,"Murphy, Shane",SP,CHW,\N,"[""murphy shane""]",\N,\N,\N,\N,\N,\N
066jw,"Rambusch, Blake",2B,SEA,\N,"[""rambusch blake""]",\N,\N,\N,\N,\N,\N
066l8,"Maldonado, Aidan",RP,MIL,\N,"[""maldonado aidan""]",\N,\N,\N,\N,\N,\N
066jv,"Hickey, Matt",SP,(N/A),\N,"[""hickey matt""]",\N,\N,\N,\N,\N,\N
05y19,"Parks, Hunter",RP,CIN,\N,"[""parks hunter""]",\N,\N,\N,\N,\N,\N
066jy,"Adamiak, Mark",RP,ATH,\N,"[""adamiak mark""]",\N,\N,\N,\N,\N,\N
066jx,"Silva, William",SP,(N/A),\N,"[""silva william""]",\N,\N,\N,\N,\N,\N
05y17,"Gillaspie, Logan",RP,SD,\N,"[""gillaspie logan""]",\N,\N,\N,\N,\N,\N
05y18,"Snider, Collin",RP,CHC,\N,"[""snider collin""]",\N,\N,\N,\N,\N,\N
066jr,"Norman, Satchell",C,(N/A),\N,"[""norman satchell""]",\N,\N,\N,\N,\N,\N
066l7,"Sacco Jr., Tommy",LF,HOU,\N,"[""sacco jr tommy""]",\N,\N,\N,\N,\N,\N
05y16,"Valdez, Joel",RP,(N/A),\N,"[""valdez joel""]",\N,\N,\N,\N,\N,\N
066jt,"Landry, Nathan",SP,(N/A),\N,"[""landry nathan""]",\N,\N,\N,\N,\N,\N
066l6,"Yean, Reynaldo",RP,LAD,\N,"[""yean reynaldo""]",\N,\N,\N,\N,\N,\N
066jo,"Martin, David",C,(N/A),\N,"[""martin david""]",\N,\N,\N,\N,\N,\N
066l0,"Ehrhard, Zach",RF,LAD,\N,"[""ehrhard zach""]",\N,\N,\N,\N,\N,\N
066jn,"Bautista III, Nick",SP,(N/A),\N,"[""bautista iii nick""]",\N,\N,\N,\N,\N,\N
066jq,"Mancini, Joey",SP,HOU,\N,"[""mancini joey""]",\N,\N,\N,\N,\N,\N
05y12,"Duarte, Daniel",RP,NYM,\N,"[""duarte daniel""]",\N,\N,\N,\N,\N,\N
06zr3,"Braun, Corey",SP,ATH,\N,"[""braun corey""]",\N,\N,\N,\N,\N,\N
04tjk,"Ornelas, Jonathan",SS,MIL,\N,"[""ornelas jonathan""]",\N,\N,\N,\N,\N,\N
066jk,"Gudaitis, Quinn",SP,(N/A),\N,"[""gudaitis quinn""]",\N,\N,\N,\N,\N,\N
066jj,"Dana, Casey",LF,(N/A),\N,"[""dana casey""]",\N,\N,\N,\N,\N,\N
066jm,"Cimillo, Nick",1B,PIT,\N,"[""cimillo nick""]",\N,\N,\N,\N,\N,\N
04tjl,"Lopez, Otto",SS,MIA,\N,"[""lopez otto""]",\N,\N,\N,\N,\N,\N
066jl,"Wheat, JP",SP,CHC,\N,"[""wheat jp""]",\N,\N,\N,\N,\N,\N
066jg,"Braithwaite, Trey",SP,(N/A),\N,"[""braithwaite trey""]",\N,\N,\N,\N,\N,\N
066jf,"Pontes, Blaze",RP,ATH,\N,"[""pontes blaze""]",\N,\N,\N,\N,\N,\N
066ji,"Loper, Jimmy",SP,(N/A),\N,"[""loper jimmy""]",\N,\N,\N,\N,\N,\N
04tji,"Uceta, Edwin",RP,TB,\N,"[""uceta edwin""]",\N,\N,\N,\N,\N,\N
"10100#30",Team Hitting,TmH,\N,\N,[],\N,\N,\N,\N,\N,\N
066jh,"Bortka, Josh",SP,(N/A),\N,"[""bortka josh""]",\N,\N,\N,\N,\N,\N
066jb,"Stivors, Tristan",SP,(N/A),\N,"[""stivors tristan""]",\N,\N,\N,\N,\N,\N
066je,"Exposito, E.J.",3B,DET,\N,"[""exposito e j""]",\N,\N,\N,\N,\N,\N
066jd,"Hayes, Hunter",RP,STL,\N,"[""hayes hunter""]",\N,\N,\N,\N,\N,\N
066iu,"Ziehl, Gage",SP,BOS,\N,"[""ziehl gage""]",\N,\N,\N,\N,\N,\N
066k7,"Izarra, Jose",2B,LAD,\N,"[""izarra jose""]",\N,\N,\N,\N,\N,\N
05y09,"Ledo, Luis",RP,(N/A),\N,"[""ledo luis""]",\N,\N,\N,\N,\N,\N
066ir,"Tibbs III, James",RF,LAD,\N,"[""tibbs iii james""]",\N,\N,\N,\N,\N,\N
066k3,"Vaz, Javier",2B,KC,\N,"[""vaz javier""]",\N,\N,\N,\N,\N,\N
066iq,"Hess, Ben",SP,NYY,\N,"[""hess ben""]",\N,\N,\N,\N,\N,\N
06zov,"Yousuf, Zuher",SP,PHI,\N,"[""yousuf zuher""]",\N,\N,\N,\N,\N,\N
066it,"Evans, Wyatt",RP,(N/A),\N,"[""evans wyatt""]",\N,\N,\N,\N,\N,\N
066k6,"Diaz, Nomar",C,(N/A),\N,"[""diaz nomar""]",\N,\N,\N,\N,\N,\N
066k5,"Buxton, Ike",RP,(N/A),\N,"[""buxton ike""]",\N,\N,\N,\N,\N,\N
066is,"Lipsey, Trey",LF,(N/A),\N,"[""lipsey trey""]",\N,\N,\N,\N,\N,\N
066k0,"Tulloch, Adam",RP,CLE,\N,"[""tulloch adam""]",\N,\N,\N,\N,\N,\N
066k2,"Hill, Brady",RP,WSH,\N,"[""hill brady""]",\N,\N,\N,\N,\N,\N
066ip,"Sirota, Mike",CF,LAD,\N,"[""sirota mike""]",\N,\N,\N,\N,\N,\N
066k1,"Balboni Jr., Thomas",RP,NYY,\N,"[""balboni jr thomas""]",\N,\N,\N,\N,\N,\N
04tk1,"Cecconi, Slade",SP,CLE,\N,"[""cecconi slade""]",\N,\N,\N,\N,\N,\N
066io,"Faherty, Jake",RP,TOR,\N,"[""faherty jake""]",\N,\N,\N,\N,\N,\N
06imz,"Ercolani, Alessandro",SP,PIT,\N,"[""ercolani alessandro""]",\N,\N,\N,\N,\N,\N
06imx,"De Jesus, Dairon",RP,(N/A),\N,"[""de jesus dairon""]",\N,\N,\N,\N,\N,\N
06imy,"Del Rosario, Joelvis",SP,(N/A),\N,"[""del rosario joelvis""]",\N,\N,\N,\N,\N,\N
"10100#40",Team Pitching,TmP,\N,\N,[],\N,\N,\N,\N,\N,\N
06imv,"Rivero, Eliezer",1B,LAA,\N,"[""rivero eliezer""]",\N,\N,\N,\N,\N,\N
06imw,"Patino, Oswaldo",2B,(N/A),\N,"[""patino oswaldo""]",\N,\N,\N,\N,\N,\N
040cf,"Cabrera, Genesis",RP,(N/A),\N,"[""cabrera genesis""]",\N,\N,\N,\N,\N,\N
06imt,"Vargas, Edward",RF,CHC,\N,"[""vargas edward""]",\N,\N,\N,\N,\N,\N
02nbw,"Antone, Tejay",RP,CIN,\N,"[""antone tejay""]",\N,\N,\N,\N,\N,\N
06imj,"Ruiz, Harrison",SP,CLE,\N,"[""ruiz harrison""]",\N,\N,\N,\N,\N,\N
040fv,"Reyes, Denyi",SP,(N/A),\N,"[""reyes denyi""]",\N,\N,\N,\N,\N,\N
066lx,"Perez, Marcelo",SP,SEA,\N,"[""perez marcelo""]",\N,\N,\N,\N,\N,\N
040fw,"Pinto, Rene",C,(N/A),\N,"[""pinto rene""]",\N,\N,\N,\N,\N,\N
04tlx,"Thomas, Tahnaj",SP,(N/A),\N,"[""thomas tahnaj""]",\N,\N,\N,\N,\N,\N
066lz,"Cossetti, Andrew",C,MIN,\N,"[""cossetti andrew""]",\N,\N,\N,\N,\N,\N
066lu,"Peters, Mathew",RP,(N/A),\N,"[""peters mathew""]",\N,\N,\N,\N,\N,\N
06807,"Benua, Alvaro",RP,LAD,\N,"[""benua alvaro""]",\N,\N,\N,\N,\N,\N
03qk8,"Walters, Nash",RP,(N/A),\N,"[""walters nash""]",\N,\N,\N,\N,\N,\N
066lw,"Gallagher, Pat",RP,TOR,\N,"[""gallagher pat""]",\N,\N,\N,\N,\N,\N
066n9,"Laverde, Dario",C,LAA,\N,"[""laverde dario""]",\N,\N,\N,\N,\N,\N
066n8,"Cruz, Jose",RP,(N/A),\N,"[""cruz jose""]",\N,\N,\N,\N,\N,\N
066lv,"Kelley, Jackson",RP,CHW,\N,"[""kelley jackson""]",\N,\N,\N,\N,\N,\N
04tlv,"Abreu, Bryan",RP,HOU,\N,"[""abreu bryan""]",\N,\N,\N,\N,\N,\N
066lq,"Harmon, Johnathan",SP,CIN,\N,"[""harmon johnathan""]",\N,\N,\N,\N,\N,\N
066n3,"Walker, Ryan",RP,SF,\N,"[""walker ryan""]",\N,\N,\N,\N,\N,\N
066lp,"Bowen, Darren",SP,MIN,\N,"[""bowen darren""]",\N,\N,\N,\N,\N,\N
066n2,"Clemente, Randel",RP,STL,\N,"[""clemente randel""]",\N,\N,\N,\N,\N,\N
066ls,"Janas, Justin",RF,(N/A),\N,"[""janas justin""]",\N,\N,\N,\N,\N,\N
06805,"Dues, Damon",2B,(N/A),\N,"[""dues damon""]",\N,\N,\N,\N,\N,\N
03qk3,"Williams, Luke",SS,ATL,\N,[],\N,\N,\N,\N,\N,\N
05y34,"Cheng, Tsung-Che",SS,BOS,\N,"[""cheng tsung che""]",\N,\N,\N,\N,\N,\N
066n4,"Sanchez, Yehizon",RP,MIN,\N,"[""sanchez yehizon""]",\N,\N,\N,\N,\N,\N
066lr,"Pauley, Graham",3B,MIA,\N,"[""pauley graham""]",\N,\N,\N,\N,\N,\N
05y31,"Kling, Paxton",CF,TEX,\N,"[""kling paxton""]",\N,\N,\N,\N,\N,\N
066lm,"Loftin, Jackson",CF,(N/A),\N,"[""loftin jackson""]",\N,\N,\N,\N,\N,\N
05y32,"Viera, Max",2B,TOR,\N,"[""viera max""]",\N,\N,\N,\N,\N,\N
066n1,"Sterner, Justin",RP,ATH,\N,"[""sterner justin""]",\N,\N,\N,\N,\N,\N
05y30,"Crawford, Justin",CF,PHI,\N,"[""crawford justin""]",\N,\N,\N,\N,\N,\N
066ln,"Gilbert, Geoffrey",RP,NYY,\N,"[""gilbert geoffrey""]",\N,\N,\N,\N,\N,\N
066n0,"Castro, Ariel",RF,(N/A),\N,"[""castro ariel""]",\N,\N,\N,\N,\N,\N
066li,"Montgomery, Torin",1B,(N/A),\N,"[""montgomery torin""]",\N,\N,\N,\N,\N,\N
"10100#50",Team,Tm,\N,\N,[],\N,\N,\N,\N,\N,\N
066lh,"Foster, Cameron",RP,BAL,\N,"[""foster cameron""]",\N,\N,\N,\N,\N,\N
066lk,"Retzbach, Adam",C,BAL,\N,"[""retzbach adam""]",\N,\N,\N,\N,\N,\N
06zrh,"Sprock, Ryan",3B,TOR,\N,"[""sprock ryan""]",\N,\N,\N,\N,\N,\N
066le,"Lyons, Jared",SP,CIN,\N,"[""lyons jared""]",\N,\N,\N,\N,\N,\N
066ld,"Rosado Jr., Jamaliel",SS,(N/A),\N,"[""rosado jr jamaliel""]",\N,\N,\N,\N,\N,\N
06zrf,"Cremarosa, Aidan",SP,TB,\N,"[""cremarosa aidan""]",\N,\N,\N,\N,\N,\N
066lg,"Robertson, Tyler",CF,(N/A),\N,"[""robertson tyler""]",\N,\N,\N,\N,\N,\N
06zrg,"Vucinovich, Hayden",SP,MIL,\N,"[""vucinovich hayden""]",\N,\N,\N,\N,\N,\N
066lf,"Rincon, Bryan",SS,PHI,\N,"[""rincon bryan""]",\N,\N,\N,\N,\N,\N
066la,"Bow, Kristofer",SP,(N/A),\N,"[""bow kristofer""]",\N,\N,\N,\N,\N,\N
06zrd,"Brown, Dylan",SP,BOS,\N,"[""brown dylan""]",\N,\N,\N,\N,\N,\N
066lc,"Harper, Landon",SP,ATL,\N,"[""harper landon""]",\N,\N,\N,\N,\N,\N
06zrb,"Siary, Evan",SP,TEX,\N,"[""siary evan""]",\N,\N,\N,\N,\N,\N
066lb,"Carpenter, D.J.",RP,STL,\N,"[""carpenter d j""]",\N,\N,\N,\N,\N,\N
06zrc,"Tate, Josh",CF,PIT,\N,"[""tate josh""]",\N,\N,\N,\N,\N,\N
06zra,"Wynk, Blaine",SP,CHW,\N,"[""wynk blaine""]",\N,\N,\N,\N,\N,\N
05y0z,"Praytor, Sam",C,(N/A),\N,"[""praytor sam""]",\N,\N,\N,\N,\N,\N
066kx,"Flores, Jalin",3B,STL,\N,"[""flores jalin""]",\N,\N,\N,\N,\N,\N
066m9,"Cabrera, Manuel",1B,WSH,\N,"[""cabrera manuel""]",\N,\N,\N,\N,\N,\N
066kw,"Cortez, Chris",SP,LAA,\N,"[""cortez chris""]",\N,\N,\N,\N,\N,\N
066kz,"Vastine, Jonathan",SS,SD,\N,"[""vastine jonathan""]",\N,\N,\N,\N,\N,\N
02new,"Castillo, Jose",RP,(N/A),\N,"[""castillo jose""]",\N,\N,\N,\N,\N,\N
066ky,"Avitia, Daniel",SP,CHC,\N,"[""avitia daniel""]",\N,\N,\N,\N,\N,\N
05y0v,"McNair, Brennon",LF,(N/A),\N,"[""mcnair brennon""]",\N,\N,\N,\N,\N,\N
066m6,"Martinez, Jeter",SP,PIT,\N,"[""martinez jeter""]",\N,\N,\N,\N,\N,\N
05y29,"Hoffmann, Andrew",RP,PHI,\N,"[""hoffmann andrew""]",\N,\N,\N,\N,\N,\N
05y0w,"Hostetler, Bennett",C,MIA,\N,"[""hostetler bennett""]",\N,\N,\N,\N,\N,\N
066m5,"Orozco, Maikol",LF,DET,\N,"[""orozco maikol""]",\N,\N,\N,\N,\N,\N
06zs7,"Betencourt, Freiker",CF,CHC,\N,"[""betencourt freiker""]",\N,\N,\N,\N,\N,\N
066m8,"Fernandez, Darling",RF,ATH,\N,"[""fernandez darling""]",\N,\N,\N,\N,\N,\N
066m7,"Reyes, Luis",SP,CHW,\N,[],\N,\N,\N,\N,\N,\N
05y0r,"Reifert, Evan",RP,TB,\N,"[""reifert evan""]",\N,\N,\N,\N,\N,\N
04tm2,"Vargas, Alexander",SS,(N/A),\N,"[""vargas alexander""]",\N,\N,\N,\N,\N,\N
066m2,"Perez, Cristian",CF,DET,\N,"[""perez cristian""]",\N,\N,\N,\N,\N,\N
05y0s,"Pacheco, Freddy",RP,(N/A),\N,"[""pacheco freddy""]",\N,\N,\N,\N,\N,\N
06zs6,"Hidalgo, Diomar",SS,BOS,\N,"[""hidalgo diomar""]",\N,\N,\N,\N,\N,\N
066m1,"Cabrera, Marwys",SP,KC,\N,"[""cabrera marwys""]",\N,\N,\N,\N,\N,\N
066m4,"Acevedo, Andy",CF,(N/A),\N,"[""acevedo andy""]",\N,\N,\N,\N,\N,\N
05y23,"Bibee, Tanner",SP,CLE,\N,"[""bibee tanner""]",\N,\N,\N,\N,\N,\N
066m3,"Solano, Edwin",SS,(N/A),\N,"[""solano edwin""]",\N,\N,\N,\N,\N,\N
06zqo,"Walker, Kyle",2B,HOU,\N,"[""walker kyle""]",\N,\N,\N,\N,\N,\N
06zqp,"Hitt, Jamie",RP,SD,\N,"[""hitt jamie""]",\N,\N,\N,\N,\N,\N
066m0,"Drake, Kohl",SP,ARI,\N,"[""drake kohl""]",\N,\N,\N,\N,\N,\N
06zqm,"Walters, Brian",RP,PHI,\N,"[""walters brian""]",\N,\N,\N,\N,\N,\N
06zqn,"Lohman, Camden",SP,NYM,\N,"[""lohman camden""]",\N,\N,\N,\N,\N,\N
05y0j,"Arrighetti, Spencer",SP,TOR,\N,"[""arrighetti spencer""]",\N,\N,\N,\N,\N,\N
06zql,"De Pena, Wilberson",LF,NYY,\N,"[""de pena wilberson""]",\N,\N,\N,\N,\N,\N
05y0d,"Boone, Rodney",SP,CLE,\N,"[""boone rodney""]",\N,\N,\N,\N,\N,\N
066jz,"Schreffler, Troy",LF,(N/A),\N,"[""schreffler troy""]",\N,\N,\N,\N,\N,\N
0423c,"Cortes, Carlos",RF,ATH,\N,"[""cortes carlos""]",\N,\N,\N,\N,\N,\N
03qu7,"Madrigal, Nick",3B,TB,\N,"[""madrigal nick""]",\N,\N,\N,\N,\N,\N
0422w,"Oller, Adam",SP,(N/A),\N,"[""oller adam""]",\N,\N,\N,\N,\N,\N
0422q,"Foster, Matt",RP,(N/A),\N,"[""foster matt""]",\N,\N,\N,\N,\N,\N
04244,"Robinson, Chuckie",C,ATL,\N,"[""robinson chuckie""]",\N,\N,\N,\N,\N,\N
0422d,"Haley, Jim",2B,(N/A),\N,"[""haley jim""]",\N,\N,\N,\N,\N,\N
0422f,"Poppen, Sean",RP,(N/A),\N,"[""poppen sean""]",\N,\N,\N,\N,\N,\N
04cts,"Rosa, Joseph",2B,(N/A),\N,"[""rosa joseph""]",\N,\N,\N,\N,\N,\N
0422c,"Hart, Kyle",RP,SD,\N,"[""hart kyle""]",\N,\N,\N,\N,\N,\N
05h9p,"Wingrove, Rixon",1B,(N/A),\N,"[""wingrove rixon""]",\N,\N,\N,\N,\N,\N
04e82,"Hiura, Keston",1B,(N/A),\N,"[""hiura keston""]",\N,\N,\N,\N,\N,\N
05wxx,"Tanner, Logan",C,CIN,\N,"[""tanner logan""]",\N,\N,\N,\N,\N,\N
03qt6,"Phillips, Tyler",RP,MIA,\N,"[""phillips tyler""]",\N,\N,\N,\N,\N,\N
05wxy,"Teel, Kyle",C,CHW,\N,"[""teel kyle""]",\N,\N,\N,\N,\N,\N
05wxw,"Graceffo, Gordon",RP,STL,\N,"[""graceffo gordon""]",\N,\N,\N,\N,\N,\N
040q1,"Alvarado, Cristian",SP,SF,\N,[],\N,\N,\N,\N,\N,\N
0421q,"Weissert, Greg",RP,BOS,\N,"[""weissert greg""]",\N,\N,\N,\N,\N,\N
0421k,"Francis, Bowden",SP,TOR,\N,"[""francis bowden""]",\N,\N,\N,\N,\N,\N
0421l,"Long, Sam",RP,(N/A),\N,"[""long sam""]",\N,\N,\N,\N,\N,\N
0421m,"Burgos, Raymond",SP,BOS,\N,"[""burgos raymond""]",\N,\N,\N,\N,\N,\N
04csx,"Franco, Wander",SS,TB,\N,"[""franco wander""]",\N,\N,\N,\N,\N,\N
0421i,"Dugger, Robert",SP,(N/A),\N,"[""dugger robert""]",\N,\N,\N,\N,\N,\N
0421j,"Stephan, Trevor",RP,CLE,\N,"[""stephan trevor""]",\N,\N,\N,\N,\N,\N
0421c,"Hummel, Cooper",LF,(N/A),\N,"[""hummel cooper""]",\N,\N,\N,\N,\N,\N
0425f,"Young, Christian",RP,(N/A),\N,"[""young christian""]",\N,\N,\N,\N,\N,\N
03qvc,"Vieaux, Cam",RP,(N/A),\N,"[""vieaux cam""]",\N,\N,\N,\N,\N,\N
03b6k,"Mateo, Jorge",SS,TB,\N,"[""mateo jorge""]",\N,\N,\N,\N,\N,\N
0424v,"Henley, Blair",RP,(N/A),\N,"[""henley blair""]",\N,\N,\N,\N,\N,\N
03qw8,"Stewart, Will",SP,(N/A),\N,"[""stewart will""]",\N,\N,\N,\N,\N,\N
04cwf,"Baz, Shane",SP,BAL,\N,"[""baz shane""]",\N,\N,\N,\N,\N,\N
04267,"Bishop, Hunter",RF,(N/A),\N,"[""bishop hunter""]",\N,\N,\N,\N,\N,\N
03quq,"Keller, Kyle",RP,BOS,\N,"[""keller kyle""]",\N,\N,\N,\N,\N,\N
03qum,"Nelson, James",LF,(N/A),\N,"[""nelson james""]",\N,\N,\N,\N,\N,\N
03quj,"Misiewicz, Anthony",RP,CIN,\N,"[""misiewicz anthony""]",\N,\N,\N,\N,\N,\N
0424b,"Sharp, Sterling",SP,(N/A),\N,"[""sharp sterling""]",\N,\N,\N,\N,\N,\N
03qub,"Wolfram, Grant",RP,BAL,\N,"[""wolfram grant""]",\N,\N,\N,\N,\N,\N
0423z,"McMillon, John",RP,(N/A),\N,"[""mcmillon john""]",\N,\N,\N,\N,\N,\N
03qtv,"Sullivan, Brett",C,COL,\N,"[""sullivan brett""]",\N,\N,\N,\N,\N,\N
0689z,"Ledbetter, Colton",RF,STL,\N,"[""ledbetter colton""]",\N,\N,\N,\N,\N,\N
0689s,"Gomez, Cristofer",RP,NYM,\N,"[""gomez cristofer""]",\N,\N,\N,\N,\N,\N
079zt,"Ferguson, George",3B,(N/A),\N,"[""ferguson george""]",\N,\N,\N,\N,\N,\N
0423t,"Kohlwey, Taylor",LF,(N/A),\N,"[""kohlwey taylor""]",\N,\N,\N,\N,\N,\N
03qto,"Phillips, Evan",RP,LAD,\N,"[""phillips evan""]",\N,\N,\N,\N,\N,\N
0689p,"Bonilla, Ezequiel",SP,(N/A),\N,"[""bonilla ezequiel""]",\N,\N,\N,\N,\N,\N
03qv3,"Vespi, Nick",RP,(N/A),\N,"[""vespi nick""]",\N,\N,\N,\N,\N,\N
0689r,"Matsui, Yuki",RP,SD,\N,"[""matsui yuki""]",\N,\N,\N,\N,\N,\N
03qtp,"Wingenter, Trey",RP,(N/A),\N,"[""wingenter trey""]",\N,\N,\N,\N,\N,\N
0689q,"Sanchez, Denison",RP,(N/A),\N,"[""sanchez denison""]",\N,\N,\N,\N,\N,\N
0689l,"Montero, Jose",SP,CIN,\N,"[""montero jose""]",\N,\N,\N,\N,\N,\N
0689m,"Martinez, Alexander",C,(N/A),\N,"[""martinez alexander""]",\N,\N,\N,\N,\N,\N
0423e,"Bender, Anthony",RP,MIA,\N,"[""bender anthony""]",\N,\N,\N,\N,\N,\N
0689j,"Jeffrey, Madison",RP,(N/A),\N,"[""jeffrey madison""]",\N,\N,\N,\N,\N,\N
02nqg,"Torrens, Luis",C,NYM,\N,"[""torrens luis""]",\N,\N,\N,\N,\N,\N
"10270#30",Team Hitting,TmH,\N,\N,[],\N,\N,\N,\N,\N,\N
066rz,"Linares, Jonathan",C,LAA,\N,"[""linares jonathan""]",\N,\N,\N,\N,\N,\N
05y7y,"Romero, Mikey",3B,BOS,\N,"[""romero mikey""]",\N,\N,\N,\N,\N,\N
066t9,"Matheus, Juan",3B,MIA,\N,"[""matheus juan""]",\N,\N,\N,\N,\N,\N
066rw,"Barriga, Alberto",C,ARI,\N,"[""barriga alberto""]",\N,\N,\N,\N,\N,\N
05y7z,"Rodriguez, Edryn",2B,(N/A),\N,"[""rodriguez edryn""]",\N,\N,\N,\N,\N,\N
066t8,"Lares, Cesar",SP,MIN,\N,"[""lares cesar""]",\N,\N,\N,\N,\N,\N
05y99,"Cole, Deion",SS,(N/A),\N,"[""cole deion""]",\N,\N,\N,\N,\N,\N
05y7w,"Turley, Gavin",RF,ATH,\N,"[""turley gavin""]",\N,\N,\N,\N,\N,\N
066ry,"Pena, Daniel",C,MIN,\N,"[""pena daniel""]",\N,\N,\N,\N,\N,\N
05y7x,"Young, Cole",2B,SEA,\N,"[""young cole""]",\N,\N,\N,\N,\N,\N
03qq9,"Lawrence, Justin",RP,WSH,\N,"[""lawrence justin""]",\N,\N,\N,\N,\N,\N
05y7u,"Moore, Malcolm",C,TEX,\N,"[""moore malcolm""]",\N,\N,\N,\N,\N,\N
05ww7,"Cabrera, Jean",SP,PHI,\N,"[""cabrera jean""]",\N,\N,\N,\N,\N,\N
066t5,"Gomez, Raimon",RP,BAL,\N,"[""gomez raimon""]",\N,\N,\N,\N,\N,\N
066rs,"Marte, Modeifi",1B,ARI,\N,"[""marte modeifi""]",\N,\N,\N,\N,\N,\N
05y7v,"Whisenhunt, Carson",SP,SF,\N,"[""whisenhunt carson""]",\N,\N,\N,\N,\N,\N
066t4,"Martin, Walker",3B,SF,\N,"[""martin walker""]",\N,\N,\N,\N,\N,\N
066rr,"Vasquez, Carlos",2B,(N/A),\N,"[""vasquez carlos""]",\N,\N,\N,\N,\N,\N
05y7s,"McLean, Nolan",SP,NYM,\N,"[""mclean nolan""]",\N,\N,\N,\N,\N,\N
05y7t,"Bolte, Henry",RF,ATH,\N,"[""bolte henry""]",\N,\N,\N,\N,\N,\N
04205,"Engler, Scott",P,(N/A),\N,"[""engler scott""]",\N,\N,\N,\N,\N,\N
066rt,"Henriquez, Julio",1B,MIA,\N,"[""henriquez julio""]",\N,\N,\N,\N,\N,\N
05y7q,"Champlain, Chandler",SP,WSH,\N,"[""champlain chandler""]",\N,\N,\N,\N,\N,\N
05y7r,"Neely, Jack",RP,CHC,\N,"[""neely jack""]",\N,\N,\N,\N,\N,\N
05y7o,"Virbitsky, Kyle",RP,(N/A),\N,"[""virbitsky kyle""]",\N,\N,\N,\N,\N,\N
066rq,"Salas, Gerardo",SP,STL,\N,"[""salas gerardo""]",\N,\N,\N,\N,\N,\N
05y7p,"Miller, Tyler",1B,PHI,\N,"[""miller tyler""]",\N,\N,\N,\N,\N,\N
05ww2,"Flores, Wilmer",RP,(N/A),\N,[],\N,\N,\N,\N,\N,\N
05y7n,"Susana, Jarlin",SP,WSH,\N,"[""susana jarlin""]",\N,\N,\N,\N,\N,\N
03qok,"Machin, Vimael",3B,COL,\N,"[""machin vimael""]",\N,\N,\N,\N,\N,\N
05y7j,"Ahlstrom, Robby",RP,TEX,\N,"[""ahlstrom robby""]",\N,\N,\N,\N,\N,\N
04e2u,"Rooker, Brent",DH,ATH,\N,"[""rooker brent""]",\N,\N,\N,\N,\N,\N
05y7g,"Yovan, Kenyon",RP,LAA,\N,"[""yovan kenyon""]",\N,\N,\N,\N,\N,\N
05y7h,"Munoz, Samuel",LF,LAD,\N,"[""munoz samuel""]",\N,\N,\N,\N,\N,\N
066rh,"Miranda, Kevin",SP,(N/A),\N,"[""miranda kevin""]",\N,\N,\N,\N,\N,\N
066re,"Urena, Engelth",1B,NYY,\N,"[""urena engelth""]",\N,\N,\N,\N,\N,\N
066qz,"Blanco, Hader",RP,(N/A),\N,"[""blanco hader""]",\N,\N,\N,\N,\N,\N
066qy,"Rivera, Bryan",RP,MIL,\N,"[""rivera bryan""]",\N,\N,\N,\N,\N,\N
05y6z,"Craig, Trendon",RF,(N/A),\N,"[""craig trendon""]",\N,\N,\N,\N,\N,\N
05y6x,"Larsen, Kyle",RP,PIT,\N,"[""larsen kyle""]",\N,\N,\N,\N,\N,\N
066s7,"Polanco, Narciso",2B,TB,\N,"[""polanco narciso""]",\N,\N,\N,\N,\N,\N
066qu,"Myers, Mitch",RP,ATH,\N,"[""myers mitch""]",\N,\N,\N,\N,\N,\N
05y6v,"Murray Jr., BJ",1B,CHC,\N,"[""murray jr bj""]",\N,\N,\N,\N,\N,\N
066qx,"Gonzalez, Luis",SP,PHI,\N,[],\N,\N,\N,\N,\N,\N
06zww,"Carrero, Yamvier",SS,ATL,\N,"[""carrero yamvier""]",\N,\N,\N,\N,\N,\N
05y6w,"Dobbins, Hunter",SP,STL,\N,[],\N,\N,\N,\N,\N,\N
066qw,"Rodriguez, Raimy",SP,HOU,\N,"[""rodriguez raimy""]",\N,\N,\N,\N,\N,\N
05y6t,"Piper, Kenny",C,TB,\N,"[""piper kenny""]",\N,\N,\N,\N,\N,\N
066s4,"Osorio, Hector",RF,TEX,\N,"[""osorio hector""]",\N,\N,\N,\N,\N,\N
066qr,"Uberstine, Tyler",SP,ATL,\N,"[""uberstine tyler""]",\N,\N,\N,\N,\N,\N
05y6u,"Sikes, Phillip",RF,(N/A),\N,"[""sikes phillip""]",\N,\N,\N,\N,\N,\N
066s3,"Mosquera, Deivis",RF,(N/A),\N,"[""mosquera deivis""]",\N,\N,\N,\N,\N,\N
066qq,"Colon, Jeffrey",RP,(N/A),\N,"[""colon jeffrey""]",\N,\N,\N,\N,\N,\N
06zwv,"Espinoza, Rainer",LF,SF,\N,"[""espinoza rainer""]",\N,\N,\N,\N,\N,\N
066s6,"Nunez, Alejandro",2B,HOU,\N,"[""nunez alejandro""]",\N,\N,\N,\N,\N,\N
066s5,"Velasquez, Alfredo",2B,BAL,\N,"[""velasquez alfredo""]",\N,\N,\N,\N,\N,\N
066qs,"Sosa, Miguel",LF,(N/A),\N,"[""sosa miguel""]",\N,\N,\N,\N,\N,\N
05y6p,"Ribeiro, Sulivan",SP,(N/A),\N,"[""ribeiro sulivan""]",\N,\N,\N,\N,\N,\N
06k8a,"Winklaar, Clay",LF,(N/A),\N,"[""winklaar clay""]",\N,\N,\N,\N,\N,\N
066s0,"Medina, Jose",1B,(N/A),\N,"[""medina jose""]",\N,\N,\N,\N,\N,\N
06k8b,"Archila, Pascual",CF,TOR,\N,"[""archila pascual""]",\N,\N,\N,\N,\N,\N
066s2,"Alsinois, Leandro",RF,CHW,\N,"[""alsinois leandro""]",\N,\N,\N,\N,\N,\N
066s1,"Colon, Rabel",LF,(N/A),\N,"[""colon rabel""]",\N,\N,\N,\N,\N,\N
03qni,"Young, Danny",RP,ATL,\N,"[""young danny""]",\N,\N,\N,\N,\N,\N
066qj,"Galvez, Jovi",RP,STL,\N,"[""galvez jovi""]",\N,\N,\N,\N,\N,\N
05y6m,"Perez, Doimil",SP,(N/A),\N,"[""perez doimil""]",\N,\N,\N,\N,\N,\N
06k7z,"Gonzalez, Deinys",C,TB,\N,"[""gonzalez deinys""]",\N,\N,\N,\N,\N,\N
03qnj,"Sands, Donny",C,(N/A),\N,"[""sands donny""]",\N,\N,\N,\N,\N,\N
05y6h,"Brown, Vaun",LF,(N/A),\N,"[""brown vaun""]",\N,\N,\N,\N,\N,\N
03qne,"Paddack, Chris",SP,(N/A),\N,"[""paddack chris""]",\N,\N,\N,\N,\N,\N
06k7x,"Pinero, Aaron",3B,TB,\N,"[""pinero aaron""]",\N,\N,\N,\N,\N,\N
06k7y,"Reyes, Dalvinson",SP,BOS,\N,"[""reyes dalvinson""]",\N,\N,\N,\N,\N,\N
05y6f,"Cowles, Ben",SS,CHC,\N,"[""cowles ben""]",\N,\N,\N,\N,\N,\N
06k7v,"Mujica, Cesar",C,PHI,\N,"[""mujica cesar""]",\N,\N,\N,\N,\N,\N
066qh,"Luciano, Jordy",SP,(N/A),\N,"[""luciano jordy""]",\N,\N,\N,\N,\N,\N
06k7w,"Antunez, Andreimi",SS,TB,\N,"[""antunez andreimi""]",\N,\N,\N,\N,\N,\N
066qg,"Fleury, Jose",SP,HOU,\N,"[""fleury jose""]",\N,\N,\N,\N,\N,\N
05y6d,"Del Rosario, Richel",3B,(N/A),\N,"[""del rosario richel""]",\N,\N,\N,\N,\N,\N
06k7t,"Fischer, Andrew",3B,MIL,\N,"[""fischer andrew""]",\N,\N,\N,\N,\N,\N
066qb,"Sio, Jean Carlos",2B,SF,\N,"[""sio jean carlos""]",\N,\N,\N,\N,\N,\N
06k7u,"Pinto, Jesus",CF,DET,\N,"[""pinto jesus""]",\N,\N,\N,\N,\N,\N
066qd,"Escobar, Jose",LF,CHC,\N,"[""escobar jose""]",\N,\N,\N,\N,\N,\N
03qnb,"Allen, Logan",RP,(N/A),\N,[],\N,\N,\N,\N,\N,\N
05y6c,"Parra, Nixon",RP,(N/A),\N,"[""parra nixon""]",\N,\N,\N,\N,\N,\N
06k7s,"Carmichael, Easton",C,PIT,\N,"[""carmichael easton""]",\N,\N,\N,\N,\N,\N
066qc,"Batista, Arfeni",SS,(N/A),\N,"[""batista arfeni""]",\N,\N,\N,\N,\N,\N
03qra,"Padilla, Nicholas",RP,(N/A),\N,"[""padilla nicholas""]",\N,\N,\N,\N,\N,\N
06iyu,"Espinal, Juan",RF,ATL,\N,"[""espinal juan""]",\N,\N,\N,\N,\N,\N
0687a,"Horn, Garrett",SP,MIN,\N,"[""horn garrett""]",\N,\N,\N,\N,\N,\N
0421a,"Flowers, J.C.",RP,(N/A),\N,"[""flowers j c""]",\N,\N,\N,\N,\N,\N
03qrb,"McDowell, Max",C,(N/A),\N,"[""mcdowell max""]",\N,\N,\N,\N,\N,\N
"10270#50",Team,Tm,\N,\N,[],\N,\N,\N,\N,\N,\N
03qqw,"Boyle, Michael",RP,(N/A),\N,"[""boyle michael""]",\N,\N,\N,\N,\N,\N
03qs6,"Hilliard, Sam",LF,(N/A),\N,"[""hilliard sam""]",\N,\N,\N,\N,\N,\N
04225,"Davidson, Tucker",SP,PHI,\N,"[""davidson tucker""]",\N,\N,\N,\N,\N,\N
03qs8,"Effross, Scott",RP,SEA,\N,"[""effross scott""]",\N,\N,\N,\N,\N,\N
04226,"Bosiokovic, Jacob",RP,(N/A),\N,"[""bosiokovic jacob""]",\N,\N,\N,\N,\N,\N
0420t,"Mills, Wyatt",RP,WSH,\N,"[""mills wyatt""]",\N,\N,\N,\N,\N,\N
05y9s,"Bierman, Gabe",RP,MIA,\N,"[""bierman gabe""]",\N,\N,\N,\N,\N,\N
0420n,"Martinez, Seth",RP,BOS,\N,"[""martinez seth""]",\N,\N,\N,\N,\N,\N
03qqr,"Lester, Josh",3B,(N/A),\N,"[""lester josh""]",\N,\N,\N,\N,\N,\N
05y9q,"Higgins, Ryan",3B,(N/A),\N,"[""higgins ryan""]",\N,\N,\N,\N,\N,\N
05wy3,"Salinas, Royber",RP,(N/A),\N,"[""salinas royber""]",\N,\N,\N,\N,\N,\N
05y9r,"Wrobleski, Justin",RP,LAD,\N,"[""wrobleski justin""]",\N,\N,\N,\N,\N,\N
05wy1,"Taylor, Brayden",3B,MIA,\N,"[""taylor brayden""]",\N,\N,\N,\N,\N,\N
05y9p,"Broadway, Taylor",RP,(N/A),\N,"[""broadway taylor""]",\N,\N,\N,\N,\N,\N
05wy2,"Gutierrez, Anthony",CF,TEX,\N,"[""gutierrez anthony""]",\N,\N,\N,\N,\N,\N
0420k,"Alvarez, Armando",3B,(N/A),\N,"[""alvarez armando""]",\N,\N,\N,\N,\N,\N
05wy0,"Trice, Carter",CF,CHC,\N,"[""trice carter""]",\N,\N,\N,\N,\N,\N
0420f,"Brooks, Trenton",LF,HOU,\N,"[""brooks trenton""]",\N,\N,\N,\N,\N,\N
0420g,"Short, Zack",3B,NYM,\N,"[""short zack""]",\N,\N,\N,\N,\N,\N
05y9i,"Leigh, Zac",RP,CHC,\N,"[""leigh zac""]",\N,\N,\N,\N,\N,\N
0420h,"Wilson, Weston",LF,SEA,\N,"[""wilson weston""]",\N,\N,\N,\N,\N,\N
03qqd,"Zavala, Seby",C,DET,\N,"[""zavala seby""]",\N,\N,\N,\N,\N,\N
066te,"Bautista, Erick",CF,(N/A),\N,"[""bautista erick""]",\N,\N,\N,\N,\N,\N
066td,"Figueroa, Derlin",1B,KC,\N,"[""figueroa derlin""]",\N,\N,\N,\N,\N,\N
03qqf,"Diaz, Alexis",RP,TEX,\N,"[""diaz alexis""]",\N,\N,\N,\N,\N,\N
03qqe,"Higgins, P.J.",1B,CIN,\N,"[""higgins p j""]",\N,\N,\N,\N,\N,\N
05y9c,"Moss, Dean",RF,TB,\N,"[""moss dean""]",\N,\N,\N,\N,\N,\N
05y9d,"Lash, John",SP,(N/A),\N,"[""lash john""]",\N,\N,\N,\N,\N,\N
05y9a,"Frankel, Jack",SP,(N/A),\N,"[""frankel jack""]",\N,\N,\N,\N,\N,\N
03qqb,"Straw, Myles",CF,TOR,\N,"[""straw myles""]",\N,\N,\N,\N,\N,\N
06zzb,"Case, Tommy",SP,LAD,\N,"[""case tommy""]",\N,\N,\N,\N,\N,\N
05y9b,"Mullinax, Michael",RF,(N/A),\N,"[""mullinax michael""]",\N,\N,\N,\N,\N,\N
06zzc,"Fowler, Michael",RP,MIL,\N,"[""fowler michael""]",\N,\N,\N,\N,\N,\N
03qpz,"Beaty, Matt",1B,(N/A),\N,"[""beaty matt""]",\N,\N,\N,\N,\N,\N
05h7l,"Davila, Jose",SP,STL,\N,"[""davila jose""]",\N,\N,\N,\N,\N,\N
"10270#40",Team Pitching,TmP,\N,\N,[],\N,\N,\N,\N,\N,\N
066sx,"Farmelo, Jonny",CF,SEA,\N,"[""farmelo jonny""]",\N,\N,\N,\N,\N,\N
06879,"Molina, Anthony",RP,SF,\N,"[""molina anthony""]",\N,\N,\N,\N,\N,\N
05h7i,"Carrasco, Luis",RP,ATH,\N,[],\N,\N,\N,\N,\N,\N
066st,"Hernandez, Jose",RP,(N/A),\N,[],\N,\N,\N,\N,\N,\N
05h7g,"Cornielly, Joshua",RP,NYM,\N,"[""cornielly joshua""]",\N,\N,\N,\N,\N,\N
03qr4,"Stashak, Cody",RP,(N/A),\N,"[""stashak cody""]",\N,\N,\N,\N,\N,\N
066sv,"Yan, Ricardo",RP,ARI,\N,"[""yan ricardo""]",\N,\N,\N,\N,\N,\N
066su,"Velazquez, Ramses",LF,(N/A),\N,"[""velazquez ramses""]",\N,\N,\N,\N,\N,\N
03qr0,"Mullins, Cedric",CF,TB,\N,"[""mullins cedric""]",\N,\N,\N,\N,\N,\N
05wvs,"Mora, Juan",2B,(N/A),\N,"[""mora juan""]",\N,\N,\N,\N,\N,\N
066sr,"Joyce, Jimmy",RP,SEA,\N,"[""joyce jimmy""]",\N,\N,\N,\N,\N,\N
066sq,"Avila, Nick",RP,(N/A),\N,"[""avila nick""]",\N,\N,\N,\N,\N,\N
03qpg,"Gibaut, Ian",RP,(N/A),\N,"[""gibaut ian""]",\N,\N,\N,\N,\N,\N
03qpi,"Sandoval, Patrick",SP,BOS,\N,"[""sandoval patrick""]",\N,\N,\N,\N,\N,\N
05yg2,"Goosenberg, Shawn",SS,(N/A),\N,"[""goosenberg shawn""]",\N,\N,\N,\N,\N,\N
05yg0,"Arias, Daury",CF,(N/A),\N,"[""arias daury""]",\N,\N,\N,\N,\N,\N
05yen,"Pacheco, Alberto",SP,COL,\N,"[""pacheco alberto""]",\N,\N,\N,\N,\N,\N
05yek,"Milam, Steven",SS,(N/A),\N,"[""milam steven""]",\N,\N,\N,\N,\N,\N
05yel,"Cuvet, Daniel",3B,WSH,\N,"[""cuvet daniel""]",\N,\N,\N,\N,\N,\N
05yei,"Silven, Yoelvin",SP,(N/A),\N,"[""silven yoelvin""]",\N,\N,\N,\N,\N,\N
05yeg,"Cholowsky, Roch",SS,CHW,\N,"[""cholowsky roch""]",\N,\N,\N,\N,\N,\N
"10130#50",Team,Tm,\N,\N,[],\N,\N,\N,\N,\N,\N
05yeh,"Aliendo, Pablo",C,CIN,\N,"[""aliendo pablo""]",\N,\N,\N,\N,\N,\N
05yee,"Arias, Jaime",RP,(N/A),\N,"[""arias jaime""]",\N,\N,\N,\N,\N,\N
05yef,"Hjerpe, Cooper",SP,STL,\N,"[""hjerpe cooper""]",\N,\N,\N,\N,\N,\N
05yed,"Bitonti, Eric",1B,MIL,\N,"[""bitonti eric""]",\N,\N,\N,\N,\N,\N
05ydz,"Peters, Tristan",LF,CHW,\N,"[""peters tristan""]",\N,\N,\N,\N,\N,\N
05ydx,"Encarnacion, Juan Daniel",SP,(N/A),\N,"[""encarnacion juan daniel""]",\N,\N,\N,\N,\N,\N
041zx,"Lin, Lyle",C,(N/A),\N,"[""lin lyle""]",\N,\N,\N,\N,\N,\N
05ydv,"Ruiz, Jorge",LF,LAA,\N,"[""ruiz jorge""]",\N,\N,\N,\N,\N,\N
05yf9,"Rodriguez, Carlos",SP,MIL,\N,[],\N,\N,\N,\N,\N,\N
05ydw,"Encarnacion, Luis",1B,(N/A),\N,"[""encarnacion luis""]",\N,\N,\N,\N,\N,\N
05ydu,"Shores, Chase",RP,LAA,\N,"[""shores chase""]",\N,\N,\N,\N,\N,\N
05yf5,"Raposo, Nick",C,SEA,\N,"[""raposo nick""]",\N,\N,\N,\N,\N,\N
05ydp,"Anderson, Kade",SP,SEA,\N,"[""anderson kade""]",\N,\N,\N,\N,\N,\N
05ydn,"Smithwick, Campbell",C,(N/A),\N,"[""smithwick campbell""]",\N,\N,\N,\N,\N,\N
05ydo,"Morillo, Juan",RP,ARI,\N,"[""morillo juan""]",\N,\N,\N,\N,\N,\N
05ydl,"Victorian, Landon",SP,(N/A),\N,"[""victorian landon""]",\N,\N,\N,\N,\N,\N
068c0,"Hollan, Hunter",SP,CIN,\N,"[""hollan hunter""]",\N,\N,\N,\N,\N,\N
05ydm,"Larson, Blake",SP,CHW,\N,"[""larson blake""]",\N,\N,\N,\N,\N,\N
05ydj,"Murphy, Hayden",RP,ARI,\N,"[""murphy hayden""]",\N,\N,\N,\N,\N,\N
041ze,"Winckowski, Josh",RP,TOR,\N,"[""winckowski josh""]",\N,\N,\N,\N,\N,\N
05ydh,"Frias, Dayan",3B,CLE,\N,"[""frias dayan""]",\N,\N,\N,\N,\N,\N
05ydi,"Hernandez, Alexis",2B,CHC,\N,[],\N,\N,\N,\N,\N,\N
05ydf,"Denoyer, Noah",SP,(N/A),\N,"[""denoyer noah""]",\N,\N,\N,\N,\N,\N
05ydg,"Osorio, Javier",3B,DET,\N,"[""osorio javier""]",\N,\N,\N,\N,\N,\N
05ydd,"Torres, Eric",RP,BAL,\N,"[""torres eric""]",\N,\N,\N,\N,\N,\N
05ydc,"Lavender, Nate",RP,NYM,\N,"[""lavender nate""]",\N,\N,\N,\N,\N,\N
02oyz,"Tonkin, Michael",RP,(N/A),\N,"[""tonkin michael""]",\N,\N,\N,\N,\N,\N
05ycw,"Martinez, Gabriel",RF,(N/A),\N,"[""martinez gabriel""]",\N,\N,\N,\N,\N,\N
05ycp,"Encarnacion, Freili",3B,BOS,\N,"[""encarnacion freili""]",\N,\N,\N,\N,\N,\N
05yi1,"Guilamo, Freddy",C,(N/A),\N,"[""guilamo freddy""]",\N,\N,\N,\N,\N,\N
05ygp,"Tavera, Braylin",CF,BAL,\N,"[""tavera braylin""]",\N,\N,\N,\N,\N,\N
05ygm,"Smith, Adam",RP,SEA,\N,"[""smith adam""]",\N,\N,\N,\N,\N,\N
05yi0,"McIntosh, Paul",C,PHI,\N,"[""mcintosh paul""]",\N,\N,\N,\N,\N,\N
05ygk,"Perez, Juan",C,(N/A),\N,"[""perez juan""]",\N,\N,\N,\N,\N,\N
05ygl,"Bender, Colton",C,(N/A),\N,"[""bender colton""]",\N,\N,\N,\N,\N,\N
05ygg,"Cho, Won-Bin",CF,STL,\N,"[""cho won bin""]",\N,\N,\N,\N,\N,\N
05yge,"Capocci, Francesco",RP,(N/A),\N,"[""capocci francesco""]",\N,\N,\N,\N,\N,\N
06kj3,"Alvarez, Frank",RP,(N/A),\N,"[""alvarez frank""]",\N,\N,\N,\N,\N,\N
06kj1,"Dominguez, Alexis",RP,(N/A),\N,"[""dominguez alexis""]",\N,\N,\N,\N,\N,\N
"10040#30",Team Hitting,TmH,\N,\N,[],\N,\N,\N,\N,\N,\N
05yfz,"Hinestroza, Carlos",SP,(N/A),\N,"[""hinestroza carlos""]",\N,\N,\N,\N,\N,\N
"10130#30",Team Hitting,TmH,\N,\N,[],\N,\N,\N,\N,\N,\N
05yfx,"Wallace, Trenton",RP,TOR,\N,"[""wallace trenton""]",\N,\N,\N,\N,\N,\N
05yfv,"Och, Ryan",RP,SD,\N,"[""och ryan""]",\N,\N,\N,\N,\N,\N
05yfw,"Ward, Braiden",CF,BOS,\N,"[""ward braiden""]",\N,\N,\N,\N,\N,\N
05yh6,"Holman, Luke",SP,CIN,\N,"[""holman luke""]",\N,\N,\N,\N,\N,\N
05yft,"Denlinger, Theo",SP,(N/A),\N,"[""denlinger theo""]",\N,\N,\N,\N,\N,\N
05yfu,"Stevens, Chad",3B,COL,\N,"[""stevens chad""]",\N,\N,\N,\N,\N,\N
05yh7,"Braswell, Michael",3B,KC,\N,"[""braswell michael""]",\N,\N,\N,\N,\N,\N
05yfr,"Kent, Nic",3B,COL,\N,"[""kent nic""]",\N,\N,\N,\N,\N,\N
05yh4,"Diaz, Davis",C,ATH,\N,"[""diaz davis""]",\N,\N,\N,\N,\N,\N
05yh5,"Willis, Coleman",SP,(N/A),\N,"[""willis coleman""]",\N,\N,\N,\N,\N,\N
05yfp,"Tolman, Erik",RP,WSH,\N,"[""tolman erik""]",\N,\N,\N,\N,\N,\N
05yh3,"Hampton, Chase",SP,STL,\N,"[""hampton chase""]",\N,\N,\N,\N,\N,\N
05yfn,"Luna Jr., Gil",SP,(N/A),\N,"[""luna jr gil""]",\N,\N,\N,\N,\N,\N
05yh1,"Gomez, Kenni",CF,HOU,\N,"[""gomez kenni""]",\N,\N,\N,\N,\N,\N
05yfl,"Loperfido, Joey",LF,HOU,\N,"[""loperfido joey""]",\N,\N,\N,\N,\N,\N
05yfj,"Mercedes, Juan",RP,(N/A),\N,[],\N,\N,\N,\N,\N,\N
05yfi,"Gordon, Colton",SP,MIL,\N,"[""gordon colton""]",\N,\N,\N,\N,\N,\N
05yff,"Petry, Ethan",LF,WSH,\N,"[""petry ethan""]",\N,\N,\N,\N,\N,\N
05yfd,"Tolve, Tyler",C,ATL,\N,"[""tolve tyler""]",\N,\N,\N,\N,\N,\N
05yfb,"Cooke, Connor",RP,(N/A),\N,"[""cooke connor""]",\N,\N,\N,\N,\N,\N
06kgn,"Silverio, Franchely",SS,HOU,\N,"[""silverio franchely""]",\N,\N,\N,\N,\N,\N
06kgm,"Quezada, Joshua",RP,MIL,\N,"[""quezada joshua""]",\N,\N,\N,\N,\N,\N
068bz,"Pan, Wen-Hui",RP,PHI,\N,"[""pan wen hui""]",\N,\N,\N,\N,\N,\N
"10130#40",Team Pitching,TmP,\N,\N,[],\N,\N,\N,\N,\N,\N
05yeu,"Lockhart, Lael",SP,SEA,\N,"[""lockhart lael""]",\N,\N,\N,\N,\N,\N
05yet,"Dixon, Brenden",3B,CHW,\N,"[""dixon brenden""]",\N,\N,\N,\N,\N,\N
05yeq,"Hackenberg, Adam",C,(N/A),\N,"[""hackenberg adam""]",\N,\N,\N,\N,\N,\N
05yg3,"Aguiar, Julian",SP,CHC,\N,"[""aguiar julian""]",\N,\N,\N,\N,\N,\N
05yg4,"Rodriguez, Erian",SP,CHC,\N,"[""rodriguez erian""]",\N,\N,\N,\N,\N,\N
05yer,"Monteverde, Patrick",SP,MIA,\N,"[""monteverde patrick""]",\N,\N,\N,\N,\N,\N
05yak,"Neyens, Xavier",3B,HOU,\N,"[""neyens xavier""]",\N,\N,\N,\N,\N,\N
05yal,"Kopp, Ronan",RP,LAD,\N,"[""kopp ronan""]",\N,\N,\N,\N,\N,\N
05yai,"Rainer, Bryce",SS,DET,\N,"[""rainer bryce""]",\N,\N,\N,\N,\N,\N
05yaj,"Modugno, Andre",3B,(N/A),\N,"[""modugno andre""]",\N,\N,\N,\N,\N,\N
05yag,"Mitchell, Tucker",C,TEX,\N,"[""mitchell tucker""]",\N,\N,\N,\N,\N,\N
05yah,"Gold, Luke",1B,(N/A),\N,"[""gold luke""]",\N,\N,\N,\N,\N,\N
041wc,"Kuhnel, Joel",RP,SF,\N,"[""kuhnel joel""]",\N,\N,\N,\N,\N,\N
05yae,"Justice, Evan",SP,COL,\N,"[""justice evan""]",\N,\N,\N,\N,\N,\N
05yaf,"Young, Jacob",CF,WSH,\N,"[""young jacob""]",\N,\N,\N,\N,\N,\N
"10040#50",Team,Tm,\N,\N,[],\N,\N,\N,\N,\N,\N
041x9,"Ashcraft, Graham",RP,CIN,\N,"[""ashcraft graham""]",\N,\N,\N,\N,\N,\N
05yb8,"Patrick, Chad",SP,MIL,\N,"[""patrick chad""]",\N,\N,\N,\N,\N,\N
05yb9,"Hambley, Dominic",RP,(N/A),\N,"[""hambley dominic""]",\N,\N,\N,\N,\N,\N
05yb6,"Rodriguez, CJ",C,ATH,\N,"[""rodriguez cj""]",\N,\N,\N,\N,\N,\N
041x6,"Widener, Taylor",RP,(N/A),\N,"[""widener taylor""]",\N,\N,\N,\N,\N,\N
041vt,"Taylor, Samad",2B,SD,\N,"[""taylor samad""]",\N,\N,\N,\N,\N,\N
"10105#40",Team Pitching,TmP,\N,\N,[],\N,\N,\N,\N,\N,\N
041vm,"Lee, Dylan",RP,ATL,\N,"[""lee dylan""]",\N,\N,\N,\N,\N,\N
05yb2,"Nieves, Hector",2B,(N/A),\N,"[""nieves hector""]",\N,\N,\N,\N,\N,\N
05yb3,"Costeiu, Ryan",SP,LAA,\N,"[""costeiu ryan""]",\N,\N,\N,\N,\N,\N
041vp,"Espinal, Santiago",3B,ARI,\N,"[""espinal santiago""]",\N,\N,\N,\N,\N,\N
05yb0,"Rumfield, T.J.",1B,COL,\N,"[""rumfield t j""]",\N,\N,\N,\N,\N,\N
05yb1,"Thorpe, Drew",SP,CHW,\N,"[""thorpe drew""]",\N,\N,\N,\N,\N,\N
041vj,"Garcia, Julian",SP,CIN,\N,[],\N,\N,\N,\N,\N,\N
041vf,"Snead, Kirby",RP,PHI,\N,"[""snead kirby""]",\N,\N,\N,\N,\N,\N
041va,"Remillard, Zach",3B,(N/A),\N,"[""remillard zach""]",\N,\N,\N,\N,\N,\N
041w8,"Hamilton, Ian",RP,ATL,\N,"[""hamilton ian""]",\N,\N,\N,\N,\N,\N
041uv,"Scholtens, Jesse",RP,TB,\N,"[""scholtens jesse""]",\N,\N,\N,\N,\N,\N
"10040#40",Team Pitching,TmP,\N,\N,[],\N,\N,\N,\N,\N,\N
05ya7,"Rozek, Aaron",RP,MIN,\N,"[""rozek aaron""]",\N,\N,\N,\N,\N,\N
041w3,"White, Eli",RF,BOS,\N,"[""white eli""]",\N,\N,\N,\N,\N,\N
041w4,"Baker, Bryan",RP,TB,\N,"[""baker bryan""]",\N,\N,\N,\N,\N,\N
03c9c,"Sheffield, Justus",RP,(N/A),\N,"[""sheffield justus""]",\N,\N,\N,\N,\N,\N
05ya6,"Fransen, Arij",RP,(N/A),\N,"[""fransen arij""]",\N,\N,\N,\N,\N,\N
041w5,"Delay, Jason",C,BOS,\N,"[""delay jason""]",\N,\N,\N,\N,\N,\N
05ya3,"Jones, Brock",RF,TB,\N,"[""jones brock""]",\N,\N,\N,\N,\N,\N
"10105#50",Team,Tm,\N,\N,[],\N,\N,\N,\N,\N,\N
041w0,"Lovelady, Richard",RP,WSH,\N,"[""lovelady richard""]",\N,\N,\N,\N,\N,\N
05ycm,"Specht, Tommy",RF,(N/A),\N,"[""specht tommy""]",\N,\N,\N,\N,\N,\N
05ycn,"Kouba, Rhett",RP,(N/A),\N,"[""kouba rhett""]",\N,\N,\N,\N,\N,\N
041yi,"Mastrobuoni, Miles",3B,SEA,\N,"[""mastrobuoni miles""]",\N,\N,\N,\N,\N,\N
05yck,"Cruz, Fernando",SS,CHC,\N,[],\N,\N,\N,\N,\N,\N
05ycl,"Sykora, Travis",SP,WSH,\N,"[""sykora travis""]",\N,\N,\N,\N,\N,\N
03azu,"Reyes, Pablo",1B,LAA,\N,"[""reyes pablo""]",\N,\N,\N,\N,\N,\N
05yci,"Blanco Jr., Tony",1B,PIT,\N,"[""blanco jr tony""]",\N,\N,\N,\N,\N,\N
05ycj,"Juan, Simon",RF,NYM,\N,"[""juan simon""]",\N,\N,\N,\N,\N,\N
05ycg,"Noot, Jaden",SP,(N/A),\N,"[""noot jaden""]",\N,\N,\N,\N,\N,\N
05ych,"Mercedes, Yasser",CF,MIN,\N,"[""mercedes yasser""]",\N,\N,\N,\N,\N,\N
05ycf,"Cameron, Noah",SP,KC,\N,"[""cameron noah""]",\N,\N,\N,\N,\N,\N
041yb,"Kremer, Dean",SP,MIN,\N,"[""kremer dean""]",\N,\N,\N,\N,\N,\N
041yc,"Hall, Darick",1B,(N/A),\N,"[""hall darick""]",\N,\N,\N,\N,\N,\N
05yca,"Harris, Brett",3B,SF,\N,"[""harris brett""]",\N,\N,\N,\N,\N,\N
05ycb,"Jones, Nick",RP,LAA,\N,"[""jones nick""]",\N,\N,\N,\N,\N,\N
05ybz,"Brecht, Brody",SP,COL,\N,"[""brecht brody""]",\N,\N,\N,\N,\N,\N
05yby,"McGonigle, Kevin",SS,DET,\N,"[""mcgonigle kevin""]",\N,\N,\N,\N,\N,\N
05ybv,"Holliday, Jackson",2B,BAL,\N,"[""holliday jackson""]",\N,\N,\N,\N,\N,\N
05yd8,"Meyers, Chris",1B,DET,\N,"[""meyers chris""]",\N,\N,\N,\N,\N,\N
05ybw,"Palmquist, Carson",RP,WSH,\N,"[""palmquist carson""]",\N,\N,\N,\N,\N,\N
041xv,"Lowe, Nathaniel",1B,CLE,\N,"[""lowe nathaniel""]",\N,\N,\N,\N,\N,\N
05yd6,"Benoit, Donovan",SP,(N/A),\N,"[""benoit donovan""]",\N,\N,\N,\N,\N,\N
05ybt,"Karros, Jared",SP,LAD,\N,"[""karros jared""]",\N,\N,\N,\N,\N,\N
068a4,"Sullivan, Liam",SP,WSH,\N,"[""sullivan liam""]",\N,\N,\N,\N,\N,\N
05yd7,"Spain, Garrett",RF,MIN,\N,"[""spain garrett""]",\N,\N,\N,\N,\N,\N
05ybu,"Fabian, Deric",SS,(N/A),\N,"[""fabian deric""]",\N,\N,\N,\N,\N,\N
041z2,"Suwinski, Jack",CF,TB,\N,"[""suwinski jack""]",\N,\N,\N,\N,\N,\N
05yd4,"Edwards, Zach",SP,(N/A),\N,"[""edwards zach""]",\N,\N,\N,\N,\N,\N
05ybr,"Salas, Ethan",C,SD,\N,"[""salas ethan""]",\N,\N,\N,\N,\N,\N
041z3,"Schreiber, John",RP,NYY,\N,"[""schreiber john""]",\N,\N,\N,\N,\N,\N
041xq,"Mondou, Nate",2B,SD,\N,"[""mondou nate""]",\N,\N,\N,\N,\N,\N
05yd5,"Ledford, Darren",C,(N/A),\N,"[""ledford darren""]",\N,\N,\N,\N,\N,\N
05ybs,"Guidry, Gavin",SS,NYM,\N,"[""guidry gavin""]",\N,\N,\N,\N,\N,\N
068a5,"Becker, Matthew",RP,MIN,\N,"[""becker matthew""]",\N,\N,\N,\N,\N,\N
05yd3,"Kilen, Gavin",SS,SF,\N,"[""kilen gavin""]",\N,\N,\N,\N,\N,\N
01lum,"Turner, Justin",1B,(N/A),\N,"[""turner justin""]",\N,\N,\N,\N,\N,\N
05ybl,"Stryffeler, Michael",SP,(N/A),\N,"[""stryffeler michael""]",\N,\N,\N,\N,\N,\N
05ybm,"Ramos, Eury",RP,(N/A),\N,"[""ramos eury""]",\N,\N,\N,\N,\N,\N
05ybj,"Heid, Dylan",RP,(N/A),\N,"[""heid dylan""]",\N,\N,\N,\N,\N,\N
041xi,"Collins, Gavin",C,(N/A),\N,"[""collins gavin""]",\N,\N,\N,\N,\N,\N
05ybk,"Fleming, William",RP,MIN,\N,"[""fleming william""]",\N,\N,\N,\N,\N,\N
05ybh,"Acton, Garrett",RP,MIN,\N,"[""acton garrett""]",\N,\N,\N,\N,\N,\N
041xc,"Whalen, Brady",1B,(N/A),\N,"[""whalen brady""]",\N,\N,\N,\N,\N,\N
041xd,"Thomas, Cody",RF,(N/A),\N,"[""thomas cody""]",\N,\N,\N,\N,\N,\N
05ybf,"Rogers, Jack",RF,(N/A),\N,"[""rogers jack""]",\N,\N,\N,\N,\N,\N
05ybe,"Adams, Travis",RP,MIN,\N,"[""adams travis""]",\N,\N,\N,\N,\N,\N
041wv,"King, Michael",SP,SD,\N,"[""king michael""]",\N,\N,\N,\N,\N,\N
041y9,"Blackwood, Nolan",RP,(N/A),\N,"[""blackwood nolan""]",\N,\N,\N,\N,\N,\N
05yay,"Samaniego, Tyler",RP,BOS,\N,"[""samaniego tyler""]",\N,\N,\N,\N,\N,\N
05yaz,"Warren, Will",SP,NYY,\N,"[""warren will""]",\N,\N,\N,\N,\N,\N
05yc9,"Fulford, Braxton",C,COL,\N,"[""fulford braxton""]",\N,\N,\N,\N,\N,\N
05yax,"McLain, Sean",SS,LAD,\N,"[""mclain sean""]",\N,\N,\N,\N,\N,\N
05yc7,"Brown, Aaron",SP,(N/A),\N,"[""brown aaron""]",\N,\N,\N,\N,\N,\N
05yc8,"Hawkins, Garrett",RP,SD,\N,"[""hawkins garrett""]",\N,\N,\N,\N,\N,\N
05yav,"Festa, David",SP,MIN,\N,"[""festa david""]",\N,\N,\N,\N,\N,\N
041wu,"Plesac, Zach",SP,(N/A),\N,"[""plesac zach""]",\N,\N,\N,\N,\N,\N
041y7,"Dunshee, Parker",P,(N/A),\N,"[""dunshee parker""]",\N,\N,\N,\N,\N,\N
05yas,"Bradley, Nicholas",SP,(N/A),\N,"[""bradley nicholas""]",\N,\N,\N,\N,\N,\N
05yat,"Young, Quentin",SS,MIN,\N,"[""young quentin""]",\N,\N,\N,\N,\N,\N
05yc6,"Knapczyk, Christian",2B,CLE,\N,"[""knapczyk christian""]",\N,\N,\N,\N,\N,\N
05yaq,"Harrison, Devereaux",RP,TOR,\N,"[""harrison devereaux""]",\N,\N,\N,\N,\N,\N
05yc3,"Miller, Jacob",SP,MIA,\N,[],\N,\N,\N,\N,\N,\N
05yar,"Shepard, Rouselle",SS,(N/A),\N,"[""shepard rouselle""]",\N,\N,\N,\N,\N,\N
05yc4,"Peterson, Liam",SP,CLE,\N,"[""peterson liam""]",\N,\N,\N,\N,\N,\N
05yao,"Kindreich, Larson",RP,TEX,\N,"[""kindreich larson""]",\N,\N,\N,\N,\N,\N
05yc2,"Burhenn, Garrett",SP,DET,\N,"[""burhenn garrett""]",\N,\N,\N,\N,\N,\N
05yam,"Martin, Riley",RP,CHC,\N,"[""martin riley""]",\N,\N,\N,\N,\N,\N
05yc0,"Sommer, Tommy",SP,(N/A),\N,"[""sommer tommy""]",\N,\N,\N,\N,\N,\N
05yo9,"Jackson, Jordan",RP,(N/A),\N,"[""jackson jordan""]",\N,\N,\N,\N,\N,\N
04eie,"Margevicius, Nick",SP,(N/A),\N,"[""margevicius nick""]",\N,\N,\N,\N,\N,\N
05ymx,"Oviedo, Ivan",RP,(N/A),\N,"[""oviedo ivan""]",\N,\N,\N,\N,\N,\N
04eid,"Kolozsvary, Mark",C,PHI,\N,"[""kolozsvary mark""]",\N,\N,\N,\N,\N,\N
05yo7,"Knowles, Antonio",RP,LAD,\N,"[""knowles antonio""]",\N,\N,\N,\N,\N,\N
04eig,"Caballero, Jose",SS,NYY,\N,"[""caballero jose""]",\N,\N,\N,\N,\N,\N
05ymv,"Tineo, Dameivi",SP,MIA,\N,"[""tineo dameivi""]",\N,\N,\N,\N,\N,\N
05yo8,"Edwards, Christian",SP,(N/A),\N,"[""edwards christian""]",\N,\N,\N,\N,\N,\N
05yo5,"Rice, Ben",1B,NYY,\N,"[""rice ben""]",\N,\N,\N,\N,\N,\N
04eia,"Oliva, Jared",RF,TB,\N,"[""oliva jared""]",\N,\N,\N,\N,\N,\N
05yo3,"Binns, Malik",SP,(N/A),\N,"[""binns malik""]",\N,\N,\N,\N,\N,\N
05yo1,"Armbruester, Justin",RP,NYM,\N,"[""armbruester justin""]",\N,\N,\N,\N,\N,\N
05yo2,"Monke, Caden",RP,KC,\N,"[""monke caden""]",\N,\N,\N,\N,\N,\N
04ehx,"McCoy, Mason",SS,SD,\N,"[""mccoy mason""]",\N,\N,\N,\N,\N,\N
068jh,"McNeillie, Luke",SP,NYM,\N,"[""mcneillie luke""]",\N,\N,\N,\N,\N,\N
05ymi,"Scott, Braden",SP,ATL,\N,"[""scott braden""]",\N,\N,\N,\N,\N,\N
04ehz,"Estrada, Jeremiah",RP,SD,\N,"[""estrada jeremiah""]",\N,\N,\N,\N,\N,\N
04ehy,"Johnston, Kyle",P,(N/A),\N,"[""johnston kyle""]",\N,\N,\N,\N,\N,\N
05ymh,"Curvelo, Luis",RP,TEX,\N,"[""curvelo luis""]",\N,\N,\N,\N,\N,\N
04ehs,"Bolton, Cody",SP,HOU,\N,"[""bolton cody""]",\N,\N,\N,\N,\N,\N
04ehv,"Johnson, Bryce",LF,SD,\N,"[""johnson bryce""]",\N,\N,\N,\N,\N,\N
04ej8,"Weiman, Blake",RP,LAA,\N,"[""weiman blake""]",\N,\N,\N,\N,\N,\N
05ymd,"Wetzel, Jacob",RF,(N/A),\N,"[""wetzel jacob""]",\N,\N,\N,\N,\N,\N
04eho,"Leasher, Aaron",SP,(N/A),\N,"[""leasher aaron""]",\N,\N,\N,\N,\N,\N
05yma,"Phillips, Cole",SP,MIL,\N,"[""phillips cole""]",\N,\N,\N,\N,\N,\N
03sgb,"Ortiz, Jhailyn",RF,(N/A),\N,"[""ortiz jhailyn""]",\N,\N,\N,\N,\N,\N
04ej3,"OBrien, Riley",RP,STL,\N,"[""obrien riley""]",\N,\N,\N,\N,\N,\N
04ej0,"Sammons, Bryan",RP,(N/A),\N,"[""sammons bryan""]",\N,\N,\N,\N,\N,\N
04ehj,"Myers, Dane",CF,CIN,\N,"[""myers dane""]",\N,\N,\N,\N,\N,\N
04ehi,"Zuber, Tyler",RP,MIA,\N,"[""zuber tyler""]",\N,\N,\N,\N,\N,\N
06m0g,"Pena, Elian",SS,NYM,\N,"[""pena elian""]",\N,\N,\N,\N,\N,\N
04ehe,"Bremer, Noah",P,(N/A),\N,"[""bremer noah""]",\N,\N,\N,\N,\N,\N
05ylr,"Griffin, David",RP,(N/A),\N,"[""griffin david""]",\N,\N,\N,\N,\N,\N
05yls,"Atencio, Jose",SP,LAA,\N,"[""atencio jose""]",\N,\N,\N,\N,\N,\N
05ylp,"Koenig, Jared",RP,MIL,\N,"[""koenig jared""]",\N,\N,\N,\N,\N,\N
05ylq,"Quintana, Adrian",RP,SEA,\N,"[""quintana adrian""]",\N,\N,\N,\N,\N,\N
05ylo,"Bigbie, Justice",RF,DET,\N,"[""bigbie justice""]",\N,\N,\N,\N,\N,\N
05yll,"Stanley, Hunter",RP,CLE,\N,"[""stanley hunter""]",\N,\N,\N,\N,\N,\N
05ylk,"Ohl, Pierson",SP,COL,\N,"[""ohl pierson""]",\N,\N,\N,\N,\N,\N
04ei8,"Guenther, Sean",RP,DET,\N,"[""guenther sean""]",\N,\N,\N,\N,\N,\N
05ylf,"Milacki, Bobby",RP,(N/A),\N,"[""milacki bobby""]",\N,\N,\N,\N,\N,\N
04ei5,"Maton, Nick",1B,(N/A),\N,"[""maton nick""]",\N,\N,\N,\N,\N,\N
04egr,"Zimmermann, Bruce",RP,(N/A),\N,"[""zimmermann bruce""]",\N,\N,\N,\N,\N,\N
04ei4,"Thomas, Tyler",RP,(N/A),\N,"[""thomas tyler""]",\N,\N,\N,\N,\N,\N
04egu,"Lindow, Ethan",SP,(N/A),\N,"[""lindow ethan""]",\N,\N,\N,\N,\N,\N
04egt,"Kennedy, Buddy",2B,WSH,\N,"[""kennedy buddy""]",\N,\N,\N,\N,\N,\N
04ei1,"Gilbreath, Lucas",RP,(N/A),\N,"[""gilbreath lucas""]",\N,\N,\N,\N,\N,\N
04egq,"Fleming, Josh",RP,STL,\N,"[""fleming josh""]",\N,\N,\N,\N,\N,\N
04ei3,"Mushinski, Parker",RP,COL,\N,"[""mushinski parker""]",\N,\N,\N,\N,\N,\N
04egk,"Bechtold, Andrew",RP,PHI,\N,"[""bechtold andrew""]",\N,\N,\N,\N,\N,\N
04egl,"Otto, Glenn",RP,HOU,\N,"[""otto glenn""]",\N,\N,\N,\N,\N,\N
05ykw,"Tejada, Angel",2B,(N/A),\N,"[""tejada angel""]",\N,\N,\N,\N,\N,\N
05ym9,"Madden, Jake",RP,COL,\N,"[""madden jake""]",\N,\N,\N,\N,\N,\N
05ykx,"Bencosme, Frederick",SS,BAL,\N,"[""bencosme frederick""]",\N,\N,\N,\N,\N,\N
04ekf,"Faucher, Calvin",RP,MIA,\N,"[""faucher calvin""]",\N,\N,\N,\N,\N,\N
04el7,"Lazar, Max",RP,PHI,\N,"[""lazar max""]",\N,\N,\N,\N,\N,\N
04ejw,"Madris, Bligh",1B,STL,\N,"[""madris bligh""]",\N,\N,\N,\N,\N,\N
05yoe,"Castillo, Luis F.",SP,(N/A),\N,"[""castillo luis f""]",\N,\N,\N,\N,\N,\N
04el4,"Rodriguez, Gabriel",RP,NYM,\N,[],\N,\N,\N,\N,\N,\N
05yof,"Gillies, Keagan",RP,BAL,\N,"[""gillies keagan""]",\N,\N,\N,\N,\N,\N
04ejq,"Logue, Zach",RP,(N/A),\N,"[""logue zach""]",\N,\N,\N,\N,\N,\N
05yoc,"Ray, Johnny",SP,(N/A),\N,"[""ray johnny""]",\N,\N,\N,\N,\N,\N
06kr5,"Rodriguez, Yerlin",RP,MIL,\N,"[""rodriguez yerlin""]",\N,\N,\N,\N,\N,\N
04ejt,"Contreras, Mark",CF,(N/A),\N,"[""contreras mark""]",\N,\N,\N,\N,\N,\N
05yod,"Webb, Jacob",RP,MIN,\N,[],\N,\N,\N,\N,\N,\N
04el5,"Solomon, Jared",RP,(N/A),\N,"[""solomon jared""]",\N,\N,\N,\N,\N,\N
04ejn,"Bouchard, Sean",LF,(N/A),\N,"[""bouchard sean""]",\N,\N,\N,\N,\N,\N
05yob,"Montalvo, Joseph",SP,DET,\N,"[""montalvo joseph""]",\N,\N,\N,\N,\N,\N
04ejp,"Karinchak, James",RP,ATL,\N,"[""karinchak james""]",\N,\N,\N,\N,\N,\N
04el1,"Bielak, Brandon",RP,HOU,\N,"[""bielak brandon""]",\N,\N,\N,\N,\N,\N
06kr2,"Gibbs, Josh",SS,(N/A),\N,"[""gibbs josh""]",\N,\N,\N,\N,\N,\N
05ynz,"Menendez, Antonio",RP,ARI,\N,"[""menendez antonio""]",\N,\N,\N,\N,\N,\N
05ynx,"Ryan, River",SP,DET,\N,"[""ryan river""]",\N,\N,\N,\N,\N,\N
05yny,"Young, Wyatt",2B,NYM,\N,"[""young wyatt""]",\N,\N,\N,\N,\N,\N
05ynv,"Lloyd, Daniel",RP,BAL,\N,"[""lloyd daniel""]",\N,\N,\N,\N,\N,\N
055hw,"Suarez, Joander",SP,NYM,\N,"[""suarez joander""]",\N,\N,\N,\N,\N,\N
05ynw,"McGuire, Shane",C,ATH,\N,"[""mcguire shane""]",\N,\N,\N,\N,\N,\N
05ynu,"Collins, Ty",SP,(N/A),\N,"[""collins ty""]",\N,\N,\N,\N,\N,\N
05ynr,"Green, Mason",RP,COL,\N,"[""green mason""]",\N,\N,\N,\N,\N,\N
04ejd,"Green, Max",P,NYM,\N,"[""green max""]",\N,\N,\N,\N,\N,\N
05yns,"Guerrero, Tyson",SP,KC,\N,"[""guerrero tyson""]",\N,\N,\N,\N,\N,\N
05ynn,"Baker, Trent",SP,MIN,\N,"[""baker trent""]",\N,\N,\N,\N,\N,\N
05ynl,"Ventimiglia, Tommy",SP,(N/A),\N,"[""ventimiglia tommy""]",\N,\N,\N,\N,\N,\N
05ynm,"Strickland, Samuel",RP,ATL,\N,"[""strickland samuel""]",\N,\N,\N,\N,\N,\N
05ynj,"Askew, Keyshawn",RP,(N/A),\N,"[""askew keyshawn""]",\N,\N,\N,\N,\N,\N
04eiz,"Bannon, Rylan",SS,(N/A),\N,"[""bannon rylan""]",\N,\N,\N,\N,\N,\N
05yni,"Larkin, Conor",RP,SEA,\N,"[""larkin conor""]",\N,\N,\N,\N,\N,\N
04eit,"Julks, Corey",LF,DET,\N,"[""julks corey""]",\N,\N,\N,\N,\N,\N
05ynf,"Davis, Marc",SP,(N/A),\N,"[""davis marc""]",\N,\N,\N,\N,\N,\N
04eiw,"Morgan, Eli",RP,NYY,\N,"[""morgan eli""]",\N,\N,\N,\N,\N,\N
05yng,"Meis, Justin",RP,PIT,\N,"[""meis justin""]",\N,\N,\N,\N,\N,\N
04ek8,"Brogdon, Connor",RP,CLE,\N,"[""brogdon connor""]",\N,\N,\N,\N,\N,\N
05ynd,"Kokx, Connor",CF,(N/A),\N,"[""kokx connor""]",\N,\N,\N,\N,\N,\N
04eip,"Tetreault, Jackson",SP,(N/A),\N,"[""tetreault jackson""]",\N,\N,\N,\N,\N,\N
05ynb,"Hicks, Liam",C,TB,\N,"[""hicks liam""]",\N,\N,\N,\N,\N,\N
"10105#30",Team Hitting,TmH,\N,\N,[],\N,\N,\N,\N,\N,\N
05yna,"Cuevas, Jonny",RP,TB,\N,"[""cuevas jonny""]",\N,\N,\N,\N,\N,\N
04ek0,"Benitez, Jorge",RP,(N/A),\N,"[""benitez jorge""]",\N,\N,\N,\N,\N,\N
04eii,"Hicklen, Brewer",RF,ATL,\N,"[""hicklen brewer""]",\N,\N,\N,\N,\N,\N
04eik,"Roberts, Max",RP,(N/A),\N,"[""roberts max""]",\N,\N,\N,\N,\N,\N
05yis,"McLain, Nick",CF,CHW,\N,"[""mclain nick""]",\N,\N,\N,\N,\N,\N
06kkd,"Smith, Travis",SP,MIL,\N,"[""smith travis""]",\N,\N,\N,\N,\N,\N
042b0,"Hernandez, Miguel",3B,(N/A),\N,[],\N,\N,\N,\N,\N,\N
05yit,"Holton, Carter",SP,KC,\N,"[""holton carter""]",\N,\N,\N,\N,\N,\N
06kke,"Shields, David",SP,KC,\N,"[""shields david""]",\N,\N,\N,\N,\N,\N
05yiq,"Arias, Leandro",SS,BAL,\N,"[""arias leandro""]",\N,\N,\N,\N,\N,\N
04eec,"Pearson, Nate",SP,KC,\N,"[""pearson nate""]",\N,\N,\N,\N,\N,\N
06kkb,"Bateman, Boston",SP,BAL,\N,"[""bateman boston""]",\N,\N,\N,\N,\N,\N
05yir,"De Jesus, Randy",RF,LAA,\N,"[""de jesus randy""]",\N,\N,\N,\N,\N,\N
06kkc,"Schiefelbein, Ethan",RP,DET,\N,"[""schiefelbein ethan""]",\N,\N,\N,\N,\N,\N
05yio,"Olmos, Juan",RP,KC,\N,"[""olmos juan""]",\N,\N,\N,\N,\N,\N
05yip,"Gonzalez, Martin",3B,SEA,\N,"[""gonzalez martin""]",\N,\N,\N,\N,\N,\N
06kka,"Fountain, Kale",1B,SD,\N,"[""fountain kale""]",\N,\N,\N,\N,\N,\N
05yim,"Severino, Jhonny",3B,PIT,\N,"[""severino jhonny""]",\N,\N,\N,\N,\N,\N
05yin,"Rojas, Yendry",SS,(N/A),\N,"[""rojas yendry""]",\N,\N,\N,\N,\N,\N
05yil,"Hussey, Grant",1B,(N/A),\N,"[""hussey grant""]",\N,\N,\N,\N,\N,\N
06kjz,"Harlan, Chase",3B,LAD,\N,"[""harlan chase""]",\N,\N,\N,\N,\N,\N
05yig,"Garcia, Johanfran",C,BOS,\N,"[""garcia johanfran""]",\N,\N,\N,\N,\N,\N
055cd,"Cardozo, Kristian",RP,(N/A),\N,"[""cardozo kristian""]",\N,\N,\N,\N,\N,\N
04ef6,"Abbott, Cory",SP,(N/A),\N,"[""abbott cory""]",\N,\N,\N,\N,\N,\N
06kjw,"Shull, Garrett",CF,(N/A),\N,"[""shull garrett""]",\N,\N,\N,\N,\N,\N
06kjx,"Kim, Do Yeong",3B,(N/A),\N,"[""kim do yeong""]",\N,\N,\N,\N,\N,\N
05yie,"Valencia, Anthuan",LF,CIN,\N,"[""valencia anthuan""]",\N,\N,\N,\N,\N,\N
05yif,"De Leon, Fraymi",2B,(N/A),\N,"[""de leon fraymi""]",\N,\N,\N,\N,\N,\N
055ce,"Molero, Jeremy",RP,(N/A),\N,"[""molero jeremy""]",\N,\N,\N,\N,\N,\N
06kjv,"Guerrero, Vladi",1B,(N/A),\N,"[""guerrero vladi""]",\N,\N,\N,\N,\N,\N
04ef7,"Doyle, Tommy",RP,(N/A),\N,"[""doyle tommy""]",\N,\N,\N,\N,\N,\N
05yic,"Izturis, Victor",C,CLE,\N,"[""izturis victor""]",\N,\N,\N,\N,\N,\N
05yid,"Arroyo, Michael",2B,SEA,\N,"[""arroyo michael""]",\N,\N,\N,\N,\N,\N
04ef1,"Carlson, Sam",RP,PHI,\N,"[""carlson sam""]",\N,\N,\N,\N,\N,\N
05yia,"Verdugo, Rosman",3B,SD,\N,"[""verdugo rosman""]",\N,\N,\N,\N,\N,\N
05yib,"Rada, Nelson",CF,LAA,\N,"[""rada nelson""]",\N,\N,\N,\N,\N,\N
055ca,"Hill, Garrett",RP,(N/A),\N,"[""hill garrett""]",\N,\N,\N,\N,\N,\N
04ef3,"Hall, Adam",LF,(N/A),\N,"[""hall adam""]",\N,\N,\N,\N,\N,\N
03bam,"Acevedo, Domingo",RP,COL,\N,"[""acevedo domingo""]",\N,\N,\N,\N,\N,\N
04ef0,"Sauer, Matt",SP,ATH,\N,"[""sauer matt""]",\N,\N,\N,\N,\N,\N
05yhv,"Tovalin, Osvaldo",3B,(N/A),\N,"[""tovalin osvaldo""]",\N,\N,\N,\N,\N,\N
05yhw,"Winkler, Jack",2B,ATH,\N,"[""winkler jack""]",\N,\N,\N,\N,\N,\N
05yj6,"Solano, Yoffry",2B,MIA,\N,"[""solano yoffry""]",\N,\N,\N,\N,\N,\N
05yhu,"Packard, Spencer",LF,SEA,\N,"[""packard spencer""]",\N,\N,\N,\N,\N,\N
05yhs,"McLaughlin, J.D.",CF,(N/A),\N,"[""mclaughlin j d""]",\N,\N,\N,\N,\N,\N
05yj5,"Groover, LuJames",3B,ARI,\N,"[""groover lujames""]",\N,\N,\N,\N,\N,\N
05yj2,"Johnson, Cameron",SP,CHW,\N,"[""johnson cameron""]",\N,\N,\N,\N,\N,\N
05yhp,"Morales, Accimias",RP,LAD,\N,"[""morales accimias""]",\N,\N,\N,\N,\N,\N
06kja,"Adderley, Bohan",SS,NYM,\N,"[""adderley bohan""]",\N,\N,\N,\N,\N,\N
05yj3,"Ekness, Josh",RP,MIA,\N,"[""ekness josh""]",\N,\N,\N,\N,\N,\N
05yhq,"Williams, Cam",3B,(N/A),\N,"[""williams cam""]",\N,\N,\N,\N,\N,\N
05yj0,"Dollander, Chase",SP,COL,\N,"[""dollander chase""]",\N,\N,\N,\N,\N,\N
05yho,"Ramos, Henry",RF,KC,\N,"[""ramos henry""]",\N,\N,\N,\N,\N,\N
05yj1,"Schanuel, Nolan",1B,LAA,\N,"[""schanuel nolan""]",\N,\N,\N,\N,\N,\N
05yhl,"Malgeri, Ben",RF,DET,\N,"[""malgeri ben""]",\N,\N,\N,\N,\N,\N
05yhm,"Fedko, Kyler",CF,PIT,\N,"[""fedko kyler""]",\N,\N,\N,\N,\N,\N
05yhk,"Town, River",RF,(N/A),\N,"[""town river""]",\N,\N,\N,\N,\N,\N
04ee8,"Ramos, Heliot",LF,NYY,\N,"[""ramos heliot""]",\N,\N,\N,\N,\N,\N
05yhh,"Tatum, Terrell",LF,(N/A),\N,"[""tatum terrell""]",\N,\N,\N,\N,\N,\N
05yhi,"Carr, Jared",LF,(N/A),\N,"[""carr jared""]",\N,\N,\N,\N,\N,\N
05yhf,"Rudick, Matt",DH,NYM,\N,"[""rudick matt""]",\N,\N,\N,\N,\N,\N
06kk8,"Dreiling, Dylan",CF,TEX,\N,"[""dreiling dylan""]",\N,\N,\N,\N,\N,\N
05yhg,"Wagner, Will",3B,SD,\N,"[""wagner will""]",\N,\N,\N,\N,\N,\N
06kk9,"Abernathy, Jay",2B,(N/A),\N,"[""abernathy jay""]",\N,\N,\N,\N,\N,\N
05yhd,"De La Cruz, Abdias",RF,ARI,\N,"[""de la cruz abdias""]",\N,\N,\N,\N,\N,\N
04ee7,"Schmidt, Clarke",SP,NYY,\N,"[""schmidt clarke""]",\N,\N,\N,\N,\N,\N
06kk6,"Doughty, Braylon",SP,CLE,\N,"[""doughty braylon""]",\N,\N,\N,\N,\N,\N
05yhe,"Brito, Juan",2B,CIN,\N,"[""brito juan""]",\N,\N,\N,\N,\N,\N
06kk7,"Gregory-Alford, Trey",SP,LAA,\N,"[""gregory alford trey""]",\N,\N,\N,\N,\N,\N
05yhb,"Rice, Jake",RP,(N/A),\N,"[""rice jake""]",\N,\N,\N,\N,\N,\N
06kk5,"Collera, Lazaro",SP,(N/A),\N,"[""collera lazaro""]",\N,\N,\N,\N,\N,\N
06kk2,"Darby, Zander",2B,SF,\N,"[""darby zander""]",\N,\N,\N,\N,\N,\N
05yha,"Horvath, Mac",RF,TB,\N,"[""horvath mac""]",\N,\N,\N,\N,\N,\N
06kk0,"Kirk, William",SP,(N/A),\N,"[""kirk william""]",\N,\N,\N,\N,\N,\N
06kk1,"Swanson, Zach",SP,DET,\N,"[""swanson zach""]",\N,\N,\N,\N,\N,\N
05ygw,"Savacool, Jason",SP,(N/A),\N,"[""savacool jason""]",\N,\N,\N,\N,\N,\N
05ygx,"Carlson, Max",RP,BOS,\N,"[""carlson max""]",\N,\N,\N,\N,\N,\N
055c9,"Rodriguez, Cristhian",3B,(N/A),\N,"[""rodriguez cristhian""]",\N,\N,\N,\N,\N,\N
05ygu,"De Jesus, Jose",CF,(N/A),\N,"[""de jesus jose""]",\N,\N,\N,\N,\N,\N
05ygs,"Meza, Luis",C,(N/A),\N,"[""meza luis""]",\N,\N,\N,\N,\N,\N
05ygt,"De Los Santos, Yordany",SS,PIT,\N,"[""de los santos yordany""]",\N,\N,\N,\N,\N,\N
04ecd,"Pardinho, Eric",RP,(N/A),\N,"[""pardinho eric""]",\N,\N,\N,\N,\N,\N
05ym7,"Cruz, Fernando",RP,NYY,\N,[],\N,\N,\N,\N,\N,\N
04egc,"Swanda, John",SP,(N/A),\N,"[""swanda john""]",\N,\N,\N,\N,\N,\N
05ykv,"Pineda, Esmith",RF,CIN,\N,"[""pineda esmith""]",\N,\N,\N,\N,\N,\N
05yks,"Hansen, Pete",SP,STL,\N,"[""hansen pete""]",\N,\N,\N,\N,\N,\N
05ym5,"Lalane, Henry",SP,SF,\N,"[""lalane henry""]",\N,\N,\N,\N,\N,\N
04egd,"Smith-Njigba, Canaan",LF,(N/A),\N,"[""smith njigba canaan""]",\N,\N,\N,\N,\N,\N
05ym3,"Klimek, Steven",Default,(N/A),\N,"[""klimek steven""]",\N,\N,\N,\N,\N,\N
05ym2,"Ferrer-Westrop, Richard",3B,(N/A),\N,"[""ferrer westrop richard""]",\N,\N,\N,\N,\N,\N
03sef,"Lugo, Seth",SP,KC,\N,"[""lugo seth""]",\N,\N,\N,\N,\N,\N
04efv,"Ivey, Tyler",SP,(N/A),\N,"[""ivey tyler""]",\N,\N,\N,\N,\N,\N
03see,"Wilkerson, Aaron",SP,(N/A),\N,"[""wilkerson aaron""]",\N,\N,\N,\N,\N,\N
04eh7,"Scherff, Alex",SP,(N/A),\N,"[""scherff alex""]",\N,\N,\N,\N,\N,\N
03seg,"Montero, Elehuris",1B,(N/A),\N,"[""montero elehuris""]",\N,\N,\N,\N,\N,\N
04eh9,"Velazquez, Nelson",RF,HOU,\N,"[""velazquez nelson""]",\N,\N,\N,\N,\N,\N
04efr,"Tarnok, Freddy",SP,(N/A),\N,"[""tarnok freddy""]",\N,\N,\N,\N,\N,\N
04efs,"Allen, Nick",SS,HOU,\N,"[""allen nick""]",\N,\N,\N,\N,\N,\N
04eh5,"Sparks, Lamar",CF,(N/A),\N,"[""sparks lamar""]",\N,\N,\N,\N,\N,\N
04efn,"Thompson, Keegan",RP,COL,\N,"[""thompson keegan""]",\N,\N,\N,\N,\N,\N
04efp,"Heatherly, Jacob",SP,(N/A),\N,"[""heatherly jacob""]",\N,\N,\N,\N,\N,\N
04eh1,"Banuelos, David",C,MIN,\N,"[""banuelos david""]",\N,\N,\N,\N,\N,\N
04efo,"Raquet, Nick",SP,BAL,\N,"[""raquet nick""]",\N,\N,\N,\N,\N,\N
06klm,"Perez, Edelvis",SP,CLE,\N,"[""perez edelvis""]",\N,\N,\N,\N,\N,\N
042aw,"Henry, Henry",RP,(N/A),\N,"[""henry henry""]",\N,\N,\N,\N,\N,\N
06kln,"Ramirez, Irwin",SP,PIT,\N,"[""ramirez irwin""]",\N,\N,\N,\N,\N,\N
04efi,"Wong, Connor",C,BOS,\N,"[""wong connor""]",\N,\N,\N,\N,\N,\N
06kll,"Hernandez, Abraham",SP,MIA,\N,"[""hernandez abraham""]",\N,\N,\N,\N,\N,\N
06kli,"Francisco, Estarlin",RP,(N/A),\N,"[""francisco estarlin""]",\N,\N,\N,\N,\N,\N
04efe,"Baumann, Mike",RP,(N/A),\N,"[""baumann mike""]",\N,\N,\N,\N,\N,\N
06klj,"Mendez, Gerinton",SP,MIA,\N,"[""mendez gerinton""]",\N,\N,\N,\N,\N,\N
05yl8,"De La Rosa, Manuel",SP,(N/A),\N,"[""de la rosa manuel""]",\N,\N,\N,\N,\N,\N
06klg,"Gutierrez, Eric",RP,(N/A),\N,"[""gutierrez eric""]",\N,\N,\N,\N,\N,\N
05yl9,"Barroso, Beycker",C,(N/A),\N,"[""barroso beycker""]",\N,\N,\N,\N,\N,\N
06klh,"Encarnacion, Kifraidy",RP,MIA,\N,"[""encarnacion kifraidy""]",\N,\N,\N,\N,\N,\N
04efb,"Hunt, Blake",C,SD,\N,"[""hunt blake""]",\N,\N,\N,\N,\N,\N
06kle,"Peguero, Rafy",LF,LAD,\N,"[""peguero rafy""]",\N,\N,\N,\N,\N,\N
042c1,"Castro, Rodolfo",SS,(N/A),\N,"[""castro rodolfo""]",\N,\N,\N,\N,\N,\N
05yl7,"Taveras, Felix",LF,(N/A),\N,"[""taveras felix""]",\N,\N,\N,\N,\N,\N
06klf,"Ochoa, Carlos",RP,MIA,\N,"[""ochoa carlos""]",\N,\N,\N,\N,\N,\N
04efa,"Varsho, Daulton",CF,HOU,\N,"[""varsho daulton""]",\N,\N,\N,\N,\N,\N
05yl4,"Holub, Blake",RP,MIL,\N,"[""holub blake""]",\N,\N,\N,\N,\N,\N
06klc,"Batista, Gilberto",RP,TOR,\N,"[""batista gilberto""]",\N,\N,\N,\N,\N,\N
05yl5,"Puerta, Jorge",C,(N/A),\N,"[""puerta jorge""]",\N,\N,\N,\N,\N,\N
04efc,"Freeman, Tyler",RF,COL,\N,"[""freeman tyler""]",\N,\N,\N,\N,\N,\N
06kld,"Freitez, Jesus",C,COL,\N,"[""freitez jesus""]",\N,\N,\N,\N,\N,\N
05yl2,"Omana, Diego",C,CIN,\N,"[""omana diego""]",\N,\N,\N,\N,\N,\N
05yl3,"De La Cruz, Daneurys",1B,(N/A),\N,"[""de la cruz daneurys""]",\N,\N,\N,\N,\N,\N
05yl0,"Soto, Wally",C,(N/A),\N,"[""soto wally""]",\N,\N,\N,\N,\N,\N
04eey,"Melendez, MJ",LF,NYM,\N,"[""melendez mj""]",\N,\N,\N,\N,\N,\N
04eex,"Mitchell, Cal",RF,(N/A),\N,"[""mitchell cal""]",\N,\N,\N,\N,\N,\N
04eez,"Perez, Joe",RP,(N/A),\N,"[""perez joe""]",\N,\N,\N,\N,\N,\N
04eeu,"Howard, Spencer",SP,(N/A),\N,"[""howard spencer""]",\N,\N,\N,\N,\N,\N
04eet,"Ellis, Drew",3B,(N/A),\N,"[""ellis drew""]",\N,\N,\N,\N,\N,\N
04eew,"Vilade, Ryan",RF,TB,\N,"[""vilade ryan""]",\N,\N,\N,\N,\N,\N
04eg8,"Strotman, Drew",RP,(N/A),\N,"[""strotman drew""]",\N,\N,\N,\N,\N,\N
042af,"Valdez, Enmanuel",1B,PIT,\N,"[""valdez enmanuel""]",\N,\N,\N,\N,\N,\N
04eeq,"Mercado, Michael",SP,PHI,\N,"[""mercado michael""]",\N,\N,\N,\N,\N,\N
04eep,"Campusano, Luis",C,SD,\N,"[""campusano luis""]",\N,\N,\N,\N,\N,\N
04eg2,"Barnes, Charlie",SP,LAD,\N,"[""barnes charlie""]",\N,\N,\N,\N,\N,\N
04ees,"Jennings, Steven",RP,(N/A),\N,"[""jennings steven""]",\N,\N,\N,\N,\N,\N
04eg4,"Uelmen, Erich",RP,(N/A),\N,"[""uelmen erich""]",\N,\N,\N,\N,\N,\N
04eer,"Waters, Drew",LF,KC,\N,"[""waters drew""]",\N,\N,\N,\N,\N,\N
04eel,"Fairchild, Stuart",RF,SEA,\N,"[""fairchild stuart""]",\N,\N,\N,\N,\N,\N
06kkn,"Arguelles, Cristian",CF,COL,\N,"[""arguelles cristian""]",\N,\N,\N,\N,\N,\N
04eg0,"Henzman, Lincoln",RP,(N/A),\N,"[""henzman lincoln""]",\N,\N,\N,\N,\N,\N
06kkl,"Profar, Jurdrick",2B,CHW,\N,"[""profar jurdrick""]",\N,\N,\N,\N,\N,\N
06kkm,"Jimenez, Angel",SP,COL,\N,"[""jimenez angel""]",\N,\N,\N,\N,\N,\N
05yiy,"Herrera, Yilber",3B,MIN,\N,"[""herrera yilber""]",\N,\N,\N,\N,\N,\N
04eek,"Canning, Griffin",SP,SD,\N,"[""canning griffin""]",\N,\N,\N,\N,\N,\N
06kkj,"Forcucci, Ryan",SP,HOU,\N,"[""forcucci ryan""]",\N,\N,\N,\N,\N,\N
05yiz,"Sanchez, Adan",C,(N/A),\N,"[""sanchez adan""]",\N,\N,\N,\N,\N,\N
04eej,"Sheets, Gavin",LF,SD,\N,"[""sheets gavin""]",\N,\N,\N,\N,\N,\N
06kkk,"Janek, Walker",C,HOU,\N,"[""janek walker""]",\N,\N,\N,\N,\N,\N
05yiw,"Barrios, Johan",SS,(N/A),\N,"[""barrios johan""]",\N,\N,\N,\N,\N,\N
06kkh,"Rigdon, Rustan",SS,(N/A),\N,"[""rigdon rustan""]",\N,\N,\N,\N,\N,\N
04eee,"Rasmussen, Drew",SP,TB,\N,"[""rasmussen drew""]",\N,\N,\N,\N,\N,\N
05yix,"Chourio, Jaison",CF,CLE,\N,"[""chourio jaison""]",\N,\N,\N,\N,\N,\N
06kki,"Morgan, Marcus",SP,(N/A),\N,"[""morgan marcus""]",\N,\N,\N,\N,\N,\N
05yiu,"Anderson, Antonio",3B,BOS,\N,"[""anderson antonio""]",\N,\N,\N,\N,\N,\N
04eeg,"Downs, Jeter",3B,(N/A),\N,"[""downs jeter""]",\N,\N,\N,\N,\N,\N
06kkf,"Payne, Braylon",CF,MIL,\N,"[""payne braylon""]",\N,\N,\N,\N,\N,\N
05yiv,"McGraw, Teddy",SP,SEA,\N,"[""mcgraw teddy""]",\N,\N,\N,\N,\N,\N
06kkg,"DeBarge, Kyle",2B,MIN,\N,"[""debarge kyle""]",\N,\N,\N,\N,\N,\N
03rmz,"Ruiz, Keibert",C,WSH,\N,"[""ruiz keibert""]",\N,\N,\N,\N,\N,\N
05grk,"Vera, Norge",SP,(N/A),\N,"[""vera norge""]",\N,\N,\N,\N,\N,\N
05xu8,"Locklear, Tyler",1B,ARI,\N,"[""locklear tyler""]",\N,\N,\N,\N,\N,\N
05xsv,"Juenger, Hayden",RP,ATH,\N,"[""juenger hayden""]",\N,\N,\N,\N,\N,\N
05xsw,"Villarroel, Miguel",SS,WSH,\N,"[""villarroel miguel""]",\N,\N,\N,\N,\N,\N
05xu9,"Stone, Adam",RP,CHC,\N,"[""stone adam""]",\N,\N,\N,\N,\N,\N
05xu6,"Maier, Adam",SP,SEA,\N,"[""maier adam""]",\N,\N,\N,\N,\N,\N
05xst,"Andrews, EJ",RF,(N/A),\N,"[""andrews ej""]",\N,\N,\N,\N,\N,\N
05xu7,"Sprinkle, Jordan",LF,CHW,\N,"[""sprinkle jordan""]",\N,\N,\N,\N,\N,\N
05xu4,"Hubbart, Bryce",RP,CIN,\N,"[""hubbart bryce""]",\N,\N,\N,\N,\N,\N
05xu5,"Neto, Zach",SS,LAA,\N,"[""neto zach""]",\N,\N,\N,\N,\N,\N
05xu2,"Ritter, Ryan",SS,COL,\N,"[""ritter ryan""]",\N,\N,\N,\N,\N,\N
05xsp,"Williams, Henry",SP,KC,\N,"[""williams henry""]",\N,\N,\N,\N,\N,\N
06l7a,"Santos, Yeriel",SP,HOU,\N,"[""santos yeriel""]",\N,\N,\N,\N,\N,\N
05xsq,"Ortiz, Luis",SP,CLE,\N,"[""ortiz luis""]",\N,\N,\N,\N,\N,\N
05xu3,"Miller, Jacob",C,(N/A),\N,[],\N,\N,\N,\N,\N,\N
05xu0,"Gilbert, Drew",RF,SF,\N,"[""gilbert drew""]",\N,\N,\N,\N,\N,\N
05xso,"Acuna, Bryan",3B,MIN,\N,"[""acuna bryan""]",\N,\N,\N,\N,\N,\N
05xu1,"Freeland, Alex",SS,LAD,\N,"[""freeland alex""]",\N,\N,\N,\N,\N,\N
05xsm,"Silseth, Chase",RP,TEX,\N,"[""silseth chase""]",\N,\N,\N,\N,\N,\N
05gs9,"Binelas, Alex",1B,BOS,\N,"[""binelas alex""]",\N,\N,\N,\N,\N,\N
05gs7,"Bedell, Ian",SP,(N/A),\N,"[""bedell ian""]",\N,\N,\N,\N,\N,\N
05xsf,"Yan, Jefry",RP,NYM,\N,"[""yan jefry""]",\N,\N,\N,\N,\N,\N
05gs8,"Martin, Robby",RF,(N/A),\N,"[""martin robby""]",\N,\N,\N,\N,\N,\N
05gs5,"Cantrelle, Hayden",2B,CHC,\N,"[""cantrelle hayden""]",\N,\N,\N,\N,\N,\N
05gs6,"DeLoach, Zach",CF,(N/A),\N,"[""deloach zach""]",\N,\N,\N,\N,\N,\N
05xse,"Rodriguez, Hector",LF,CIN,\N,"[""rodriguez hector""]",\N,\N,\N,\N,\N,\N
05gs3,"Williams, Alika",3B,ATH,\N,"[""williams alika""]",\N,\N,\N,\N,\N,\N
05gs4,"Henry, Cole",RP,WSH,\N,"[""henry cole""]",\N,\N,\N,\N,\N,\N
03am2,"Cessa, Luis",SP,(N/A),\N,"[""cessa luis""]",\N,\N,\N,\N,\N,\N
05gs2,"Chavers, Parker",RF,(N/A),\N,"[""chavers parker""]",\N,\N,\N,\N,\N,\N
05xrw,"Gregory, Hunter",RP,MIN,\N,"[""gregory hunter""]",\N,\N,\N,\N,\N,\N
05xt4,"Villavicencio, Kevin",3B,NYM,\N,"[""villavicencio kevin""]",\N,\N,\N,\N,\N,\N
06l5w,"Cumming, Dylan",RP,CHW,\N,"[""cumming dylan""]",\N,\N,\N,\N,\N,\N
06l5q,"Corniel, Daniel",RP,MIL,\N,"[""corniel daniel""]",\N,\N,\N,\N,\N,\N
06l5o,"Scalzo Jr., Frankie",RP,CHC,\N,"[""scalzo jr frankie""]",\N,\N,\N,\N,\N,\N
06l5p,"Jackson, Isaiah",CF,BOS,\N,[],\N,\N,\N,\N,\N,\N
05gtn,"Soderstrom, Tyler",LF,ATH,\N,"[""soderstrom tyler""]",\N,\N,\N,\N,\N,\N
03ann,"Hoffman, Jeff",RP,MIN,\N,"[""hoffman jeff""]",\N,\N,\N,\N,\N,\N
03ani,"Rodriguez, Joely",RP,(N/A),\N,"[""rodriguez joely""]",\N,\N,\N,\N,\N,\N
05xuj,"Perez, Bryan",SP,(N/A),\N,"[""perez bryan""]",\N,\N,\N,\N,\N,\N
05gsw,"De Los Santos, Yerry",RP,NYY,\N,"[""de los santos yerry""]",\N,\N,\N,\N,\N,\N
04w4e,"Rojas, Johan",CF,PHI,\N,"[""rojas johan""]",\N,\N,\N,\N,\N,\N
05xuf,"Moncada, Gabriel",1B,(N/A),\N,"[""moncada gabriel""]",\N,\N,\N,\N,\N,\N
05gss,"Quero, Jeferson",C,MIL,\N,"[""quero jeferson""]",\N,\N,\N,\N,\N,\N
05xud,"Kerry, Brett",SP,LAA,\N,"[""kerry brett""]",\N,\N,\N,\N,\N,\N
05xue,"Sandle, Michael",LF,(N/A),\N,"[""sandle michael""]",\N,\N,\N,\N,\N,\N
03amr,"Briceno, Endrys",RP,(N/A),\N,"[""briceno endrys""]",\N,\N,\N,\N,\N,\N
03amq,"Marquez, German",SP,MIN,\N,"[""marquez german""]",\N,\N,\N,\N,\N,\N
05gsp,"Fabian, Jud",CF,BAL,\N,"[""fabian jud""]",\N,\N,\N,\N,\N,\N
05gsk,"Robertis, Robert",LF,(N/A),\N,"[""robertis robert""]",\N,\N,\N,\N,\N,\N
041m8,"Kieboom, Carter",1B,PHI,\N,"[""kieboom carter""]",\N,\N,\N,\N,\N,\N
041m9,"Dunning, Dane",SP,SEA,\N,"[""dunning dane""]",\N,\N,\N,\N,\N,\N
05gsi,"Rafaela, Ceddanne",CF,BOS,\N,"[""rafaela ceddanne""]",\N,\N,\N,\N,\N,\N
05xty,"Beavers, Dylan",LF,BAL,\N,"[""beavers dylan""]",\N,\N,\N,\N,\N,\N
05xtz,"Rushing, Dalton",C,LAD,\N,"[""rushing dalton""]",\N,\N,\N,\N,\N,\N
05gsg,"Foscue, Justin",1B,TEX,\N,"[""foscue justin""]",\N,\N,\N,\N,\N,\N
054p6,"Rodriguez, Emmanuel",CF,MIN,\N,"[""rodriguez emmanuel""]",\N,\N,\N,\N,\N,\N
041m4,"Dunn, Justin",SP,LAA,\N,"[""dunn justin""]",\N,\N,\N,\N,\N,\N
041m5,"Zeuch, T.J.",RP,(N/A),\N,"[""zeuch t j""]",\N,\N,\N,\N,\N,\N
05xtu,"Dion, Will",RP,WSH,\N,"[""dion will""]",\N,\N,\N,\N,\N,\N
05gsf,"Arteaga, Aeverson",SS,SF,\N,"[""arteaga aeverson""]",\N,\N,\N,\N,\N,\N
05gsc,"Westburg, Jordan",3B,BAL,\N,"[""westburg jordan""]",\N,\N,\N,\N,\N,\N
04w53,"Hill, Jaden",RP,COL,\N,"[""hill jaden""]",\N,\N,\N,\N,\N,\N
041m0,"Anderson, Ian",SP,(N/A),\N,"[""anderson ian""]",\N,\N,\N,\N,\N,\N
05gsd,"Cruz, Trei",SS,DET,\N,"[""cruz trei""]",\N,\N,\N,\N,\N,\N
041m1,"Manning, Matt",RP,(N/A),\N,"[""manning matt""]",\N,\N,\N,\N,\N,\N
041m3,"Whitley, Forrest",RP,(N/A),\N,"[""whitley forrest""]",\N,\N,\N,\N,\N,\N
05gt5,"Soularie, Alerick",SS,(N/A),\N,"[""soularie alerick""]",\N,\N,\N,\N,\N,\N
04uqb,"Jimenez, Gilberto",CF,(N/A),\N,"[""jimenez gilberto""]",\N,\N,\N,\N,\N,\N
06l3k,"Rodriguez, Louis",RP,(N/A),\N,"[""rodriguez louis""]",\N,\N,\N,\N,\N,\N
06l3l,"Martinez, Yeral",1B,(N/A),\N,"[""martinez yeral""]",\N,\N,\N,\N,\N,\N
05xox,"Cerny, Logan",CF,(N/A),\N,"[""cerny logan""]",\N,\N,\N,\N,\N,\N
06l3j,"Mattison, Connor",SP,MIN,\N,"[""mattison connor""]",\N,\N,\N,\N,\N,\N
05xov,"Roberts, Caleb",LF,MIN,\N,"[""roberts caleb""]",\N,\N,\N,\N,\N,\N
05xow,"McCants, Jordan",SS,(N/A),\N,"[""mccants jordan""]",\N,\N,\N,\N,\N,\N
05xq6,"Conticello, Gavin",RF,ARI,\N,"[""conticello gavin""]",\N,\N,\N,\N,\N,\N
05xot,"Kellington, Owen",SP,PIT,\N,"[""kellington owen""]",\N,\N,\N,\N,\N,\N
05xou,"Bowman, Cooper",2B,(N/A),\N,"[""bowman cooper""]",\N,\N,\N,\N,\N,\N
05xor,"Encarnacion-Strand, Christian",1B,BAL,\N,"[""encarnacion strand christian""]",\N,\N,\N,\N,\N,\N
05xos,"Steinmetz, Jacob",SP,ARI,\N,"[""steinmetz jacob""]",\N,\N,\N,\N,\N,\N
05xq5,"Swift, Drew",SS,ATH,\N,"[""swift drew""]",\N,\N,\N,\N,\N,\N
05xq2,"Bratt, Mitch",SP,ARI,\N,"[""bratt mitch""]",\N,\N,\N,\N,\N,\N
05xop,"Povich, Cade",SP,BAL,\N,"[""povich cade""]",\N,\N,\N,\N,\N,\N
05xq3,"Sinacola, Nick",RP,(N/A),\N,"[""sinacola nick""]",\N,\N,\N,\N,\N,\N
05xoq,"Panzini, Shane",RP,KC,\N,"[""panzini shane""]",\N,\N,\N,\N,\N,\N
05xq0,"Jacob, Alek",RP,SD,\N,"[""jacob alek""]",\N,\N,\N,\N,\N,\N
05xon,"White, T.J.",LF,WSH,\N,"[""white t j""]",\N,\N,\N,\N,\N,\N
05xq1,"Davis, Colin",LF,(N/A),\N,"[""davis colin""]",\N,\N,\N,\N,\N,\N
05xoo,"Rodriguez, Elmer",SP,NYY,\N,"[""rodriguez elmer""]",\N,\N,\N,\N,\N,\N
05xol,"Thomas, Andy",C,SD,\N,"[""thomas andy""]",\N,\N,\N,\N,\N,\N
04un0,"De La Cruz, Jose",RF,(N/A),\N,[],\N,\N,\N,\N,\N,\N
05xom,"Mattison, Tyler",SP,DET,\N,"[""mattison tyler""]",\N,\N,\N,\N,\N,\N
05xof,"Williams, Donta",CF,(N/A),\N,"[""williams donta""]",\N,\N,\N,\N,\N,\N
06l48,"Cespedes, Rubel",3B,(N/A),\N,"[""cespedes rubel""]",\N,\N,\N,\N,\N,\N
06l49,"Castellano, Eiberson",RP,COL,\N,"[""castellano eiberson""]",\N,\N,\N,\N,\N,\N
05xod,"Burke, Sean",SP,CHW,\N,"[""burke sean""]",\N,\N,\N,\N,\N,\N
06l2t,"Oliver, Connor",RP,PIT,\N,"[""oliver connor""]",\N,\N,\N,\N,\N,\N
06l46,"Rives, Luis",LF,HOU,\N,"[""rives luis""]",\N,\N,\N,\N,\N,\N
05xoe,"Mills, Zane",RP,CHC,\N,"[""mills zane""]",\N,\N,\N,\N,\N,\N
06l47,"Um, Hyungchan",C,KC,\N,"[""um hyungchan""]",\N,\N,\N,\N,\N,\N
06l45,"Seig, Hayden",RP,LAA,\N,"[""seig hayden""]",\N,\N,\N,\N,\N,\N
06l2p,"Johnson, Kyle",SP,TB,\N,"[""johnson kyle""]",\N,\N,\N,\N,\N,\N
06l2q,"Laureano, Anyer",RP,CIN,\N,"[""laureano anyer""]",\N,\N,\N,\N,\N,\N
05xnu,"Navarro, Diego",RP,(N/A),\N,"[""navarro diego""]",\N,\N,\N,\N,\N,\N
05xp5,"Mateo, Daniel",CF,(N/A),\N,"[""mateo daniel""]",\N,\N,\N,\N,\N,\N
05xnt,"Figuereo, Gleider",3B,TEX,\N,"[""figuereo gleider""]",\N,\N,\N,\N,\N,\N
05xp6,"Reyes, Felix",LF,PHI,\N,"[""reyes felix""]",\N,\N,\N,\N,\N,\N
041g5,"Alvarado, Elvis",RP,ATH,\N,"[""alvarado elvis""]",\N,\N,\N,\N,\N,\N
05xnl,"Armenta, Erubiel",RP,(N/A),\N,"[""armenta erubiel""]",\N,\N,\N,\N,\N,\N
05xng,"Castillo, Rayner",SP,DET,\N,"[""castillo rayner""]",\N,\N,\N,\N,\N,\N
06l5i,"Kirwin, Danny",RP,(N/A),\N,"[""kirwin danny""]",\N,\N,\N,\N,\N,\N
04up8,"Estrada, Lazaro",RP,TOR,\N,"[""estrada lazaro""]",\N,\N,\N,\N,\N,\N
06l5g,"Brown, Jake",RF,SEA,\N,"[""brown jake""]",\N,\N,\N,\N,\N,\N
06l5h,"Moutzouridis, P.J.",SS,MIN,\N,"[""moutzouridis p j""]",\N,\N,\N,\N,\N,\N
04up9,"Hernandez, Heriberto",LF,MIA,\N,"[""hernandez heriberto""]",\N,\N,\N,\N,\N,\N
06l5e,"Pitzer, Tyler",SP,SD,\N,"[""pitzer tyler""]",\N,\N,\N,\N,\N,\N
06l5c,"DeCaro, Jason",SP,PIT,\N,"[""decaro jason""]",\N,\N,\N,\N,\N,\N
06l5d,"Becker, Eric",2B,CIN,\N,"[""becker eric""]",\N,\N,\N,\N,\N,\N
06l5a,"Sosa, Alex",C,ATH,\N,"[""sosa alex""]",\N,\N,\N,\N,\N,\N
06l5b,"Flukey, Cameron",SP,DET,\N,"[""flukey cameron""]",\N,\N,\N,\N,\N,\N
04w0m,"Cruz, Yovanny",RP,WSH,\N,"[""cruz yovanny""]",\N,\N,\N,\N,\N,\N
06l4z,"Lorant, Nestor",SP,CIN,\N,"[""lorant nestor""]",\N,\N,\N,\N,\N,\N
06l4x,"Morgan, Chase",SP,(N/A),\N,"[""morgan chase""]",\N,\N,\N,\N,\N,\N
06l4y,"VanWey, Logan",RP,HOU,\N,"[""vanwey logan""]",\N,\N,\N,\N,\N,\N
06l4p,"Gonzalez, Jorge",SP,(N/A),\N,"[""gonzalez jorge""]",\N,\N,\N,\N,\N,\N
06l4q,"Ehrlicher, Austin",SP,BOS,\N,"[""ehrlicher austin""]",\N,\N,\N,\N,\N,\N
05xpy,"Spain, Dylan",RP,(N/A),\N,"[""spain dylan""]",\N,\N,\N,\N,\N,\N
05xpz,"Murr, Austin",LF,PHI,\N,"[""murr austin""]",\N,\N,\N,\N,\N,\N
05xpw,"Holman, Grant",RP,PHI,\N,"[""holman grant""]",\N,\N,\N,\N,\N,\N
05xpx,"Farr, Thomas",RP,CIN,\N,"[""farr thomas""]",\N,\N,\N,\N,\N,\N
05xpu,"McGowan, Christian",SP,PHI,\N,"[""mcgowan christian""]",\N,\N,\N,\N,\N,\N
05xpv,"Lee, Chase",RP,TOR,\N,"[""lee chase""]",\N,\N,\N,\N,\N,\N
05xps,"Hamilton, Quincy",RF,(N/A),\N,"[""hamilton quincy""]",\N,\N,\N,\N,\N,\N
05xpq,"Scott, Christian",SP,NYM,\N,"[""scott christian""]",\N,\N,\N,\N,\N,\N
05xpr,"Wolf, Jackson",SP,DET,\N,"[""wolf jackson""]",\N,\N,\N,\N,\N,\N
05xpo,"Bergert, Ryan",SP,KC,\N,"[""bergert ryan""]",\N,\N,\N,\N,\N,\N
05xpp,"Dallas, Chad",SP,TOR,\N,"[""dallas chad""]",\N,\N,\N,\N,\N,\N
05xpn,"Tirotta, Riley",3B,PHI,\N,"[""tirotta riley""]",\N,\N,\N,\N,\N,\N
05xpj,"McDougal, Tanner",SP,CHW,\N,"[""mcdougal tanner""]",\N,\N,\N,\N,\N,\N
06l59,"Gallaher, Gavin",3B,(N/A),\N,"[""gallaher gavin""]",\N,\N,\N,\N,\N,\N
06l57,"Lebron, Justin",SS,CIN,\N,"[""lebron justin""]",\N,\N,\N,\N,\N,\N
06l58,"Souza, Nolan",2B,(N/A),\N,"[""souza nolan""]",\N,\N,\N,\N,\N,\N
06l55,"Parababire, Luis",C,ATL,\N,"[""parababire luis""]",\N,\N,\N,\N,\N,\N
06l54,"Ogasawara, Shinnosuke",RP,(N/A),\N,"[""ogasawara shinnosuke""]",\N,\N,\N,\N,\N,\N
06l51,"Mena, Bryan",SP,PIT,\N,"[""mena bryan""]",\N,\N,\N,\N,\N,\N
06l52,"Luciano, Ismael",RP,COL,\N,"[""luciano ismael""]",\N,\N,\N,\N,\N,\N
06l3m,"Cunningham, Bryce",SP,NYY,\N,"[""cunningham bryce""]",\N,\N,\N,\N,\N,\N
06l3n,"Benitez, Yoxander",LF,SF,\N,"[""benitez yoxander""]",\N,\N,\N,\N,\N,\N
06l50,"Edgington, Brian",SP,CIN,\N,"[""edgington brian""]",\N,\N,\N,\N,\N,\N
041sb,"Capel, Conner",RF,COL,\N,"[""capel conner""]",\N,\N,\N,\N,\N,\N
04dws,"Martinez, Jr., Ernesto",1B,NYY,\N,"[""martinez jr ernesto""]",\N,\N,\N,\N,\N,\N
041sc,"Balazovic, Jordan",SP,(N/A),\N,"[""balazovic jordan""]",\N,\N,\N,\N,\N,\N
04dwv,"Barrero, Jose",SS,BAL,\N,"[""barrero jose""]",\N,\N,\N,\N,\N,\N
041sd,"Johnson, Daniel",CF,(N/A),\N,"[""johnson daniel""]",\N,\N,\N,\N,\N,\N
067yg,"Loftin, Bradley",SP,(N/A),\N,"[""loftin bradley""]",\N,\N,\N,\N,\N,\N
041se,"Toro, Abraham",3B,KC,\N,"[""toro abraham""]",\N,\N,\N,\N,\N,\N
067yf,"Jordan, Dakota",CF,SF,\N,"[""jordan dakota""]",\N,\N,\N,\N,\N,\N
03av1,"Rogers, Jake",C,CHW,\N,"[""rogers jake""]",\N,\N,\N,\N,\N,\N
03c6o,"Aviles, Luis",SS,(N/A),\N,"[""aviles luis""]",\N,\N,\N,\N,\N,\N
03atq,"Adames, Willy",SS,SF,\N,"[""adames willy""]",\N,\N,\N,\N,\N,\N
067yc,"De Vries, Leo",SS,ATH,\N,"[""de vries leo""]",\N,\N,\N,\N,\N,\N
0568a,"Acosta, Maximo",SS,MIA,\N,"[""acosta maximo""]",\N,\N,\N,\N,\N,\N
067yb,"Benavides, Cristian",SS,(N/A),\N,"[""benavides cristian""]",\N,\N,\N,\N,\N,\N
041ry,"Smeltzer, Devin",RP,(N/A),\N,"[""smeltzer devin""]",\N,\N,\N,\N,\N,\N
041rz,"Serven, Brian",C,ATH,\N,"[""serven brian""]",\N,\N,\N,\N,\N,\N
041ru,"Irvin, Cole",SP,LAD,\N,"[""irvin cole""]",\N,\N,\N,\N,\N,\N
067z9,"Cunningham, Kayson",SS,ARI,\N,"[""cunningham kayson""]",\N,\N,\N,\N,\N,\N
041t8,"Knizner, Andrew",C,SF,\N,"[""knizner andrew""]",\N,\N,\N,\N,\N,\N
041rv,"Biggio, Cavan",RF,HOU,\N,"[""biggio cavan""]",\N,\N,\N,\N,\N,\N
067z6,"Dickerson, Blake",SP,DET,\N,"[""dickerson blake""]",\N,\N,\N,\N,\N,\N
067xt,"Goodwin, Nick",2B,TOR,\N,"[""goodwin nick""]",\N,\N,\N,\N,\N,\N
041rq,"Hanifee, Brenan",RP,DET,\N,"[""hanifee brenan""]",\N,\N,\N,\N,\N,\N
067z5,"Maki, Shugo",2B,(N/A),\N,"[""maki shugo""]",\N,\N,\N,\N,\N,\N
041rr,"Rodriguez, Chris",RP,(N/A),\N,"[""rodriguez chris""]",\N,\N,\N,\N,\N,\N
067xv,"Jin An, Woo",SP,(N/A),\N,"[""jin an woo""]",\N,\N,\N,\N,\N,\N
067z8,"Perdomo, Jose",SS,ATL,\N,[],\N,\N,\N,\N,\N,\N
067z7,"Woods, Jaden",RP,CHW,\N,"[""woods jaden""]",\N,\N,\N,\N,\N,\N
041rt,"Ogle, Braeden",RP,(N/A),\N,"[""ogle braeden""]",\N,\N,\N,\N,\N,\N
067xp,"Smith, Austin",RP,COL,\N,[],\N,\N,\N,\N,\N,\N
041rm,"Reynolds, Sean",RP,(N/A),\N,"[""reynolds sean""]",\N,\N,\N,\N,\N,\N
067z2,"Larson, Ashton",CF,(N/A),\N,"[""larson ashton""]",\N,\N,\N,\N,\N,\N
067z1,"Gomez, Franklin",SP,CLE,\N,"[""gomez franklin""]",\N,\N,\N,\N,\N,\N
067xo,"Tatum, Dillon",C,(N/A),\N,"[""tatum dillon""]",\N,\N,\N,\N,\N,\N
041rn,"Lucchesi, Joey",RP,(N/A),\N,"[""lucchesi joey""]",\N,\N,\N,\N,\N,\N
041ro,"Taylor, Curtis",SP,(N/A),\N,"[""taylor curtis""]",\N,\N,\N,\N,\N,\N
067xq,"Wynne, Cam",RP,(N/A),\N,"[""wynne cam""]",\N,\N,\N,\N,\N,\N
041rp,"McGee, Easton",SP,KC,\N,"[""mcgee easton""]",\N,\N,\N,\N,\N,\N
041t2,"Kriske, Brooks",RP,ATH,\N,"[""kriske brooks""]",\N,\N,\N,\N,\N,\N
067z3,"Neckar, Vaughn",SP,(N/A),\N,"[""neckar vaughn""]",\N,\N,\N,\N,\N,\N
067xl,"Kent, Barrett",SP,LAA,\N,"[""kent barrett""]",\N,\N,\N,\N,\N,\N
067xk,"Schoenwetter, Cole",SP,CIN,\N,"[""schoenwetter cole""]",\N,\N,\N,\N,\N,\N
041rj,"Romero, JoJo",RP,MIL,\N,"[""romero jojo""]",\N,\N,\N,\N,\N,\N
067xn,"Zanetello, Nazzan",2B,BOS,\N,"[""zanetello nazzan""]",\N,\N,\N,\N,\N,\N
067xm,"Klassen, George",SP,LAA,\N,"[""klassen george""]",\N,\N,\N,\N,\N,\N
067xh,"Bush Jr., Homer",CF,TB,\N,"[""bush jr homer""]",\N,\N,\N,\N,\N,\N
067xg,"Perry, Nolan",SP,TOR,\N,"[""perry nolan""]",\N,\N,\N,\N,\N,\N
041rf,"Bieber, Shane",SP,TOR,\N,"[""bieber shane""]",\N,\N,\N,\N,\N,\N
067xj,"Pratt, Cooper",SS,MIL,\N,"[""pratt cooper""]",\N,\N,\N,\N,\N,\N
067xi,"Wells, Levi",SP,BAL,\N,"[""wells levi""]",\N,\N,\N,\N,\N,\N
041ra,"Palacios, Joshua",RF,PIT,\N,"[""palacios joshua""]",\N,\N,\N,\N,\N,\N
067xf,"Borden, Tim",1B,(N/A),\N,"[""borden tim""]",\N,\N,\N,\N,\N,\N
041rc,"Miller, Tyson",RP,(N/A),\N,"[""miller tyson""]",\N,\N,\N,\N,\N,\N
041rd,"Burnes, Corbin",SP,ARI,\N,"[""burnes corbin""]",\N,\N,\N,\N,\N,\N
041qz,"Thompson, Mason",RP,TEX,\N,"[""thompson mason""]",\N,\N,\N,\N,\N,\N
05xzy,"Mejias, Alvaro",RP,TB,\N,"[""mejias alvaro""]",\N,\N,\N,\N,\N,\N
067ww,"Mateo, Angel",RF,TB,\N,"[""mateo angel""]",\N,\N,\N,\N,\N,\N
041s7,"Lambert, Jimmy",RP,(N/A),\N,"[""lambert jimmy""]",\N,\N,\N,\N,\N,\N
041qv,"Call, Alex",RF,LAD,\N,"[""call alex""]",\N,\N,\N,\N,\N,\N
05gyh,"Diaz, Wilman",2B,(N/A),\N,"[""diaz wilman""]",\N,\N,\N,\N,\N,\N
067wx,"Hennen, Ryan",RP,(N/A),\N,"[""hennen ryan""]",\N,\N,\N,\N,\N,\N
03022,"Renfroe, Hunter",RF,KC,\N,"[""renfroe hunter""]",\N,\N,\N,\N,\N,\N
041qq,"Duplantier, Jon",RP,(N/A),\N,"[""duplantier jon""]",\N,\N,\N,\N,\N,\N
067y4,"Burress, Drew",CF,ATH,\N,"[""burress drew""]",\N,\N,\N,\N,\N,\N
041s4,"Bachar, Lake",RP,PIT,\N,"[""bachar lake""]",\N,\N,\N,\N,\N,\N
041qr,"Civale, Aaron",SP,CHC,\N,"[""civale aaron""]",\N,\N,\N,\N,\N,\N
067wu,"Yeager, Justin",RP,TB,\N,"[""yeager justin""]",\N,\N,\N,\N,\N,\N
04355,"Alvarez, Yordan",LF,HOU,\N,"[""alvarez yordan""]",\N,\N,\N,\N,\N,\N
041qs,"Hays, Austin",LF,SD,\N,"[""hays austin""]",\N,\N,\N,\N,\N,\N
041ql,"Hatch, Thomas",RP,(N/A),\N,"[""hatch thomas""]",\N,\N,\N,\N,\N,\N
04uwo,"Santos, Victor",RP,STL,\N,[],\N,\N,\N,\N,\N,\N
05xzr,"Paez, Jedixson",SP,BOS,\N,"[""paez jedixson""]",\N,\N,\N,\N,\N,\N
041qm,"Anderson, Shaun",RP,LAA,\N,"[""anderson shaun""]",\N,\N,\N,\N,\N,\N
067y3,"Gasparino, Will",CF,PHI,\N,"[""gasparino will""]",\N,\N,\N,\N,\N,\N
041qn,"Brigman, Bryson",2B,(N/A),\N,"[""brigman bryson""]",\N,\N,\N,\N,\N,\N
041qo,"Gallen, Zac",SP,ARI,\N,"[""gallen zac""]",\N,\N,\N,\N,\N,\N
041qh,"Miranda, Jose",3B,(N/A),\N,"[""miranda jose""]",\N,\N,\N,\N,\N,\N
041qi,"Baddoo, Akil",LF,MIL,\N,"[""baddoo akil""]",\N,\N,\N,\N,\N,\N
041qj,"Feliciano, Mario",C,(N/A),\N,"[""feliciano mario""]",\N,\N,\N,\N,\N,\N
041qk,"Hampson, Garrett",2B,CIN,\N,"[""hampson garrett""]",\N,\N,\N,\N,\N,\N
03aru,"Payamps, Joel",RP,ATL,\N,"[""payamps joel""]",\N,\N,\N,\N,\N,\N
041qd,"Fraley, Jake",RF,TB,\N,"[""fraley jake""]",\N,\N,\N,\N,\N,\N
03c8u,"Gant, John",SP,(N/A),\N,"[""gant john""]",\N,\N,\N,\N,\N,\N
041ue,"Hernandez, Nick",P,ATH,\N,"[""hernandez nick""]",\N,\N,\N,\N,\N,\N
03avk,"Rengifo, Luis",3B,SD,\N,"[""rengifo luis""]",\N,\N,\N,\N,\N,\N
041ts,"Raley, Luke",RF,SEA,\N,"[""raley luke""]",\N,\N,\N,\N,\N,\N
041v6,"Gonsolin, Tony",SP,KC,\N,"[""gonsolin tony""]",\N,\N,\N,\N,\N,\N
03c8a,"Garcia, Dermis",1B,(N/A),\N,"[""garcia dermis""]",\N,\N,\N,\N,\N,\N
067zr,"Duran, Alessandro",1B,SF,\N,"[""duran alessandro""]",\N,\N,\N,\N,\N,\N
0436o,"Morales, Francisco",RP,(N/A),\N,"[""morales francisco""]",\N,\N,\N,\N,\N,\N
03ry2,"Lamet, Dinelson",RP,(N/A),\N,"[""lamet dinelson""]",\N,\N,\N,\N,\N,\N
0569p,"Crow, Coleman",SP,MIL,\N,"[""crow coleman""]",\N,\N,\N,\N,\N,\N
067zq,"De Leon, Darlyn",CF,CHC,\N,"[""de leon darlyn""]",\N,\N,\N,\N,\N,\N
041tq,"Huff, Sam",C,BAL,\N,"[""huff sam""]",\N,\N,\N,\N,\N,\N
041v3,"Baragar, Caleb",RP,(N/A),\N,"[""baragar caleb""]",\N,\N,\N,\N,\N,\N
067zs,"Hernandez, Diomedes",C,NYY,\N,"[""hernandez diomedes""]",\N,\N,\N,\N,\N,\N
067zn,"Quezada, Junior",CF,(N/A),\N,"[""quezada junior""]",\N,\N,\N,\N,\N,\N
041tl,"Festa, Matt",RP,CLE,\N,"[""festa matt""]",\N,\N,\N,\N,\N,\N
067zp,"Rosa, Jeffry",LF,(N/A),\N,"[""rosa jeffry""]",\N,\N,\N,\N,\N,\N
067zo,"Alvarez, Erick",LF,(N/A),\N,"[""alvarez erick""]",\N,\N,\N,\N,\N,\N
067zj,"Tejada, Henry",RP,BAL,\N,"[""tejada henry""]",\N,\N,\N,\N,\N,\N
067zi,"Moscoso, Elias",RP,(N/A),\N,"[""moscoso elias""]",\N,\N,\N,\N,\N,\N
03c7z,"Gordon, Nick",2B,(N/A),\N,"[""gordon nick""]",\N,\N,\N,\N,\N,\N
067zl,"Ramirez, Josias",1B,CHC,\N,"[""ramirez josias""]",\N,\N,\N,\N,\N,\N
067zk,"Palacios, Jesus",SP,(N/A),\N,"[""palacios jesus""]",\N,\N,\N,\N,\N,\N
067ze,"Highfill, Ross",C,(N/A),\N,"[""highfill ross""]",\N,\N,\N,\N,\N,\N
067zh,"Arellano, Joneiker",SP,(N/A),\N,"[""arellano joneiker""]",\N,\N,\N,\N,\N,\N
03c97,"German, Domingo",SP,(N/A),\N,"[""german domingo""]",\N,\N,\N,\N,\N,\N
067zg,"Delgado, Adrian",RP,(N/A),\N,"[""delgado adrian""]",\N,\N,\N,\N,\N,\N
067zb,"LaViolette, Jace",CF,CLE,\N,"[""laviolette jace""]",\N,\N,\N,\N,\N,\N
03c7r,"Difo, Wilmer",2B,(N/A),\N,"[""difo wilmer""]",\N,\N,\N,\N,\N,\N
067zd,"Dickerson, Korbyn",CF,SEA,\N,"[""dickerson korbyn""]",\N,\N,\N,\N,\N,\N
067zc,"Heyman, Luke",C,BOS,\N,"[""heyman luke""]",\N,\N,\N,\N,\N,\N
041sz,"Myers, Tobias",RP,NYM,\N,"[""myers tobias""]",\N,\N,\N,\N,\N,\N
041sv,"Henry, Payton",C,PHI,\N,"[""henry payton""]",\N,\N,\N,\N,\N,\N
067yq,"Harrington, Alex",SS,(N/A),\N,"[""harrington alex""]",\N,\N,\N,\N,\N,\N
041so,"Nogosek, Stephen",RP,(N/A),\N,"[""nogosek stephen""]",\N,\N,\N,\N,\N,\N
067yp,"Velazquez, Ralphy",1B,CLE,\N,"[""velazquez ralphy""]",\N,\N,\N,\N,\N,\N
041u2,"Scrubb, Andre",RP,(N/A),\N,"[""scrubb andre""]",\N,\N,\N,\N,\N,\N
067yr,"Harris, Brady",SS,(N/A),\N,"[""harris brady""]",\N,\N,\N,\N,\N,\N
041sq,"Edman, Tommy",2B,LAD,\N,"[""edman tommy""]",\N,\N,\N,\N,\N,\N
067ym,"Detmers, Parker",SP,(N/A),\N,"[""detmers parker""]",\N,\N,\N,\N,\N,\N
067yl,"Tejeda, Yoel",SP,WSH,\N,"[""tejeda yoel""]",\N,\N,\N,\N,\N,\N
067yo,"Nye, Austin",C,(N/A),\N,"[""nye austin""]",\N,\N,\N,\N,\N,\N
041sm,"Robinson, Errol",SS,(N/A),\N,"[""robinson errol""]",\N,\N,\N,\N,\N,\N
067yn,"Hernandez, Seth",SP,PIT,\N,"[""hernandez seth""]",\N,\N,\N,\N,\N,\N
067yh,"Kurland, Cade",SS,(N/A),\N,"[""kurland cade""]",\N,\N,\N,\N,\N,\N
041sg,"Lopez, Nicky",2B,TEX,\N,"[""lopez nicky""]",\N,\N,\N,\N,\N,\N
067yk,"Wilson, Paul",SP,DET,\N,"[""wilson paul""]",\N,\N,\N,\N,\N,\N
05gx4,"Dingler, Dillon",C,DET,\N,"[""dingler dillon""]",\N,\N,\N,\N,\N,\N
05gx5,"Corniell, Jose",RP,TEX,\N,"[""corniell jose""]",\N,\N,\N,\N,\N,\N
05gx2,"Criswell, Jeff",SP,COL,\N,"[""criswell jeff""]",\N,\N,\N,\N,\N,\N
05gx3,"Bohrofen, Jace",RF,TOR,\N,"[""bohrofen jace""]",\N,\N,\N,\N,\N,\N
05gx0,"Loftin, Nick",LF,KC,\N,"[""loftin nick""]",\N,\N,\N,\N,\N,\N
05gvn,"Diaz, Yoljeldriz",RP,(N/A),\N,"[""diaz yoljeldriz""]",\N,\N,\N,\N,\N,\N
05gx1,"Brown, Cam",RP,(N/A),\N,[],\N,\N,\N,\N,\N,\N
05xws,"Metoyer, Brian",RP,NYM,\N,"[""metoyer brian""]",\N,\N,\N,\N,\N,\N
05xy2,"Winkel, Patrick",C,TOR,\N,"[""winkel patrick""]",\N,\N,\N,\N,\N,\N
03aoy,"Murphy, Sean",C,ATL,\N,"[""murphy sean""]",\N,\N,\N,\N,\N,\N
05xy1,"Olds, Wyatt",RP,BOS,\N,"[""olds wyatt""]",\N,\N,\N,\N,\N,\N
041md,"Hudson, Dakota",SP,(N/A),\N,"[""hudson dakota""]",\N,\N,\N,\N,\N,\N
041me,"Castillo, Diego",RP,(N/A),\N,[],\N,\N,\N,\N,\N,\N
041ma,"Ragans, Cole",SP,KC,\N,"[""ragans cole""]",\N,\N,\N,\N,\N,\N
041mb,"Kay, Anthony",SP,CHW,\N,"[""kay anthony""]",\N,\N,\N,\N,\N,\N
041mc,"Carlson, Dylan",LF,(N/A),\N,"[""carlson dylan""]",\N,\N,\N,\N,\N,\N
05xze,"Alexander, Jason",SP,HOU,\N,"[""alexander jason""]",\N,\N,\N,\N,\N,\N
041qa,"White, Mitch",SP,(N/A),\N,"[""white mitch""]",\N,\N,\N,\N,\N,\N
03c65,"Robles, Victor",RF,SEA,\N,"[""robles victor""]",\N,\N,\N,\N,\N,\N
0433b,"Vargas, Ildemaro",2B,ARI,\N,"[""vargas ildemaro""]",\N,\N,\N,\N,\N,\N
041qb,"Bichette, Bo",SS,NYM,\N,"[""bichette bo""]",\N,\N,\N,\N,\N,\N
041qc,"MacGregor, Travis",RP,NYY,\N,"[""macgregor travis""]",\N,\N,\N,\N,\N,\N
03at0,"Herget, Kevin",RP,NYM,\N,"[""herget kevin""]",\N,\N,\N,\N,\N,\N
041r9,"Nelson, Nick",RP,(N/A),\N,"[""nelson nick""]",\N,\N,\N,\N,\N,\N
041px,"Bowden, Ben",RP,ATH,\N,"[""bowden ben""]",\N,\N,\N,\N,\N,\N
041py,"Akin, Keegan",RP,BAL,\N,"[""akin keegan""]",\N,\N,\N,\N,\N,\N
041pz,"Alonso, Pete",1B,BAL,\N,"[""alonso pete""]",\N,\N,\N,\N,\N,\N
041ps,"Lodolo, Nick",SP,CIN,\N,"[""lodolo nick""]",\N,\N,\N,\N,\N,\N
041r5,"May, Dustin",SP,MIL,\N,"[""may dustin""]",\N,\N,\N,\N,\N,\N
041pt,"Puckett, A.J.",RP,(N/A),\N,"[""puckett a j""]",\N,\N,\N,\N,\N,\N
05xyv,"McElveny, Daniel",C,(N/A),\N,"[""mcelveny daniel""]",\N,\N,\N,\N,\N,\N
041r7,"Leblanc, Charles",2B,(N/A),\N,"[""leblanc charles""]",\N,\N,\N,\N,\N,\N
041r1,"Luzardo, Jesus",SP,PHI,\N,"[""luzardo jesus""]",\N,\N,\N,\N,\N,\N
05xyu,"Guerrero, Kevin",CF,(N/A),\N,"[""guerrero kevin""]",\N,\N,\N,\N,\N,\N
05xyr,"Viloria, Luis",RP,(N/A),\N,"[""viloria luis""]",\N,\N,\N,\N,\N,\N
041pq,"Trammell, Taylor",CF,HOU,\N,"[""trammell taylor""]",\N,\N,\N,\N,\N,\N
041pr,"Wentz, Joey",RP,ATL,\N,"[""wentz joey""]",\N,\N,\N,\N,\N,\N
05xyq,"Duran, Edward",C,TOR,\N,"[""duran edward""]",\N,\N,\N,\N,\N,\N
067x1,"Simon, Johan",RP,DET,\N,"[""simon johan""]",\N,\N,\N,\N,\N,\N
03aqw,"Dubon, Mauricio",LF,ATL,\N,"[""dubon mauricio""]",\N,\N,\N,\N,\N,\N
05gwy,"Winn, Masyn",SS,STL,\N,"[""winn masyn""]",\N,\N,\N,\N,\N,\N
03aqz,"Alzolay, Adbert",RP,(N/A),\N,"[""alzolay adbert""]",\N,\N,\N,\N,\N,\N
05xyj,"Vasquez, Willy",RF,BAL,\N,"[""vasquez willy""]",\N,\N,\N,\N,\N,\N
05gwz,"Miller, Bobby",SP,LAD,\N,"[""miller bobby""]",\N,\N,\N,\N,\N,\N
03aqt,"Gonzalez, Victor",RP,(N/A),\N,[],\N,\N,\N,\N,\N,\N
05gww,"Horton, Cade",SP,CHC,\N,"[""horton cade""]",\N,\N,\N,\N,\N,\N
05gwx,"Halpin, Petey",CF,CLE,\N,"[""halpin petey""]",\N,\N,\N,\N,\N,\N
03aqv,"Iglesias, Raisel",RP,ATL,\N,"[""iglesias raisel""]",\N,\N,\N,\N,\N,\N
05gwu,"Fulton, Dax",SP,MIA,\N,"[""fulton dax""]",\N,\N,\N,\N,\N,\N
05gwv,"Santos, Alex",SP,HOU,\N,"[""santos alex""]",\N,\N,\N,\N,\N,\N
05gws,"Montgomery, Carson",SP,SD,\N,"[""montgomery carson""]",\N,\N,\N,\N,\N,\N
05gwt,"Eder, Jake",SP,(N/A),\N,"[""eder jake""]",\N,\N,\N,\N,\N,\N
05gwr,"Romo, Drew",C,CHW,\N,"[""romo drew""]",\N,\N,\N,\N,\N,\N
05gwo,"Hernandez, Cristian",SS,MIA,\N,[],\N,\N,\N,\N,\N,\N
03as0,"Jimenez, Joe",RP,ATL,\N,"[""jimenez joe""]",\N,\N,\N,\N,\N,\N
041q8,"Marsh, Brandon",CF,PHI,\N,"[""marsh brandon""]",\N,\N,\N,\N,\N,\N
041q9,"Speas, Alex",SP,(N/A),\N,"[""speas alex""]",\N,\N,\N,\N,\N,\N
041q4,"Muller, Kyle",RP,(N/A),\N,"[""muller kyle""]",\N,\N,\N,\N,\N,\N
041q5,"Yerzy, Andy",C,STL,\N,"[""yerzy andy""]",\N,\N,\N,\N,\N,\N
041q6,"Jones, Nolan",RF,SEA,\N,"[""jones nolan""]",\N,\N,\N,\N,\N,\N
05xxv,"Facundo, Allen",SP,NYY,\N,"[""facundo allen""]",\N,\N,\N,\N,\N,\N
041q7,"Rortvedt, Ben",C,LAD,\N,"[""rortvedt ben""]",\N,\N,\N,\N,\N,\N
041q1,"Solak, Nick",LF,SD,\N,"[""solak nick""]",\N,\N,\N,\N,\N,\N
05xz4,"Petersen, Michael",RP,MIA,\N,"[""petersen michael""]",\N,\N,\N,\N,\N,\N
041q3,"Gowdy, Kevin",RP,(N/A),\N,"[""gowdy kevin""]",\N,\N,\N,\N,\N,\N
05xz1,"Herrera, Jose",C,PIT,\N,"[""herrera jose""]",\N,\N,\N,\N,\N,\N
05xxo,"Mosqueda, Oddanier",RP,PIT,\N,"[""mosqueda oddanier""]",\N,\N,\N,\N,\N,\N
03rrh,"Medina, Adonis",RP,(N/A),\N,"[""medina adonis""]",\N,\N,\N,\N,\N,\N
05gvy,"Vizcaya, Anthony",RP,(N/A),\N,"[""vizcaya anthony""]",\N,\N,\N,\N,\N,\N
05gvt,"Jarvis, Bryce",RP,ARI,\N,"[""jarvis bryce""]",\N,\N,\N,\N,\N,\N
03ca3,"Freeland, Kyle",SP,COL,\N,"[""freeland kyle""]",\N,\N,\N,\N,\N,\N
05zh9,"Keaschall, Luke",2B,MIN,\N,"[""keaschall luke""]",\N,\N,\N,\N,\N,\N
05zh8,"Kern, Kade",RF,(N/A),\N,"[""kern kade""]",\N,\N,\N,\N,\N,\N
03cav,"Suter, Brent",RP,ATL,\N,"[""suter brent""]",\N,\N,\N,\N,\N,\N
03caf,"Griffin, Foster",SP,CLE,\N,"[""griffin foster""]",\N,\N,\N,\N,\N,\N
03cag,"Schwarber, Kyle",DH,PHI,\N,"[""schwarber kyle""]",\N,\N,\N,\N,\N,\N
056c8,"Tromp, Chadwick",C,LAD,\N,"[""tromp chadwick""]",\N,\N,\N,\N,\N,\N
0318i,"Topa, Justin",RP,NYY,\N,"[""topa justin""]",\N,\N,\N,\N,\N,\N
03199,"Voit, Luke",1B,(N/A),\N,"[""voit luke""]",\N,\N,\N,\N,\N,\N
05zd9,"Grahovac, Gavin",1B,LAA,\N,"[""grahovac gavin""]",\N,\N,\N,\N,\N,\N
0317q,"Jax, Griffin",RP,TB,\N,"[""jax griffin""]",\N,\N,\N,\N,\N,\N
05zd8,"McGwire, Max",1B,ATH,\N,"[""mcgwire max""]",\N,\N,\N,\N,\N,\N
05zd5,"Rodriguez, Luis R.",SP,NYM,\N,"[""rodriguez luis r""]",\N,\N,\N,\N,\N,\N
0317o,"McNeil, Jeff",2B,ATH,\N,"[""mcneil jeff""]",\N,\N,\N,\N,\N,\N
05zd4,"Smith, Hagen",SP,CHW,\N,"[""smith hagen""]",\N,\N,\N,\N,\N,\N
0317b,"Guillorme, Luis",3B,(N/A),\N,"[""guillorme luis""]",\N,\N,\N,\N,\N,\N
0316t,"Frazier, Adam",2B,LAA,\N,"[""frazier adam""]",\N,\N,\N,\N,\N,\N
0316v,"Bauers, Jake",LF,MIL,\N,"[""bauers jake""]",\N,\N,\N,\N,\N,\N
0316r,"Gott, Trevor",RP,SD,\N,"[""gott trevor""]",\N,\N,\N,\N,\N,\N
0316l,"Voth, Austin",SP,(N/A),\N,"[""voth austin""]",\N,\N,\N,\N,\N,\N
0316j,"Pivetta, Nick",SP,SD,\N,"[""pivetta nick""]",\N,\N,\N,\N,\N,\N
06lfx,"Rodriguez, Julio",RP,HOU,\N,[],\N,\N,\N,\N,\N,\N
06lfw,"Mejias, Ubert",RP,SF,\N,"[""mejias ubert""]",\N,\N,\N,\N,\N,\N
06lfh,"Asigen, Albertson",LF,(N/A),\N,"[""asigen albertson""]",\N,\N,\N,\N,\N,\N
06lff,"Dees, Bailey",RP,(N/A),\N,"[""dees bailey""]",\N,\N,\N,\N,\N,\N
06lfg,"Suero, Chris",C,NYM,\N,"[""suero chris""]",\N,\N,\N,\N,\N,\N
0319c,"Leiter Jr., Mark",RP,ATH,\N,"[""leiter jr mark""]",\N,\N,\N,\N,\N,\N
06lew,"Walters, Jean",2B,ARI,\N,"[""walters jean""]",\N,\N,\N,\N,\N,\N
06lex,"McKeithan, Aaron",C,SEA,\N,"[""mckeithan aaron""]",\N,\N,\N,\N,\N,\N
05zde,"Bazzana, Travis",2B,CLE,\N,"[""bazzana travis""]",\N,\N,\N,\N,\N,\N
05zdc,"Zhong-Ao Zhuang, Chen",SP,ATH,\N,"[""zhong ao zhuang chen""]",\N,\N,\N,\N,\N,\N
05zdd,"Corona, Danny",SS,(N/A),\N,"[""corona danny""]",\N,\N,\N,\N,\N,\N
05zda,"Helfrick, Ryder",C,ARI,\N,"[""helfrick ryder""]",\N,\N,\N,\N,\N,\N
05zdb,"McGwire, Mason",SP,LAA,\N,"[""mcgwire mason""]",\N,\N,\N,\N,\N,\N
05zq4,"Johnson, Ryan",SP,LAA,\N,[],\N,\N,\N,\N,\N,\N
05zq5,"Soto, Charlee",SP,MIN,\N,"[""soto charlee""]",\N,\N,\N,\N,\N,\N
05zq2,"Keenan, Aidan",SS,NYM,\N,"[""keenan aidan""]",\N,\N,\N,\N,\N,\N
05zq3,"Walsh, Jacob",1B,WSH,\N,"[""walsh jacob""]",\N,\N,\N,\N,\N,\N
056j9,"Brewer, Michael",RP,(N/A),\N,"[""brewer michael""]",\N,\N,\N,\N,\N,\N
056j6,"Placencia, Adrian",2B,LAA,\N,"[""placencia adrian""]",\N,\N,\N,\N,\N,\N
056j7,"Gutierrez, Luis",SP,SD,\N,[],\N,\N,\N,\N,\N,\N
056j2,"Preciado, Reginald",3B,CHC,\N,"[""preciado reginald""]",\N,\N,\N,\N,\N,\N
056j4,"Pastrano, Jose",SS,(N/A),\N,"[""pastrano jose""]",\N,\N,\N,\N,\N,\N
056j3,"Vinicio, Esmerlin",RP,SF,\N,"[""vinicio esmerlin""]",\N,\N,\N,\N,\N,\N
056j0,"Salas, Jose",2B,MIN,\N,"[""salas jose""]",\N,\N,\N,\N,\N,\N
05ilr,"Tomioka, Shohei",RP,ATH,\N,"[""tomioka shohei""]",\N,\N,\N,\N,\N,\N
05ilp,"Townsend, Blake",RP,TEX,\N,"[""townsend blake""]",\N,\N,\N,\N,\N,\N
05ilo,"Ortiz, DAngelo",1B,BOS,\N,"[""ortiz dangelo""]",\N,\N,\N,\N,\N,\N
043f8,"Narvaez, Omar",C,(N/A),\N,"[""narvaez omar""]",\N,\N,\N,\N,\N,\N
043f9,"Lopez, Pablo",SP,MIN,\N,"[""lopez pablo""]",\N,\N,\N,\N,\N,\N
06lt9,"Caro, Carlos",2B,PIT,\N,"[""caro carlos""]",\N,\N,\N,\N,\N,\N
04y11,"Matos, Luis",RF,MIL,\N,"[""matos luis""]",\N,\N,\N,\N,\N,\N
06n3o,"King, Johnny",SP,TOR,\N,"[""king johnny""]",\N,\N,\N,\N,\N,\N
06lqo,"Roycroft, Chris",RP,ATH,\N,"[""roycroft chris""]",\N,\N,\N,\N,\N,\N
05zju,"Antigua, Ariel",SS,(N/A),\N,"[""antigua ariel""]",\N,\N,\N,\N,\N,\N
06lp6,"Chalas, Yordin",SP,ARI,\N,"[""chalas yordin""]",\N,\N,\N,\N,\N,\N
06lp7,"Gutierrez, Gerardo",RP,(N/A),\N,"[""gutierrez gerardo""]",\N,\N,\N,\N,\N,\N
06lp4,"Mayfield, Kash",SP,DET,\N,"[""mayfield kash""]",\N,\N,\N,\N,\N,\N
06lp5,"Jones, Brendan",CF,MIA,\N,"[""jones brendan""]",\N,\N,\N,\N,\N,\N
04fhb,"Rodriguez, Julio",CF,SEA,\N,[],\N,\N,\N,\N,\N,\N
05ijv,"Wright, Joshwan",2B,(N/A),\N,"[""wright joshwan""]",\N,\N,\N,\N,\N,\N
043cc,"Genoves, Ricardo",C,(N/A),\N,"[""genoves ricardo""]",\N,\N,\N,\N,\N,\N
06ky2,"Tavera, Junior",SP,NYY,\N,"[""tavera junior""]",\N,\N,\N,\N,\N,\N
03bnk,"Gonzalez, Erik",SS,(N/A),\N,"[""gonzalez erik""]",\N,\N,\N,\N,\N,\N
06ky3,"Sell, Brock",CF,(N/A),\N,"[""sell brock""]",\N,\N,\N,\N,\N,\N
06m9q,"Portes, Ovis",RP,CIN,\N,"[""portes ovis""]",\N,\N,\N,\N,\N,\N
04eql,"Willis, Marlin",RP,(N/A),\N,"[""willis marlin""]",\N,\N,\N,\N,\N,\N
06kwn,"Rodriguez, Jose",RP,TOR,\N,[],\N,\N,\N,\N,\N,\N
06ky0,"Jimenez, Edgar",1B,NYY,\N,"[""jimenez edgar""]",\N,\N,\N,\N,\N,\N
04es1,"Ellis, Duke",LF,NYY,\N,"[""ellis duke""]",\N,\N,\N,\N,\N,\N
06kwo,"Prager, Ryan",SP,CLE,\N,"[""prager ryan""]",\N,\N,\N,\N,\N,\N
06ky1,"Flores, Diego",1B,NYY,\N,"[""flores diego""]",\N,\N,\N,\N,\N,\N
06kwl,"Mabry, JT",2B,(N/A),\N,"[""mabry jt""]",\N,\N,\N,\N,\N,\N
06kwm,"Dula, Hunter",RP,(N/A),\N,"[""dula hunter""]",\N,\N,\N,\N,\N,\N
04eqd,"Sanders, Cam",SP,BAL,\N,"[""sanders cam""]",\N,\N,\N,\N,\N,\N
06kwi,"Backhus, Kyle",RP,PHI,\N,"[""backhus kyle""]",\N,\N,\N,\N,\N,\N
04eqg,"Watson, Kevin",CF,(N/A),\N,"[""watson kevin""]",\N,\N,\N,\N,\N,\N
04eqa,"Whitlock, Garrett",RP,BOS,\N,"[""whitlock garrett""]",\N,\N,\N,\N,\N,\N
068rs,"Hernandez, Maxwel",RP,(N/A),\N,"[""hernandez maxwel""]",\N,\N,\N,\N,\N,\N
04epx,"Labas, A.J.",P,(N/A),\N,"[""labas a j""]",\N,\N,\N,\N,\N,\N
05j76,"Savino, Nate",RP,ARI,\N,"[""savino nate""]",\N,\N,\N,\N,\N,\N
06kx7,"Martinez, Randy",1B,CLE,\N,"[""martinez randy""]",\N,\N,\N,\N,\N,\N
05j74,"Estevez, Geury",SS,(N/A),\N,"[""estevez geury""]",\N,\N,\N,\N,\N,\N
06kvs,"King, Justin",RP,MIA,\N,"[""king justin""]",\N,\N,\N,\N,\N,\N
06kx5,"Bell, Talan",SP,(N/A),\N,"[""bell talan""]",\N,\N,\N,\N,\N,\N
05j75,"Hernandez, Omar",C,KC,\N,"[""hernandez omar""]",\N,\N,\N,\N,\N,\N
06kvt,"Grindlinger, Jared",LF,LAA,\N,"[""grindlinger jared""]",\N,\N,\N,\N,\N,\N
06kvq,"Medina, Amilcar",RP,ATH,\N,"[""medina amilcar""]",\N,\N,\N,\N,\N,\N
06kvr,"Alastre, Luiyin",LF,MIL,\N,"[""alastre luiyin""]",\N,\N,\N,\N,\N,\N
06kx4,"Gracia, AJ",RF,ATL,\N,"[""gracia aj""]",\N,\N,\N,\N,\N,\N
04epq,"Martin, Mason",CF,(N/A),\N,"[""martin mason""]",\N,\N,\N,\N,\N,\N
05j70,"Confidan, Yerlin",RF,CIN,\N,"[""confidan yerlin""]",\N,\N,\N,\N,\N,\N
06kvo,"Bivens, Spencer",RP,KC,\N,"[""bivens spencer""]",\N,\N,\N,\N,\N,\N
06kvp,"Ford, Henry",3B,SEA,\N,"[""ford henry""]",\N,\N,\N,\N,\N,\N
06kx2,"Torres, Wuinder",C,CLE,\N,"[""torres wuinder""]",\N,\N,\N,\N,\N,\N
04er0,"Lonsway, Seth",SP,SF,\N,"[""lonsway seth""]",\N,\N,\N,\N,\N,\N
06kvm,"Herrera, Kendrick",SS,PIT,\N,"[""herrera kendrick""]",\N,\N,\N,\N,\N,\N
06kvn,"Santos, Pedro",RP,(N/A),\N,"[""santos pedro""]",\N,\N,\N,\N,\N,\N
06m8k,"Salcedo, Kelvis",SP,DET,\N,"[""salcedo kelvis""]",\N,\N,\N,\N,\N,\N
06kvk,"Palacios, Nathaniel",1B,(N/A),\N,"[""palacios nathaniel""]",\N,\N,\N,\N,\N,\N
06m8l,"Giulianelli, Ettore",RP,(N/A),\N,"[""giulianelli ettore""]",\N,\N,\N,\N,\N,\N
06kvl,"De La Rosa, Dioris",SP,LAA,\N,"[""de la rosa dioris""]",\N,\N,\N,\N,\N,\N
06kvi,"Ramirez, Amauri",RF,HOU,\N,"[""ramirez amauri""]",\N,\N,\N,\N,\N,\N
04epi,"Muller, Chris",RP,(N/A),\N,"[""muller chris""]",\N,\N,\N,\N,\N,\N
06m8j,"De Los Santos, Ericksson",RP,DET,\N,"[""de los santos ericksson""]",\N,\N,\N,\N,\N,\N
06kvj,"Mondesir, Yaki",SP,BAL,\N,"[""mondesir yaki""]",\N,\N,\N,\N,\N,\N
06kvg,"Cerice, Jose",3B,KC,\N,"[""cerice jose""]",\N,\N,\N,\N,\N,\N
06kvh,"Flames, Daniel",2B,TEX,\N,"[""flames daniel""]",\N,\N,\N,\N,\N,\N
06kve,"Guribe, Edward",3B,STL,\N,"[""guribe edward""]",\N,\N,\N,\N,\N,\N
06kvf,"Brito, Edwin",LF,(N/A),\N,"[""brito edwin""]",\N,\N,\N,\N,\N,\N
04epe,"Alfonseca, Pedro",RP,(N/A),\N,"[""alfonseca pedro""]",\N,\N,\N,\N,\N,\N
06kvc,"Morillo, Estivel",CF,CLE,\N,"[""morillo estivel""]",\N,\N,\N,\N,\N,\N
06kvd,"Dihigo, Eriel",3B,COL,\N,"[""dihigo eriel""]",\N,\N,\N,\N,\N,\N
06kva,"De La Paz, Greylin",3B,LAA,\N,"[""de la paz greylin""]",\N,\N,\N,\N,\N,\N
06kvb,"Castro, Jose",RF,MIA,\N,[],\N,\N,\N,\N,\N,\N
04eoy,"Stratton, Hunter",RP,SD,\N,"[""stratton hunter""]",\N,\N,\N,\N,\N,\N
04g1x,"Peterson, David",SP,CHC,\N,"[""peterson david""]",\N,\N,\N,\N,\N,\N
06m7y,"Alvarez, Luis",RP,NYM,\N,"[""alvarez luis""]",\N,\N,\N,\N,\N,\N
04eos,"Cantillo, Joey",RP,CLE,\N,"[""cantillo joey""]",\N,\N,\N,\N,\N,\N
04eor,"Smith, Cade",RP,CLE,\N,[],\N,\N,\N,\N,\N,\N
04eot,"Bolden, Caleb",P,BOS,\N,"[""bolden caleb""]",\N,\N,\N,\N,\N,\N
04eon,"Hughes, Brandon",RP,(N/A),\N,"[""hughes brandon""]",\N,\N,\N,\N,\N,\N
04eoq,"Trejo, Alan",3B,(N/A),\N,"[""trejo alan""]",\N,\N,\N,\N,\N,\N
04eso,"Campbell, Paul",SP,CHC,\N,"[""campbell paul""]",\N,\N,\N,\N,\N,\N
05j8o,"Chivilli, Angel",RP,NYY,\N,"[""chivilli angel""]",\N,\N,\N,\N,\N,\N
05j8m,"Pena, Carlos",RP,DET,\N,"[""pena carlos""]",\N,\N,\N,\N,\N,\N
04esk,"File, Dylan",SP,DET,\N,"[""file dylan""]",\N,\N,\N,\N,\N,\N
05j8n,"Valdez, Jesus",3B,ARI,\N,"[""valdez jesus""]",\N,\N,\N,\N,\N,\N
06kyo,"Knipp, Grant",C,SEA,\N,"[""knipp grant""]",\N,\N,\N,\N,\N,\N
05j8k,"Leal, David",RP,(N/A),\N,"[""leal david""]",\N,\N,\N,\N,\N,\N
05j8l,"Sugastey, Adrian",C,SF,\N,"[""sugastey adrian""]",\N,\N,\N,\N,\N,\N
04esc,"Winn, Keaton",RP,SF,\N,"[""winn keaton""]",\N,\N,\N,\N,\N,\N
05j8f,"Sanchez, Rodolfo",SP,(N/A),\N,"[""sanchez rodolfo""]",\N,\N,\N,\N,\N,\N
06kyb,"Amoroso, Brayan",1B,STL,\N,"[""amoroso brayan""]",\N,\N,\N,\N,\N,\N
06kyc,"Pennington, Walter",RP,(N/A),\N,"[""pennington walter""]",\N,\N,\N,\N,\N,\N
0440n,"Sanchez, Sixto",SP,(N/A),\N,"[""sanchez sixto""]",\N,\N,\N,\N,\N,\N
06kya,"De La Cruz, Erick",CF,ARI,\N,"[""de la cruz erick""]",\N,\N,\N,\N,\N,\N
042no,"Cabrera, Oswaldo",3B,CIN,\N,"[""cabrera oswaldo""]",\N,\N,\N,\N,\N,\N
0440h,"Urquidy, Jose",SP,PHI,\N,"[""urquidy jose""]",\N,\N,\N,\N,\N,\N
04et8,"Robert, Daniel",RP,PHI,\N,"[""robert daniel""]",\N,\N,\N,\N,\N,\N
06kxy,"Reyes, Christofer",2B,NYY,\N,"[""reyes christofer""]",\N,\N,\N,\N,\N,\N
04eru,"Cousins, Jake",RP,LAD,\N,"[""cousins jake""]",\N,\N,\N,\N,\N,\N
06kxz,"Marquez, Jesus",1B,(N/A),\N,"[""marquez jesus""]",\N,\N,\N,\N,\N,\N
06kxw,"Pineda, Queni",C,NYY,\N,"[""pineda queni""]",\N,\N,\N,\N,\N,\N
04erx,"Casey, Donovan",RF,(N/A),\N,"[""casey donovan""]",\N,\N,\N,\N,\N,\N
06kxx,"Villarroel, Carlos",C,NYY,\N,"[""villarroel carlos""]",\N,\N,\N,\N,\N,\N
05j96,"Taveras, Leonardo",RP,(N/A),\N,"[""taveras leonardo""]",\N,\N,\N,\N,\N,\N
06kxu,"Martinez, Browm",LF,WSH,\N,"[""martinez browm""]",\N,\N,\N,\N,\N,\N
05j97,"Rodriguez, Carlos",C,SD,\N,[],\N,\N,\N,\N,\N,\N
06kxv,"Medina, Dilan",CF,(N/A),\N,"[""medina dilan""]",\N,\N,\N,\N,\N,\N
05j94,"Porter, Logan",C,LAA,\N,"[""porter logan""]",\N,\N,\N,\N,\N,\N
06kxs,"Veldhuisen, Remy",1B,(N/A),\N,"[""veldhuisen remy""]",\N,\N,\N,\N,\N,\N
06kxt,"Gonzalez, Diego",1B,(N/A),\N,[],\N,\N,\N,\N,\N,\N
0440c,"Gutierrez, Abrahan",C,NYY,\N,"[""gutierrez abrahan""]",\N,\N,\N,\N,\N,\N
05j92,"Santos, Dahian",RP,(N/A),\N,"[""santos dahian""]",\N,\N,\N,\N,\N,\N
06kxq,"Chinchilla, Gabriel",SP,STL,\N,"[""chinchilla gabriel""]",\N,\N,\N,\N,\N,\N
05j93,"Franco, Jose",SP,CIN,\N,"[""franco jose""]",\N,\N,\N,\N,\N,\N
06kxr,"Montero, Estivenzon",RF,NYY,\N,"[""montero estivenzon""]",\N,\N,\N,\N,\N,\N
05j7n,"Colmenarez, Carlos",3B,TB,\N,"[""colmenarez carlos""]",\N,\N,\N,\N,\N,\N
05j90,"Linares, Oswaldo",C,SD,\N,"[""linares oswaldo""]",\N,\N,\N,\N,\N,\N
06kxo,"Freeberger, Dominic",SP,STL,\N,"[""freeberger dominic""]",\N,\N,\N,\N,\N,\N
06kxp,"Sanchez, Yosber",RP,DET,\N,"[""sanchez yosber""]",\N,\N,\N,\N,\N,\N
06kxm,"Fernandez, Dauri",SS,CLE,\N,"[""fernandez dauri""]",\N,\N,\N,\N,\N,\N
04eri,"Stauffer, Adam",RP,(N/A),\N,"[""stauffer adam""]",\N,\N,\N,\N,\N,\N
06kxk,"Ramos, Yaisel",CF,(N/A),\N,"[""ramos yaisel""]",\N,\N,\N,\N,\N,\N
06kxi,"Wentworth, Jackson",SP,TOR,\N,"[""wentworth jackson""]",\N,\N,\N,\N,\N,\N
04ere,"Lopez, Irving",2B,(N/A),\N,"[""lopez irving""]",\N,\N,\N,\N,\N,\N
06kxj,"Huge, Riley",RP,ATH,\N,"[""huge riley""]",\N,\N,\N,\N,\N,\N
04erh,"Van Eyk, CJ",SP,TOR,\N,"[""van eyk cj""]",\N,\N,\N,\N,\N,\N
06kxh,"Gonzalez, James",SP,ATH,\N,"[""gonzalez james""]",\N,\N,\N,\N,\N,\N
04erg,"Tostado, Frankie",RF,(N/A),\N,"[""tostado frankie""]",\N,\N,\N,\N,\N,\N
06kxe,"Lindsey, Kellon",2B,LAD,\N,"[""lindsey kellon""]",\N,\N,\N,\N,\N,\N
04era,"Howell, Korry",CF,(N/A),\N,"[""howell korry""]",\N,\N,\N,\N,\N,\N
06kxc,"Root, Zach",SP,LAD,\N,"[""root zach""]",\N,\N,\N,\N,\N,\N
04erc,"Marinaccio, Ron",RP,MIN,\N,"[""marinaccio ron""]",\N,\N,\N,\N,\N,\N
06kxb,"Knaak, Aidan",SP,(N/A),\N,"[""knaak aidan""]",\N,\N,\N,\N,\N,\N
04vso,"Rodriguez, Luis",SP,(N/A),\N,[],\N,\N,\N,\N,\N,\N
04eqx,"Willeman, Zach",SP,(N/A),\N,"[""willeman zach""]",\N,\N,\N,\N,\N,\N
05j6z,"Salinas, Ruben",RP,(N/A),\N,"[""salinas ruben""]",\N,\N,\N,\N,\N,\N
05j6w,"Pinto, Adrian",2B,TOR,\N,"[""pinto adrian""]",\N,\N,\N,\N,\N,\N
04es7,"Givin, Matt",RP,(N/A),\N,"[""givin matt""]",\N,\N,\N,\N,\N,\N
05j6x,"Tilien, Junior",LF,ATL,\N,"[""tilien junior""]",\N,\N,\N,\N,\N,\N
06kwv,"Barthol, Blake",3B,(N/A),\N,"[""barthol blake""]",\N,\N,\N,\N,\N,\N
06ky8,"Batista, Domingo",RF,(N/A),\N,"[""batista domingo""]",\N,\N,\N,\N,\N,\N
04eqw,"Mattson, Isaac",RP,PIT,\N,"[""mattson isaac""]",\N,\N,\N,\N,\N,\N
06ky9,"Peralta, Christopher",SP,MIL,\N,"[""peralta christopher""]",\N,\N,\N,\N,\N,\N
06kww,"Marsten, Duncan",SP,CIN,\N,"[""marsten duncan""]",\N,\N,\N,\N,\N,\N
06ky6,"Ilarraza, Luis",RP,NYY,\N,"[""ilarraza luis""]",\N,\N,\N,\N,\N,\N
04es2,"Quezada, Andrew",SP,(N/A),\N,"[""quezada andrew""]",\N,\N,\N,\N,\N,\N
06ky7,"Almonte, Alexander",SP,NYY,\N,"[""almonte alexander""]",\N,\N,\N,\N,\N,\N
06ky4,"Manzano, Marco",RP,NYY,\N,"[""manzano marco""]",\N,\N,\N,\N,\N,\N
04es4,"Berrios, Osvaldo",RP,BOS,\N,"[""berrios osvaldo""]",\N,\N,\N,\N,\N,\N
06ky5,"Sanchez, Enixon",SP,NYY,\N,"[""sanchez enixon""]",\N,\N,\N,\N,\N,\N
068ny,"Sandford, Schuyler",SP,(N/A),\N,"[""sandford schuyler""]",\N,\N,\N,\N,\N,\N
04emh,"Ostberg, Erik",C,(N/A),\N,"[""ostberg erik""]",\N,\N,\N,\N,\N,\N
068nx,"Lawson, Brendan",3B,(N/A),\N,"[""lawson brendan""]",\N,\N,\N,\N,\N,\N
04emj,"Karcher, Ricky",RP,(N/A),\N,"[""karcher ricky""]",\N,\N,\N,\N,\N,\N
068nz,"Tygart, Brady",SP,BOS,\N,"[""tygart brady""]",\N,\N,\N,\N,\N,\N
04eme,"Gray, Tristan",2B,MIN,\N,"[""gray tristan""]",\N,\N,\N,\N,\N,\N
06ksf,"Labaut, Randy",RP,(N/A),\N,"[""labaut randy""]",\N,\N,\N,\N,\N,\N
06m5g,"Anderson, Aidan",RP,CHW,\N,"[""anderson aidan""]",\N,\N,\N,\N,\N,\N
06ksb,"Castillo, Ruben",SP,(N/A),\N,[],\N,\N,\N,\N,\N,\N
06ksc,"Curley, Dean",SS,CLE,\N,"[""curley dean""]",\N,\N,\N,\N,\N,\N
04vnr,"Castillo, Diego",SS,TEX,\N,[],\N,\N,\N,\N,\N,\N
04vni,"Turner, Gionti",2B,(N/A),\N,"[""turner gionti""]",\N,\N,\N,\N,\N,\N
04en9,"Workman, Gage",3B,SD,\N,"[""workman gage""]",\N,\N,\N,\N,\N,\N
04ely,"Mace, Tommy",SP,(N/A),\N,"[""mace tommy""]",\N,\N,\N,\N,\N,\N
06krw,"Dishmey, Eliazar",SP,MIA,\N,"[""dishmey eliazar""]",\N,\N,\N,\N,\N,\N
04vnd,"Hensley, David",RF,(N/A),\N,"[""hensley david""]",\N,\N,\N,\N,\N,\N
04elv,"Roberson, Josh",RP,(N/A),\N,"[""roberson josh""]",\N,\N,\N,\N,\N,\N
06kru,"Cayama, Argenis",SP,SF,\N,"[""cayama argenis""]",\N,\N,\N,\N,\N,\N
06krv,"Alpuria, Jose",CF,ARI,\N,"[""alpuria jose""]",\N,\N,\N,\N,\N,\N
04elu,"Cosgrove, Tom",RP,WSH,\N,"[""cosgrove tom""]",\N,\N,\N,\N,\N,\N
04en7,"Mitchell, Garrett",CF,MIL,\N,"[""mitchell garrett""]",\N,\N,\N,\N,\N,\N
068nf,"Ramirez, Lucas",RF,LAA,\N,"[""ramirez lucas""]",\N,\N,\N,\N,\N,\N
03bin,"Cortes Jr., Nestor",SP,PHI,\N,"[""cortes jr nestor""]",\N,\N,\N,\N,\N,\N
04elo,"Jackson, Andre",RP,(N/A),\N,"[""jackson andre""]",\N,\N,\N,\N,\N,\N
068nc,"Suarez, Jose",RF,STL,\N,[],\N,\N,\N,\N,\N,\N
06krr,"Laya, Yojackson",SS,LAD,\N,"[""laya yojackson""]",\N,\N,\N,\N,\N,\N
06m61,"Castillo, Jackson",LF,NYY,\N,"[""castillo jackson""]",\N,\N,\N,\N,\N,\N
04elk,"Connell, Justin",LF,(N/A),\N,"[""connell justin""]",\N,\N,\N,\N,\N,\N
06m60,"Chapman, Emmanuel",RP,PIT,\N,"[""chapman emmanuel""]",\N,\N,\N,\N,\N,\N
04elh,"Amaya, Jacob",SS,ARI,\N,"[""amaya jacob""]",\N,\N,\N,\N,\N,\N
04elj,"Turner, Matt",RP,NYM,\N,"[""turner matt""]",\N,\N,\N,\N,\N,\N
04eld,"Sears, J.P.",SP,SD,\N,"[""sears j p""]",\N,\N,\N,\N,\N,\N
04elc,"Semple, Shawn",SP,(N/A),\N,"[""semple shawn""]",\N,\N,\N,\N,\N,\N
06kqz,"Brunson, Chase",CF,WSH,\N,"[""brunson chase""]",\N,\N,\N,\N,\N,\N
04em5,"McCaughan, Darren",RP,(N/A),\N,"[""mccaughan darren""]",\N,\N,\N,\N,\N,\N
04eku,"King, John",RP,TEX,\N,"[""king john""]",\N,\N,\N,\N,\N,\N
06ks6,"Farber, Ryne",SS,(N/A),\N,"[""farber ryne""]",\N,\N,\N,\N,\N,\N
04em6,"Vest, Will",RP,DET,\N,"[""vest will""]",\N,\N,\N,\N,\N,\N
04em1,"Ward, JeVon",RF,(N/A),\N,"[""ward jevon""]",\N,\N,\N,\N,\N,\N
04em0,"Parkinson, David",SP,(N/A),\N,"[""parkinson david""]",\N,\N,\N,\N,\N,\N
04eoj,"Young, Jared",1B,NYM,\N,"[""young jared""]",\N,\N,\N,\N,\N,\N
06kul,"Mejia, Adriander",C,BAL,\N,"[""mejia adriander""]",\N,\N,\N,\N,\N,\N
06kuj,"Saez, Christian",1B,STL,\N,"[""saez christian""]",\N,\N,\N,\N,\N,\N
06kuk,"Estevez, Evan",1B,SF,\N,"[""estevez evan""]",\N,\N,\N,\N,\N,\N
06kuh,"Bautista, Israfell",CF,TB,\N,"[""bautista israfell""]",\N,\N,\N,\N,\N,\N
04eoi,"Vanasco, Ricky",SP,ATL,\N,"[""vanasco ricky""]",\N,\N,\N,\N,\N,\N
06kui,"Brito, Roldy",CF,COL,\N,"[""brito roldy""]",\N,\N,\N,\N,\N,\N
06kuf,"Cruz, Naykel",RP,(N/A),\N,"[""cruz naykel""]",\N,\N,\N,\N,\N,\N
06m7f,"Herrera, Welinton",RP,COL,\N,"[""herrera welinton""]",\N,\N,\N,\N,\N,\N
04eoc,"Romero, Tommy",SP,(N/A),\N,"[""romero tommy""]",\N,\N,\N,\N,\N,\N
06kug,"Baker, Tavano",LF,BOS,\N,"[""baker tavano""]",\N,\N,\N,\N,\N,\N
06m7d,"Aracena, Wellington",SP,ARI,\N,"[""aracena wellington""]",\N,\N,\N,\N,\N,\N
06m7e,"Herrera, Adrian",RP,(N/A),\N,"[""herrera adrian""]",\N,\N,\N,\N,\N,\N
04enz,"Garcia, Robert",RP,TEX,\N,"[""garcia robert""]",\N,\N,\N,\N,\N,\N
04eny,"Nelson, Kyle",RP,(N/A),\N,"[""nelson kyle""]",\N,\N,\N,\N,\N,\N
04env,"McGarity, Aaron",RP,(N/A),\N,"[""mcgarity aaron""]",\N,\N,\N,\N,\N,\N
04ep8,"Crawford, Kutter",SP,BOS,\N,"[""crawford kutter""]",\N,\N,\N,\N,\N,\N
06kv9,"Mosquera, Eiver",SP,MIA,\N,"[""mosquera eiver""]",\N,\N,\N,\N,\N,\N
04enw,"Noda, Ryan",1B,BAL,\N,"[""noda ryan""]",\N,\N,\N,\N,\N,\N
06kv8,"Torres, Jason",3B,(N/A),\N,"[""torres jason""]",\N,\N,\N,\N,\N,\N
06kts,"Books, Jake",LF,(N/A),\N,"[""books jake""]",\N,\N,\N,\N,\N,\N
04ent,"Escarra, J.C.",C,NYY,\N,"[""escarra j c""]",\N,\N,\N,\N,\N,\N
04ens,"Vazquez, Luis",SS,BAL,\N,"[""vazquez luis""]",\N,\N,\N,\N,\N,\N
06ktt,"Arnold, Jamie",SP,ATH,\N,"[""arnold jamie""]",\N,\N,\N,\N,\N,\N
06kv3,"Montero, Frederi",3B,MIL,\N,"[""montero frederi""]",\N,\N,\N,\N,\N,\N
06ktq,"Ogata, Shuto",SP,(N/A),\N,"[""ogata shuto""]",\N,\N,\N,\N,\N,\N
06ktr,"Pompey, TJ",SS,(N/A),\N,"[""pompey tj""]",\N,\N,\N,\N,\N,\N
06kv1,"Munoz, Rolddy",SP,ATL,\N,"[""munoz rolddy""]",\N,\N,\N,\N,\N,\N
06kto,"Matsuyama, Shinya",SP,(N/A),\N,"[""matsuyama shinya""]",\N,\N,\N,\N,\N,\N
04ep2,"Walsh, Jake",RP,(N/A),\N,"[""walsh jake""]",\N,\N,\N,\N,\N,\N
06ktp,"Azuma, Katsuki",SP,(N/A),\N,"[""azuma katsuki""]",\N,\N,\N,\N,\N,\N
06kv2,"Encarnacion, Handelfry",CF,MIL,\N,"[""encarnacion handelfry""]",\N,\N,\N,\N,\N,\N
06ktm,"Saiki, Hiroto",SP,(N/A),\N,"[""saiki hiroto""]",\N,\N,\N,\N,\N,\N
06ktn,"Imai, Tatsuya",SP,HOU,\N,"[""imai tatsuya""]",\N,\N,\N,\N,\N,\N
06ktl,"Mejia, Samuel",RP,(N/A),\N,"[""mejia samuel""]",\N,\N,\N,\N,\N,\N
04eng,"Cortijo, Harold",P,(N/A),\N,"[""cortijo harold""]",\N,\N,\N,\N,\N,\N
04emy,"Rodning, Brody",RP,(N/A),\N,"[""rodning brody""]",\N,\N,\N,\N,\N,\N
04emu,"Wagaman, Eric",1B,NYM,\N,"[""wagaman eric""]",\N,\N,\N,\N,\N,\N
04emt,"Meyers, Jake",CF,HOU,\N,"[""meyers jake""]",\N,\N,\N,\N,\N,\N
04emr,"Mercado, Jan",C,(N/A),\N,"[""mercado jan""]",\N,\N,\N,\N,\N,\N
0579z,"Blalock, Bradley",SP,MIA,\N,"[""blalock bradley""]",\N,\N,\N,\N,\N,\N
03153,"Crook, Narciso",RF,(N/A),\N,"[""crook narciso""]",\N,\N,\N,\N,\N,\N
0313t,"Kinley, Tyler",RP,DET,\N,"[""kinley tyler""]",\N,\N,\N,\N,\N,\N
03d7n,"Supak, Trey",SP,TEX,\N,"[""supak trey""]",\N,\N,\N,\N,\N,\N
042sz,"Smith, Will",C,LAD,\N,[],\N,\N,\N,\N,\N,\N
03d7m,"Honeywell Jr., Brent",RP,SD,\N,"[""honeywell jr brent""]",\N,\N,\N,\N,\N,\N
03d7g,"Verdugo, Alex",LF,(N/A),\N,"[""verdugo alex""]",\N,\N,\N,\N,\N,\N
03svw,"Hudson, Bryan",RP,CHW,\N,"[""hudson bryan""]",\N,\N,\N,\N,\N,\N
0312v,"Tauchman, Mike",RF,NYM,\N,"[""tauchman mike""]",\N,\N,\N,\N,\N,\N
03d7h,"Keller, Mitch",SP,PIT,\N,"[""keller mitch""]",\N,\N,\N,\N,\N,\N
03d7c,"Blewett, Scott",RP,ATH,\N,[],\N,\N,\N,\N,\N,\N
03bud,"De La Cruz, Bryan",LF,PHI,\N,"[""de la cruz bryan""]",\N,\N,\N,\N,\N,\N
0312l,"Keller, Brad",RP,PHI,\N,"[""keller brad""]",\N,\N,\N,\N,\N,\N
03d7a,"Reid-Foley, Sean",RP,(N/A),\N,"[""reid foley sean""]",\N,\N,\N,\N,\N,\N
03d6z,"Wall, Forrest",CF,(N/A),\N,"[""wall forrest""]",\N,\N,\N,\N,\N,\N
0312h,"Farmer, Kyle",2B,ATL,\N,"[""farmer kyle""]",\N,\N,\N,\N,\N,\N
03d6y,"Joe, Connor",1B,SEA,\N,"[""joe connor""]",\N,\N,\N,\N,\N,\N
03d6v,"Kopech, Michael",RP,(N/A),\N,"[""kopech michael""]",\N,\N,\N,\N,\N,\N
03btv,"Alcantara, Sandy",SP,MIA,\N,"[""alcantara sandy""]",\N,\N,\N,\N,\N,\N
03bv8,"Reyes, Luis",RP,(N/A),\N,[],\N,\N,\N,\N,\N,\N
03btu,"Castro, Willi",2B,COL,\N,"[""castro willi""]",\N,\N,\N,\N,\N,\N
03d6w,"Flaherty, Jack",SP,DET,\N,"[""flaherty jack""]",\N,\N,\N,\N,\N,\N
0312g,"Mahle, Tyler",SP,ATL,\N,"[""mahle tyler""]",\N,\N,\N,\N,\N,\N
03179,"Kuhl, Chad",SP,(N/A),\N,"[""kuhl chad""]",\N,\N,\N,\N,\N,\N
03176,"Snelten, D.J.",RP,(N/A),\N,"[""snelten d j""]",\N,\N,\N,\N,\N,\N
03178,"Cimber, Adam",RP,(N/A),\N,"[""cimber adam""]",\N,\N,\N,\N,\N,\N
0315r,"Calhoun, Willie",DH,(N/A),\N,"[""calhoun willie""]",\N,\N,\N,\N,\N,\N
0314j,"Yarbrough, Ryan",RP,NYY,\N,"[""yarbrough ryan""]",\N,\N,\N,\N,\N,\N
0310a,"McGuire, Reese",C,(N/A),\N,"[""mcguire reese""]",\N,\N,\N,\N,\N,\N
04g7l,"Robinson, Kristian",CF,ARI,\N,"[""robinson kristian""]",\N,\N,\N,\N,\N,\N
04g7n,"Peraza, Oswald",3B,LAA,\N,"[""peraza oswald""]",\N,\N,\N,\N,\N,\N
03117,"Sisco, Chance",C,(N/A),\N,"[""sisco chance""]",\N,\N,\N,\N,\N,\N
04vvy,"Monasterio, Andruw",SS,BOS,\N,"[""monasterio andruw""]",\N,\N,\N,\N,\N,\N
04euk,"Matheny, Shane",1B,(N/A),\N,"[""matheny shane""]",\N,\N,\N,\N,\N,\N
04vvz,"Garcia, Reivaj",2B,(N/A),\N,"[""garcia reivaj""]",\N,\N,\N,\N,\N,\N
04eue,"Robinson, Cam",RP,(N/A),\N,"[""robinson cam""]",\N,\N,\N,\N,\N,\N
068vu,"Soto, Elian",1B,WSH,\N,"[""soto elian""]",\N,\N,\N,\N,\N,\N
03114,"Peterson, Dustin",RF,(N/A),\N,"[""peterson dustin""]",\N,\N,\N,\N,\N,\N
04eud,"Drohan, Shane",SP,MIL,\N,"[""drohan shane""]",\N,\N,\N,\N,\N,\N
068vt,"McCollum, Tommy",RP,TB,\N,"[""mccollum tommy""]",\N,\N,\N,\N,\N,\N
03115,"Unroe, Riley",RF,CHW,\N,"[""unroe riley""]",\N,\N,\N,\N,\N,\N
03116,"Taylor, Blake",RP,(N/A),\N,"[""taylor blake""]",\N,\N,\N,\N,\N,\N
03110,"Anderson, Tim",2B,(N/A),\N,"[""anderson tim""]",\N,\N,\N,\N,\N,\N
03111,"Gonzales, Marco",SP,TEX,\N,"[""gonzales marco""]",\N,\N,\N,\N,\N,\N
04etz,"Messinger, Skyler",3B,COL,\N,"[""messinger skyler""]",\N,\N,\N,\N,\N,\N
06kzy,"Chirinos, Jordany",SP,CHW,\N,"[""chirinos jordany""]",\N,\N,\N,\N,\N,\N
06kzz,"Collins, Bryce",RP,HOU,\N,"[""collins bryce""]",\N,\N,\N,\N,\N,\N
04ev4,"Cintron, Jancarlos",SS,(N/A),\N,"[""cintron jancarlos""]",\N,\N,\N,\N,\N,\N
04etl,"Conley, Bryce",SP,NYM,\N,"[""conley bryce""]",\N,\N,\N,\N,\N,\N
04etk,"Valverde, Alex",P,(N/A),\N,"[""valverde alex""]",\N,\N,\N,\N,\N,\N
04etg,"Junk, Janson",SP,MIA,\N,"[""junk janson""]",\N,\N,\N,\N,\N,\N
03109,"Bickford, Phil",RP,(N/A),\N,"[""bickford phil""]",\N,\N,\N,\N,\N,\N
06kzd,"Mercedes, Ernesto",RP,NYM,\N,"[""mercedes ernesto""]",\N,\N,\N,\N,\N,\N
06kza,"Lamkin, Justin",SP,KC,\N,"[""lamkin justin""]",\N,\N,\N,\N,\N,\N
06kzb,"Perez, Javier",RP,HOU,\N,"[""perez javier""]",\N,\N,\N,\N,\N,\N
04esz,"McCormick, Chas",LF,CHC,\N,"[""mccormick chas""]",\N,\N,\N,\N,\N,\N
06kyz,"Duarte, Fernando",RP,(N/A),\N,"[""duarte fernando""]",\N,\N,\N,\N,\N,\N
05j8z,"Vargas, Jheremy",2B,MIL,\N,"[""vargas jheremy""]",\N,\N,\N,\N,\N,\N
05j8x,"Reyes, Carlo",SP,(N/A),\N,"[""reyes carlo""]",\N,\N,\N,\N,\N,\N
05j8u,"Garcia, Jhostynxon",CF,PIT,\N,"[""garcia jhostynxon""]",\N,\N,\N,\N,\N,\N
04ess,"Hernandez, Jakob",RP,(N/A),\N,"[""hernandez jakob""]",\N,\N,\N,\N,\N,\N
05j8v,"Durango, Luis",LF,NYY,\N,"[""durango luis""]",\N,\N,\N,\N,\N,\N
06kyu,"Pierce, Carson",RP,(N/A),\N,"[""pierce carson""]",\N,\N,\N,\N,\N,\N
03d6q,"Hill, Derek",CF,PHI,\N,"[""hill derek""]",\N,\N,\N,\N,\N,\N
03d6t,"Chavis, Michael",3B,CIN,\N,"[""chavis michael""]",\N,\N,\N,\N,\N,\N
03d6s,"Chapman, Matt",3B,SF,\N,"[""chapman matt""]",\N,\N,\N,\N,\N,\N
03d6n,"Fedde, Erick",SP,CHW,\N,"[""fedde erick""]",\N,\N,\N,\N,\N,\N
03btm,"Alvarado, Jose",RP,PHI,\N,[],\N,\N,\N,\N,\N,\N
03d6p,"Holmes, Grant",SP,ATL,\N,"[""holmes grant""]",\N,\N,\N,\N,\N,\N
068yb,"Boyer, Ryan",RP,(N/A),\N,"[""boyer ryan""]",\N,\N,\N,\N,\N,\N
0311w,"Lively, Ben",SP,CLE,\N,"[""lively ben""]",\N,\N,\N,\N,\N,\N
068xz,"Ross, Shawn",C,TOR,\N,"[""ross shawn""]",\N,\N,\N,\N,\N,\N
068xw,"Tredwell, Alonzo",SP,HOU,\N,"[""tredwell alonzo""]",\N,\N,\N,\N,\N,\N
068xx,"Langenberg, Ty",SP,MIN,\N,"[""langenberg ty""]",\N,\N,\N,\N,\N,\N
068z4,"Alejandro, Jerson",SP,NYY,\N,"[""alejandro jerson""]",\N,\N,\N,\N,\N,\N
0311r,"Moll, Sam",RP,CIN,\N,"[""moll sam""]",\N,\N,\N,\N,\N,\N
03134,"Clifton, Trevor",SP,(N/A),\N,"[""clifton trevor""]",\N,\N,\N,\N,\N,\N
068z1,"Guerrero, Pablo",1B,TEX,\N,"[""guerrero pablo""]",\N,\N,\N,\N,\N,\N
068z3,"Veliz, Mauricio",RP,(N/A),\N,"[""veliz mauricio""]",\N,\N,\N,\N,\N,\N
03d77,"Adams, Spencer",SP,TEX,\N,"[""adams spencer""]",\N,\N,\N,\N,\N,\N
0311c,"Williams, Devin",RP,NYM,\N,"[""williams devin""]",\N,\N,\N,\N,\N,\N
0311e,"Danish, Tyler",SP,(N/A),\N,"[""danish tyler""]",\N,\N,\N,\N,\N,\N
0311f,"Caratini, Victor",C,MIN,\N,"[""caratini victor""]",\N,\N,\N,\N,\N,\N
03d75,"Turnbull, Spencer",SP,(N/A),\N,"[""turnbull spencer""]",\N,\N,\N,\N,\N,\N
0311b,"Williams, Trevor",SP,TEX,\N,"[""williams trevor""]",\N,\N,\N,\N,\N,\N
0310z,"Crawford, J.P.",SS,SEA,\N,"[""crawford j p""]",\N,\N,\N,\N,\N,\N
04evn,"Washington, Mark",RP,(N/A),\N,"[""washington mark""]",\N,\N,\N,\N,\N,\N
04evo,"Costes, Marty",LF,(N/A),\N,"[""costes marty""]",\N,\N,\N,\N,\N,\N
04evj,"Thompson, Riley",RP,(N/A),\N,"[""thompson riley""]",\N,\N,\N,\N,\N,\N
03125,"Nunez, Dom",C,CLE,\N,"[""nunez dom""]",\N,\N,\N,\N,\N,\N
03120,"Bellinger, Cody",LF,NYY,\N,"[""bellinger cody""]",\N,\N,\N,\N,\N,\N
0310n,"McMahon, Ryan",3B,NYY,\N,"[""mcmahon ryan""]",\N,\N,\N,\N,\N,\N
03121,"Wallach, Chad",C,ATH,\N,"[""wallach chad""]",\N,\N,\N,\N,\N,\N
0310j,"Krook, Matt",RP,WSH,\N,"[""krook matt""]",\N,\N,\N,\N,\N,\N
0310k,"Knebel, Corey",RP,(N/A),\N,"[""knebel corey""]",\N,\N,\N,\N,\N,\N
0310l,"Thurman, Andrew",SP,SD,\N,"[""thurman andrew""]",\N,\N,\N,\N,\N,\N
0310m,"Zastryzny, Rob",RP,MIL,\N,"[""zastryzny rob""]",\N,\N,\N,\N,\N,\N
068y1,"Hernandez, Ronny",C,BOS,\N,"[""hernandez ronny""]",\N,\N,\N,\N,\N,\N
0310g,"Kaminsky, Rob",SP,LAA,\N,"[""kaminsky rob""]",\N,\N,\N,\N,\N,\N
04ew7,"Ashby, Aaron",RP,MIL,\N,"[""ashby aaron""]",\N,\N,\N,\N,\N,\N
0310c,"Harvey, Hunter",RP,CHC,\N,"[""harvey hunter""]",\N,\N,\N,\N,\N,\N
0310d,"McKinney, Billy",RF,(N/A),\N,"[""mckinney billy""]",\N,\N,\N,\N,\N,\N
0310e,"Arroyo, Christian",1B,NYM,\N,"[""arroyo christian""]",\N,\N,\N,\N,\N,\N
03day,"Clay, Sam",RP,(N/A),\N,"[""clay sam""]",\N,\N,\N,\N,\N,\N
04gdz,"Jones, Greg",RF,CHC,\N,"[""jones greg""]",\N,\N,\N,\N,\N,\N
03dau,"Megill, Trevor",RP,MIL,\N,"[""megill trevor""]",\N,\N,\N,\N,\N,\N
04gdv,"Gonzalez, Luis",RF,(N/A),\N,[],\N,\N,\N,\N,\N,\N
03dav,"Mengden, Daniel",SP,(N/A),\N,"[""mengden daniel""]",\N,\N,\N,\N,\N,\N
04gdw,"Rodriguez, Johnathan",RF,ATH,\N,"[""rodriguez johnathan""]",\N,\N,\N,\N,\N,\N
03dap,"Burke, Brock",RP,CIN,\N,"[""burke brock""]",\N,\N,\N,\N,\N,\N
03dc4,"Peralta, Freddy",SP,TB,\N,"[""peralta freddy""]",\N,\N,\N,\N,\N,\N
03dan,"Reetz, Jakson",C,SEA,\N,"[""reetz jakson""]",\N,\N,\N,\N,\N,\N
03dag,"Luplow, Jordan",RF,(N/A),\N,"[""luplow jordan""]",\N,\N,\N,\N,\N,\N
03dab,"Ellis, Chris",SP,(N/A),\N,"[""ellis chris""]",\N,\N,\N,\N,\N,\N
03db4,"Loaisiga, Jonathan",RP,ARI,\N,"[""loaisiga jonathan""]",\N,\N,\N,\N,\N,\N
03db3,"Missaki, Daniel",RP,TEX,\N,"[""missaki daniel""]",\N,\N,\N,\N,\N,\N
06mip,"Bruss, Thomas",RP,DET,\N,"[""bruss thomas""]",\N,\N,\N,\N,\N,\N
06miq,"Moreta, Edgar",SP,NYM,\N,"[""moreta edgar""]",\N,\N,\N,\N,\N,\N
06min,"Roque, Yoel",SP,MIN,\N,"[""roque yoel""]",\N,\N,\N,\N,\N,\N
06mio,"Davalillo, David",SP,TEX,\N,"[""davalillo david""]",\N,\N,\N,\N,\N,\N
06mil,"Rincon, Hancel",SP,STL,\N,"[""rincon hancel""]",\N,\N,\N,\N,\N,\N
06mim,"Lee, Patrick",RF,DET,\N,"[""lee patrick""]",\N,\N,\N,\N,\N,\N
06mij,"Gonzalez, Rafael",RP,HOU,\N,"[""gonzalez rafael""]",\N,\N,\N,\N,\N,\N
06mik,"Gaxiola, Aldo",3B,TOR,\N,"[""gaxiola aldo""]",\N,\N,\N,\N,\N,\N
06mih,"Gomez, Saul",1B,BAL,\N,"[""gomez saul""]",\N,\N,\N,\N,\N,\N
06mii,"Vargas, Luis",RP,ATL,\N,"[""vargas luis""]",\N,\N,\N,\N,\N,\N
06mif,"Batista, Andry",RF,(N/A),\N,"[""batista andry""]",\N,\N,\N,\N,\N,\N
06mig,"Vargas, Yeferson",SP,LAA,\N,"[""vargas yeferson""]",\N,\N,\N,\N,\N,\N
06mie,"Phelps, Tre",RF,PIT,\N,"[""phelps tre""]",\N,\N,\N,\N,\N,\N
06mib,"Fisher, Colin",SP,SF,\N,"[""fisher colin""]",\N,\N,\N,\N,\N,\N
06mic,"Gaffney, Luke",1B,(N/A),\N,"[""gaffney luke""]",\N,\N,\N,\N,\N,\N
03de9,"Hoskins, Rhys",1B,CLE,\N,"[""hoskins rhys""]",\N,\N,\N,\N,\N,\N
03de5,"Thompson, Zach",RP,(N/A),\N,"[""thompson zach""]",\N,\N,\N,\N,\N,\N
06mn9,"Lugo, Cesar",LF,CHC,\N,"[""lugo cesar""]",\N,\N,\N,\N,\N,\N
06o09,"Garcia, Davian",SP,WSH,\N,"[""garcia davian""]",\N,\N,\N,\N,\N,\N
06o07,"Javier, Robinson",RP,(N/A),\N,"[""javier robinson""]",\N,\N,\N,\N,\N,\N
03de6,"Benjamin, Wes",SP,(N/A),\N,"[""benjamin wes""]",\N,\N,\N,\N,\N,\N
06o08,"Petersen, Sam",CF,WSH,\N,"[""petersen sam""]",\N,\N,\N,\N,\N,\N
06o05,"Sarduy, Boris",LF,SF,\N,"[""sarduy boris""]",\N,\N,\N,\N,\N,\N
06o06,"Rosario, Enyel",3B,(N/A),\N,"[""rosario enyel""]",\N,\N,\N,\N,\N,\N
06o03,"Eagen, Daniel",SP,STL,\N,"[""eagen daniel""]",\N,\N,\N,\N,\N,\N
06o04,"Marchan, Manuel",SP,CIN,\N,"[""marchan manuel""]",\N,\N,\N,\N,\N,\N
06o01,"Flewelling, Nathan",C,TB,\N,"[""flewelling nathan""]",\N,\N,\N,\N,\N,\N
06o02,"Diaw, Khadim",C,MIN,\N,"[""diaw khadim""]",\N,\N,\N,\N,\N,\N
06o00,"Cranton, Hunter",RP,ARI,\N,"[""cranton hunter""]",\N,\N,\N,\N,\N,\N
06mlb,"Valera, Juan",SP,BOS,\N,"[""valera juan""]",\N,\N,\N,\N,\N,\N
03dbv,"Brigham, Jeff",RP,(N/A),\N,"[""brigham jeff""]",\N,\N,\N,\N,\N,\N
03dbu,"Hentges, Sam",RP,SF,\N,"[""hentges sam""]",\N,\N,\N,\N,\N,\N
03dbm,"Webb, Logan",SP,SF,\N,"[""webb logan""]",\N,\N,\N,\N,\N,\N
03dbo,"Montgomery, Jordan",SP,TEX,\N,"[""montgomery jordan""]",\N,\N,\N,\N,\N,\N
03dbl,"Torres, Nick",RF,(N/A),\N,"[""torres nick""]",\N,\N,\N,\N,\N,\N
03dbe,"Gomber, Austin",SP,DET,\N,"[""gomber austin""]",\N,\N,\N,\N,\N,\N
06mfs,"Castillo, Yeiferth",LF,CLE,\N,"[""castillo yeiferth""]",\N,\N,\N,\N,\N,\N
06mfr,"Guevara, Jose",SP,NYM,\N,"[""guevara jose""]",\N,\N,\N,\N,\N,\N
06mh4,"Florentino, Edward",CF,PIT,\N,"[""florentino edward""]",\N,\N,\N,\N,\N,\N
06mfi,"Thomas, Jhoan",RP,WSH,\N,"[""thomas jhoan""]",\N,\N,\N,\N,\N,\N
06mfj,"Lubo, Geuri",RF,CHC,\N,"[""lubo geuri""]",\N,\N,\N,\N,\N,\N
06mfg,"Gonzalez, Anferni",SP,(N/A),\N,"[""gonzalez anferni""]",\N,\N,\N,\N,\N,\N
06mfh,"De Cesare, Manuel",1B,(N/A),\N,"[""de cesare manuel""]",\N,\N,\N,\N,\N,\N
06mff,"Gonzales, Justin",RF,BOS,\N,"[""gonzales justin""]",\N,\N,\N,\N,\N,\N
06mey,"Digon, Jairon",RP,(N/A),\N,"[""digon jairon""]",\N,\N,\N,\N,\N,\N
06mep,"Garcia, Kevin",C,MIL,\N,"[""garcia kevin""]",\N,\N,\N,\N,\N,\N
06mel,"Eluscat, Marco",SP,SD,\N,"[""eluscat marco""]",\N,\N,\N,\N,\N,\N
06mek,"Lima, Denny",SP,CHW,\N,"[""lima denny""]",\N,\N,\N,\N,\N,\N
06meh,"Martinez, Juan",CF,CHW,\N,[],\N,\N,\N,\N,\N,\N
06mei,"Arends, Nathan",RP,ATH,\N,"[""arends nathan""]",\N,\N,\N,\N,\N,\N
030vs,"Yates, Kirby",RP,PIT,\N,"[""yates kirby""]",\N,\N,\N,\N,\N,\N
06mef,"Alberto, Albert",RF,(N/A),\N,"[""alberto albert""]",\N,\N,\N,\N,\N,\N
06meg,"Blanco, Geyber",2B,(N/A),\N,"[""blanco geyber""]",\N,\N,\N,\N,\N,\N
06med,"Delgado, Joan",RF,(N/A),\N,"[""delgado joan""]",\N,\N,\N,\N,\N,\N
06mee,"Pestka, Drew",RP,CIN,\N,"[""pestka drew""]",\N,\N,\N,\N,\N,\N
06meb,"Benua, Alexander",LF,(N/A),\N,"[""benua alexander""]",\N,\N,\N,\N,\N,\N
030x2,"Leclerc, Jose",RP,SD,\N,"[""leclerc jose""]",\N,\N,\N,\N,\N,\N
06mec,"Pena, Alain",SP,HOU,\N,"[""pena alain""]",\N,\N,\N,\N,\N,\N
06mea,"Sasaki, Rintaro",1B,MIA,\N,"[""sasaki rintaro""]",\N,\N,\N,\N,\N,\N
06mia,"Medina, Juan",SP,(N/A),\N,"[""medina juan""]",\N,\N,\N,\N,\N,\N
04xf0,"Nunez, Rainer",1B,(N/A),\N,"[""nunez rainer""]",\N,\N,\N,\N,\N,\N
057ah,"Martinez, Yohander",SS,(N/A),\N,"[""martinez yohander""]",\N,\N,\N,\N,\N,\N
06mhy,"Compton, Brandon",LF,MIA,\N,"[""compton brandon""]",\N,\N,\N,\N,\N,\N
06mhz,"Jackson, Daniel",C,COL,\N,"[""jackson daniel""]",\N,\N,\N,\N,\N,\N
06mhw,"Alexander, Jesus",1B,(N/A),\N,"[""alexander jesus""]",\N,\N,\N,\N,\N,\N
06mhx,"Voegele, Dominic",SP,BAL,\N,"[""voegele dominic""]",\N,\N,\N,\N,\N,\N
06mhu,"Davila, Manuel",RP,MIL,\N,"[""davila manuel""]",\N,\N,\N,\N,\N,\N
03da6,"Diaz, Isan",SS,(N/A),\N,"[""diaz isan""]",\N,\N,\N,\N,\N,\N
06mhv,"Perez, Miguel",LF,(N/A),\N,"[""perez miguel""]",\N,\N,\N,\N,\N,\N
06mht,"Delgado, Jesus",RP,(N/A),\N,[],\N,\N,\N,\N,\N,\N
06mi8,"Alvarado, Christopher",3B,BOS,\N,"[""alvarado christopher""]",\N,\N,\N,\N,\N,\N
06mi9,"Rojas, Shnaider",SP,(N/A),\N,"[""rojas shnaider""]",\N,\N,\N,\N,\N,\N
06mi6,"Marin, Jahir",C,(N/A),\N,"[""marin jahir""]",\N,\N,\N,\N,\N,\N
06mi7,"Lugo, Jesus",LF,(N/A),\N,"[""lugo jesus""]",\N,\N,\N,\N,\N,\N
06mi4,"Guzman, Ricardo",RP,TB,\N,"[""guzman ricardo""]",\N,\N,\N,\N,\N,\N
06mi5,"Leal, Antawn",RP,(N/A),\N,"[""leal antawn""]",\N,\N,\N,\N,\N,\N
06mi2,"Kitchen, Austin",RP,SEA,\N,"[""kitchen austin""]",\N,\N,\N,\N,\N,\N
06mi3,"Rondon, Carlos",C,NYY,\N,"[""rondon carlos""]",\N,\N,\N,\N,\N,\N
06mi0,"King, Bryan",RP,HOU,\N,"[""king bryan""]",\N,\N,\N,\N,\N,\N
05jpj,"Opitz, Casey",C,CHC,\N,"[""opitz casey""]",\N,\N,\N,\N,\N,\N
031ev,"Hendrix, Ryan",RP,(N/A),\N,"[""hendrix ryan""]",\N,\N,\N,\N,\N,\N
05jpe,"Phillips, Connor",RP,CIN,\N,"[""phillips connor""]",\N,\N,\N,\N,\N,\N
03djb,"Beeks, Jalen",RP,TEX,\N,"[""beeks jalen""]",\N,\N,\N,\N,\N,\N
05jpf,"Denholm, Trenton",SP,CLE,\N,"[""denholm trenton""]",\N,\N,\N,\N,\N,\N
05jpc,"Servideo, Anthony",3B,(N/A),\N,"[""servideo anthony""]",\N,\N,\N,\N,\N,\N
05jpd,"Seymour, Ian",RP,TB,\N,"[""seymour ian""]",\N,\N,\N,\N,\N,\N
05jpa,"Way, Beck",RP,KC,\N,"[""way beck""]",\N,\N,\N,\N,\N,\N
05jpb,"Weatherly, Sam",RP,COL,\N,"[""weatherly sam""]",\N,\N,\N,\N,\N,\N
031el,"Jansen, Danny",C,TEX,\N,"[""jansen danny""]",\N,\N,\N,\N,\N,\N
031eg,"Payton, Mark",LF,(N/A),\N,"[""payton mark""]",\N,\N,\N,\N,\N,\N
05jq8,"Fields, Brandon",CF,(N/A),\N,"[""fields brandon""]",\N,\N,\N,\N,\N,\N
03div,"Latz, Jake",RP,TEX,\N,"[""latz jake""]",\N,\N,\N,\N,\N,\N
05jq9,"Wallace, Cayden",3B,WSH,\N,"[""wallace cayden""]",\N,\N,\N,\N,\N,\N
05jq6,"Collins, Corey",1B,NYM,\N,"[""collins corey""]",\N,\N,\N,\N,\N,\N
05jq7,"Hurt, Kyle",SP,LAD,\N,"[""hurt kyle""]",\N,\N,\N,\N,\N,\N
05jq4,"Manning, Timmy",RP,(N/A),\N,"[""manning timmy""]",\N,\N,\N,\N,\N,\N
04xne,"Gomez, Yoendrys",RP,MIN,\N,"[""gomez yoendrys""]",\N,\N,\N,\N,\N,\N
05jq5,"Perez, Carlos",C,(N/A),\N,[],\N,\N,\N,\N,\N,\N
05jq2,"Abbott, Andrew",SP,CIN,\N,"[""abbott andrew""]",\N,\N,\N,\N,\N,\N
03dim,"Means, John",SP,KC,\N,"[""means john""]",\N,\N,\N,\N,\N,\N
05l1p,"Arias, Luarbert",RP,(N/A),\N,"[""arias luarbert""]",\N,\N,\N,\N,\N,\N
06mt3,"Arias, Gregori",SS,MIA,\N,"[""arias gregori""]",\N,\N,\N,\N,\N,\N
05joq,"Prielipp, Connor",SP,MIN,\N,"[""prielipp connor""]",\N,\N,\N,\N,\N,\N
05jq3,"Wiemer, Joey",RF,CHW,\N,"[""wiemer joey""]",\N,\N,\N,\N,\N,\N
05l1n,"Santander, Juan",1B,(N/A),\N,"[""santander juan""]",\N,\N,\N,\N,\N,\N
05jq0,"Halter, Colby",2B,ATH,\N,"[""halter colby""]",\N,\N,\N,\N,\N,\N
06mt1,"Suarez, Jhoangel",3B,(N/A),\N,"[""suarez jhoangel""]",\N,\N,\N,\N,\N,\N
05jq1,"Smith, DAndre",RF,NYM,\N,"[""smith dandre""]",\N,\N,\N,\N,\N,\N
031dw,"Yastrzemski, Mike",RF,ATL,\N,"[""yastrzemski mike""]",\N,\N,\N,\N,\N,\N
06mt0,"Valdiviezo, Alexandre",RP,(N/A),\N,"[""valdiviezo alexandre""]",\N,\N,\N,\N,\N,\N
05jp9,"Elder, Bryce",SP,ATL,\N,"[""elder bryce""]",\N,\N,\N,\N,\N,\N
05jp7,"Williams, Gavin",SP,CLE,\N,"[""williams gavin""]",\N,\N,\N,\N,\N,\N
031dd,"Mayza, Tim",RP,PHI,\N,"[""mayza tim""]",\N,\N,\N,\N,\N,\N
05jp8,"Abel, Kevin",SP,CIN,\N,"[""abel kevin""]",\N,\N,\N,\N,\N,\N
05jp5,"Roa, Christian",RP,HOU,\N,"[""roa christian""]",\N,\N,\N,\N,\N,\N
06ms6,"Austin, RJ",2B,BAL,\N,"[""austin rj""]",\N,\N,\N,\N,\N,\N
05jp6,"Carraway, Burl",RP,(N/A),\N,"[""carraway burl""]",\N,\N,\N,\N,\N,\N
05jp3,"Allen, Logan",SP,CLE,\N,[],\N,\N,\N,\N,\N,\N
05jnq,"Beeter, Clayton",RP,WSH,\N,"[""beeter clayton""]",\N,\N,\N,\N,\N,\N
06ms4,"Perez, Yeri",RP,KC,\N,"[""perez yeri""]",\N,\N,\N,\N,\N,\N
05jp4,"Schmitt, Casey",2B,SF,\N,"[""schmitt casey""]",\N,\N,\N,\N,\N,\N
06ms5,"Witherspoon, Kyson",SP,BAL,\N,"[""witherspoon kyson""]",\N,\N,\N,\N,\N,\N
031cy,"Pagan, Emilio",RP,CIN,\N,"[""pagan emilio""]",\N,\N,\N,\N,\N,\N
06ms2,"Hacopian, Chris",3B,WSH,\N,"[""hacopian chris""]",\N,\N,\N,\N,\N,\N
05jp2,"Shuster, Jared",RP,STL,\N,"[""shuster jared""]",\N,\N,\N,\N,\N,\N
06ms3,"Toledo, Jeral",2B,(N/A),\N,"[""toledo jeral""]",\N,\N,\N,\N,\N,\N
06ms0,"Vail, Tommy",RP,CHW,\N,"[""vail tommy""]",\N,\N,\N,\N,\N,\N
06ms1,"Bogenpohl, Caden",CF,PHI,\N,"[""bogenpohl caden""]",\N,\N,\N,\N,\N,\N
05jrk,"Lange, Justin",RP,(N/A),\N,"[""lange justin""]",\N,\N,\N,\N,\N,\N
05jrl,"Bowser, Drew",3B,CHC,\N,"[""bowser drew""]",\N,\N,\N,\N,\N,\N
05jri,"Rosario, Alejandro",SP,WSH,\N,"[""rosario alejandro""]",\N,\N,\N,\N,\N,\N
057mz,"Roth, Houston",RP,SEA,\N,"[""roth houston""]",\N,\N,\N,\N,\N,\N
05jrj,"Tucker, Carson",2B,SD,\N,"[""tucker carson""]",\N,\N,\N,\N,\N,\N
05jrh,"Keith, Colt",DH,DET,\N,"[""keith colt""]",\N,\N,\N,\N,\N,\N
05jre,"Bradfield Jr., Enrique",CF,BAL,\N,"[""bradfield jr enrique""]",\N,\N,\N,\N,\N,\N
05jrf,"Davis, Chase",CF,STL,\N,"[""davis chase""]",\N,\N,\N,\N,\N,\N
05jrc,"Parada, Kevin",C,NYM,\N,"[""parada kevin""]",\N,\N,\N,\N,\N,\N
05jrd,"Greene, Isaiah",LF,(N/A),\N,"[""greene isaiah""]",\N,\N,\N,\N,\N,\N
05jrb,"Mederos, Victor",SP,ATL,\N,"[""mederos victor""]",\N,\N,\N,\N,\N,\N
05jqx,"Phipps, Jackson",SP,ATH,\N,"[""phipps jackson""]",\N,\N,\N,\N,\N,\N
05jqy,"Parker, Mitchell",SP,WSH,\N,"[""parker mitchell""]",\N,\N,\N,\N,\N,\N
031gh,"Heller, Ben",RP,(N/A),\N,"[""heller ben""]",\N,\N,\N,\N,\N,\N
05js8,"Hernandez, Ben",RP,SEA,\N,"[""hernandez ben""]",\N,\N,\N,\N,\N,\N
05jqv,"Rajcic, Max",SP,STL,\N,"[""rajcic max""]",\N,\N,\N,\N,\N,\N
06mv9,"Rosario, Jonathan",RP,MIA,\N,"[""rosario jonathan""]",\N,\N,\N,\N,\N,\N
05jqw,"Gentry, Tyler",RF,DET,\N,"[""gentry tyler""]",\N,\N,\N,\N,\N,\N
05js9,"Rosario, Kalai",RF,MIN,\N,"[""rosario kalai""]",\N,\N,\N,\N,\N,\N
05js6,"Tiedemann, Ricky",SP,TOR,\N,"[""tiedemann ricky""]",\N,\N,\N,\N,\N,\N
05jqt,"Powell, Holden",RP,WSH,\N,"[""powell holden""]",\N,\N,\N,\N,\N,\N
06mv7,"Torrealba, Jonfreider",RP,(N/A),\N,"[""torrealba jonfreider""]",\N,\N,\N,\N,\N,\N
05jqu,"Emshoff, Kale",C,(N/A),\N,"[""emshoff kale""]",\N,\N,\N,\N,\N,\N
05js7,"Yorke, Nick",2B,PIT,\N,"[""yorke nick""]",\N,\N,\N,\N,\N,\N
06mv8,"Robledo, Kevin",C,MIA,\N,"[""robledo kevin""]",\N,\N,\N,\N,\N,\N
05js4,"Morales, Yohandy",1B,WSH,\N,"[""morales yohandy""]",\N,\N,\N,\N,\N,\N
06mv5,"Zabaleta, Franco",SP,ATH,\N,"[""zabaleta franco""]",\N,\N,\N,\N,\N,\N
05js5,"Mayo, Coby",1B,BAL,\N,"[""mayo coby""]",\N,\N,\N,\N,\N,\N
06mv6,"Paulino, Engel",CF,MIL,\N,"[""paulino engel""]",\N,\N,\N,\N,\N,\N
05jqp,"Kavadas, Niko",1B,LAA,\N,"[""kavadas niko""]",\N,\N,\N,\N,\N,\N
05js2,"Calabrese, David",LF,TOR,\N,"[""calabrese david""]",\N,\N,\N,\N,\N,\N
06mv3,"Roberts Jr., Kevin",CF,BAL,\N,"[""roberts jr kevin""]",\N,\N,\N,\N,\N,\N
05js3,"Harrison, Kyle",SP,MIL,\N,"[""harrison kyle""]",\N,\N,\N,\N,\N,\N
05jqq,"Erla, Mason",RP,LAA,\N,"[""erla mason""]",\N,\N,\N,\N,\N,\N
06mv4,"Sosa, Anthony",1B,(N/A),\N,"[""sosa anthony""]",\N,\N,\N,\N,\N,\N
05jqn,"Moreno, Koen",RP,CHC,\N,"[""moreno koen""]",\N,\N,\N,\N,\N,\N
06mv1,"Torres, Andres",C,TB,\N,"[""torres andres""]",\N,\N,\N,\N,\N,\N
05jqo,"Bruno, Ryan",RP,ARI,\N,"[""bruno ryan""]",\N,\N,\N,\N,\N,\N
06mv2,"Daigle, Ace",1B,(N/A),\N,"[""daigle ace""]",\N,\N,\N,\N,\N,\N
05jql,"Vukovich, A.J.",LF,ARI,\N,"[""vukovich a j""]",\N,\N,\N,\N,\N,\N
05jqm,"Palmer, Trent",P,(N/A),\N,"[""palmer trent""]",\N,\N,\N,\N,\N,\N
06mv0,"Araujo, Juan",2B,(N/A),\N,"[""araujo juan""]",\N,\N,\N,\N,\N,\N
05jqj,"Leftwich, Jack",RP,CLE,\N,"[""leftwich jack""]",\N,\N,\N,\N,\N,\N
05jqk,"Seymour, Carson",RP,SF,\N,"[""seymour carson""]",\N,\N,\N,\N,\N,\N
05jqh,"Roby, Tekoah",SP,STL,\N,"[""roby tekoah""]",\N,\N,\N,\N,\N,\N
05jqi,"Whitcomb, Shay",2B,SF,\N,"[""whitcomb shay""]",\N,\N,\N,\N,\N,\N
05jqg,"Infante, Sammy",3B,(N/A),\N,"[""infante sammy""]",\N,\N,\N,\N,\N,\N
05jqd,"Grissom Jr., Marquis",RP,WSH,\N,"[""grissom jr marquis""]",\N,\N,\N,\N,\N,\N
05jqe,"Hitt, Grayson",RP,(N/A),\N,"[""hitt grayson""]",\N,\N,\N,\N,\N,\N
05jqb,"Ondina, Steven",LF,(N/A),\N,"[""ondina steven""]",\N,\N,\N,\N,\N,\N
057n1,"Pino, Yassel",1B,(N/A),\N,"[""pino yassel""]",\N,\N,\N,\N,\N,\N
057n0,"Nunez, Anthony",RP,BAL,\N,"[""nunez anthony""]",\N,\N,\N,\N,\N,\N
03djz,"Bracho, Silvino",RP,(N/A),\N,"[""bracho silvino""]",\N,\N,\N,\N,\N,\N
031fj,"Speier, Gabe",RP,SEA,\N,"[""speier gabe""]",\N,\N,\N,\N,\N,\N
04xon,"Vavra, Terrin",RF,BAL,\N,"[""vavra terrin""]",\N,\N,\N,\N,\N,\N
05jpy,"Swiney, Nick",RP,(N/A),\N,"[""swiney nick""]",\N,\N,\N,\N,\N,\N
06msz,"Gonzalez, Christian",RF,CHW,\N,"[""gonzalez christian""]",\N,\N,\N,\N,\N,\N
05jpw,"Warren, Zavier",1B,(N/A),\N,"[""warren zavier""]",\N,\N,\N,\N,\N,\N
06msx,"Moscote, Isaac",2B,(N/A),\N,"[""moscote isaac""]",\N,\N,\N,\N,\N,\N
05jpx,"Hence, Tink",RP,STL,\N,"[""hence tink""]",\N,\N,\N,\N,\N,\N
06msy,"Rodriguez, Jesus",LF,(N/A),\N,[],\N,\N,\N,\N,\N,\N
05jpu,"Susac, Daniel",C,SF,\N,"[""susac daniel""]",\N,\N,\N,\N,\N,\N
05jpv,"Zabala, Mario",RP,SD,\N,"[""zabala mario""]",\N,\N,\N,\N,\N,\N
05jr8,"Fristoe, Jackson",RP,NYY,\N,"[""fristoe jackson""]",\N,\N,\N,\N,\N,\N
05jr5,"Dunn, Blake",LF,CIN,\N,"[""dunn blake""]",\N,\N,\N,\N,\N,\N
05jr6,"Seminaris, Adam",SP,PHI,\N,"[""seminaris adam""]",\N,\N,\N,\N,\N,\N
05jpt,"Waddell, Luke",SS,ATL,\N,"[""waddell luke""]",\N,\N,\N,\N,\N,\N
05jr3,"Teter, Jacob",1B,(N/A),\N,"[""teter jacob""]",\N,\N,\N,\N,\N,\N
05jpq,"Glowenke, Jimmy",SS,(N/A),\N,"[""glowenke jimmy""]",\N,\N,\N,\N,\N,\N
05jpr,"Foster, Cole",3B,(N/A),\N,"[""foster cole""]",\N,\N,\N,\N,\N,\N
05jr4,"Birdsell, Brandon",SP,CHC,\N,"[""birdsell brandon""]",\N,\N,\N,\N,\N,\N
05jpo,"Frasso, Nick",RP,COL,\N,"[""frasso nick""]",\N,\N,\N,\N,\N,\N
05jr2,"Dunham, Elijah",RF,LAA,\N,"[""dunham elijah""]",\N,\N,\N,\N,\N,\N
05jpp,"Wohlgemuth, Nate",RP,(N/A),\N,"[""wohlgemuth nate""]",\N,\N,\N,\N,\N,\N
05jpm,"Reilly, Patrick",SP,BAL,\N,"[""reilly patrick""]",\N,\N,\N,\N,\N,\N
03dji,"Davis, Austin",RP,(N/A),\N,"[""davis austin""]",\N,\N,\N,\N,\N,\N
05jr0,"Burleson, Alec",1B,STL,\N,"[""burleson alec""]",\N,\N,\N,\N,\N,\N
05jpn,"Emanuels, Stevie",RP,ATH,\N,"[""emanuels stevie""]",\N,\N,\N,\N,\N,\N
05jpk,"Boyle, Joe",SP,TB,\N,"[""boyle joe""]",\N,\N,\N,\N,\N,\N
031ey,"Lauer, Eric",SP,LAD,\N,"[""lauer eric""]",\N,\N,\N,\N,\N,\N
05jpl,"Bonnin, Bryce",RP,(N/A),\N,"[""bonnin bryce""]",\N,\N,\N,\N,\N,\N
03djk,"Houck, Tanner",SP,BOS,\N,"[""houck tanner""]",\N,\N,\N,\N,\N,\N
031ez,"Fry, Paul",RP,(N/A),\N,"[""fry paul""]",\N,\N,\N,\N,\N,\N
03dfa,"Scott, Tanner",RP,LAD,\N,"[""scott tanner""]",\N,\N,\N,\N,\N,\N
031c2,"Graveman, Kendall",RP,(N/A),\N,"[""graveman kendall""]",\N,\N,\N,\N,\N,\N
031c4,"Mancini, Trey",1B,(N/A),\N,"[""mancini trey""]",\N,\N,\N,\N,\N,\N
03dez,"Allen, Greg",CF,(N/A),\N,"[""allen greg""]",\N,\N,\N,\N,\N,\N
03deu,"Stewart, Brock",RP,LAD,\N,"[""stewart brock""]",\N,\N,\N,\N,\N,\N
03dg7,"Slater, Austin",LF,TB,\N,"[""slater austin""]",\N,\N,\N,\N,\N,\N
06o0y,"Corniel, Enmanuel",CF,BAL,\N,"[""corniel enmanuel""]",\N,\N,\N,\N,\N,\N
03dg6,"OKeefe, Brian",C,(N/A),\N,"[""okeefe brian""]",\N,\N,\N,\N,\N,\N
06o0z,"Chirinos, Frainner",3B,BAL,\N,"[""chirinos frainner""]",\N,\N,\N,\N,\N,\N
03dew,"Leibrandt, Brandon",SP,CIN,\N,"[""leibrandt brandon""]",\N,\N,\N,\N,\N,\N
06o0w,"Garcia, Angel",RF,BAL,\N,[],\N,\N,\N,\N,\N,\N
06o0x,"Espinoza, Luis",SP,BAL,\N,"[""espinoza luis""]",\N,\N,\N,\N,\N,\N
06o0u,"Valenzuela, Cleudis",2B,(N/A),\N,"[""valenzuela cleudis""]",\N,\N,\N,\N,\N,\N
06o0v,"Santos, Victor",SP,BAL,\N,[],\N,\N,\N,\N,\N,\N
06mp5,"Peguero, Jhoan",RF,BOS,\N,"[""peguero jhoan""]",\N,\N,\N,\N,\N,\N
06o0s,"Revierre, Peson",LF,(N/A),\N,"[""revierre peson""]",\N,\N,\N,\N,\N,\N
06o0t,"Mendez, Franyer",SP,CIN,\N,"[""mendez franyer""]",\N,\N,\N,\N,\N,\N
06o0q,"Arias, Wander",RP,(N/A),\N,"[""arias wander""]",\N,\N,\N,\N,\N,\N
06o0r,"Torres, Stharlin",SP,CIN,\N,"[""torres stharlin""]",\N,\N,\N,\N,\N,\N
03deo,"Merryweather, Julian",RP,MIN,\N,"[""merryweather julian""]",\N,\N,\N,\N,\N,\N
06mno,"Sena, Reidis",RP,BOS,\N,"[""sena reidis""]",\N,\N,\N,\N,\N,\N
06o0o,"Myers, Noah",LF,TB,\N,"[""myers noah""]",\N,\N,\N,\N,\N,\N
06mnp,"Rodriguez, Rainiel",C,STL,\N,"[""rodriguez rainiel""]",\N,\N,\N,\N,\N,\N
06o0p,"Sanchez, Gregory",SP,COL,\N,"[""sanchez gregory""]",\N,\N,\N,\N,\N,\N
03dei,"Thomas, Lane",CF,ATL,\N,"[""thomas lane""]",\N,\N,\N,\N,\N,\N
06o0m,"Heredia, Nathanael",RP,(N/A),\N,"[""heredia nathanael""]",\N,\N,\N,\N,\N,\N
03deh,"Padlo, Kevin",1B,(N/A),\N,"[""padlo kevin""]",\N,\N,\N,\N,\N,\N
06o0n,"Corobo, Luis",C,MIL,\N,"[""corobo luis""]",\N,\N,\N,\N,\N,\N
06mnk,"Lewis, Tyson",3B,CIN,\N,"[""lewis tyson""]",\N,\N,\N,\N,\N,\N
06o0k,"Hernandez, Melvin",SP,MIL,\N,"[""hernandez melvin""]",\N,\N,\N,\N,\N,\N
06o0l,"Trimble, Fenwick",CF,MIA,\N,"[""trimble fenwick""]",\N,\N,\N,\N,\N,\N
06mnl,"Sanford, Wyatt",SS,PIT,\N,"[""sanford wyatt""]",\N,\N,\N,\N,\N,\N
031b4,"Wade, Tyler",SS,(N/A),\N,"[""wade tyler""]",\N,\N,\N,\N,\N,\N
06mni,"Levonas, Chris",SP,(N/A),\N,"[""levonas chris""]",\N,\N,\N,\N,\N,\N
06o0i,"Arellan, Derek",RP,(N/A),\N,"[""arellan derek""]",\N,\N,\N,\N,\N,\N
03ded,"Coonrod, Sam",RP,(N/A),\N,"[""coonrod sam""]",\N,\N,\N,\N,\N,\N
06mnj,"Burkholder, Griffin",RF,PHI,\N,"[""burkholder griffin""]",\N,\N,\N,\N,\N,\N
03deg,"Steele, Justin",SP,CHC,\N,"[""steele justin""]",\N,\N,\N,\N,\N,\N
031b6,"Reinheimer, Jack",SS,(N/A),\N,"[""reinheimer jack""]",\N,\N,\N,\N,\N,\N
06o0g,"Campos, Ryan",C,STL,\N,"[""campos ryan""]",\N,\N,\N,\N,\N,\N
06mng,"Whitney, Dax",SP,(N/A),\N,"[""whitney dax""]",\N,\N,\N,\N,\N,\N
07a39,"Mendieta, Yamir",OF,ARI,\N,"[""mendieta yamir""]",\N,\N,\N,\N,\N,\N
06mnh,"Hill, Dasan",SP,TOR,\N,"[""hill dasan""]",\N,\N,\N,\N,\N,\N
06o0h,"Escudero, Luis",2B,NYY,\N,"[""escudero luis""]",\N,\N,\N,\N,\N,\N
06o0e,"Dinges, Marco",C,MIL,\N,"[""dinges marco""]",\N,\N,\N,\N,\N,\N
06mne,"Dickerson, Luke",SS,WSH,\N,"[""dickerson luke""]",\N,\N,\N,\N,\N,\N
07a37,"Nieto, Angel",C,PIT,\N,"[""nieto angel""]",\N,\N,\N,\N,\N,\N
06o0f,"Rynders, Eddie",3B,PIT,\N,"[""rynders eddie""]",\N,\N,\N,\N,\N,\N
06mnf,"Meccage, Bryce",SP,MIL,\N,"[""meccage bryce""]",\N,\N,\N,\N,\N,\N
07a38,"Fernandez, Harley",RP,(N/A),\N,"[""fernandez harley""]",\N,\N,\N,\N,\N,\N
03dec,"Altavilla, Dan",RP,MIN,\N,"[""altavilla dan""]",\N,\N,\N,\N,\N,\N
031b2,"Heim, Jonah",C,ATH,\N,"[""heim jonah""]",\N,\N,\N,\N,\N,\N
06o0c,"Mitchell, Nick",CF,WSH,\N,"[""mitchell nick""]",\N,\N,\N,\N,\N,\N
031b3,"Kiner-Falefa, Isiah",SS,BOS,\N,"[""kiner falefa isiah""]",\N,\N,\N,\N,\N,\N
06o0d,"Candiotti, Clark",SP,SD,\N,"[""candiotti clark""]",\N,\N,\N,\N,\N,\N
"10160#50",Team,Tm,\N,\N,[],\N,\N,\N,\N,\N,\N
06o0a,"Stuhr, Sam",SP,ATH,\N,"[""stuhr sam""]",\N,\N,\N,\N,\N,\N
06o0b,"Diaz, Randal",2B,BAL,\N,"[""diaz randal""]",\N,\N,\N,\N,\N,\N
06mmz,"Medina, Roberto",RP,TB,\N,"[""medina roberto""]",\N,\N,\N,\N,\N,\N
06mmx,"Caceres, Juneiker",RF,CLE,\N,"[""caceres juneiker""]",\N,\N,\N,\N,\N,\N
06mmy,"Quiroz, Alexi",C,HOU,\N,"[""quiroz alexi""]",\N,\N,\N,\N,\N,\N
06mmw,"Herrera, Javier",LF,LAD,\N,"[""herrera javier""]",\N,\N,\N,\N,\N,\N
03df2,"Cease, Dylan",SP,TOR,\N,"[""cease dylan""]",\N,\N,\N,\N,\N,\N
06mmt,"Morillo, Jirvin",C,CIN,\N,"[""morillo jirvin""]",\N,\N,\N,\N,\N,\N
06mmu,"Ozuna, Sandy",SP,COL,\N,"[""ozuna sandy""]",\N,\N,\N,\N,\N,\N
04ggs,"Gray, Joe",CF,(N/A),\N,"[""gray joe""]",\N,\N,\N,\N,\N,\N
06o14,"Bonaci, Yander",RP,BOS,\N,"[""bonaci yander""]",\N,\N,\N,\N,\N,\N
04ggr,"Kelenic, Jarred",LF,NYY,\N,"[""kelenic jarred""]",\N,\N,\N,\N,\N,\N
06mms,"Tavares, Carlos",1B,WSH,\N,"[""tavares carlos""]",\N,\N,\N,\N,\N,\N
06o12,"Duran, Julian",RP,(N/A),\N,"[""duran julian""]",\N,\N,\N,\N,\N,\N
06mmp,"Felix, Eddy",SP,DET,\N,"[""felix eddy""]",\N,\N,\N,\N,\N,\N
06o13,"Alejo, Frailin",RP,(N/A),\N,"[""alejo frailin""]",\N,\N,\N,\N,\N,\N
06mmq,"Keaney, Daniel",RP,TEX,\N,"[""keaney daniel""]",\N,\N,\N,\N,\N,\N
03df0,"Trevino, Jose",C,CIN,\N,"[""trevino jose""]",\N,\N,\N,\N,\N,\N
06mmn,"Bello, Jose",RP,BOS,\N,"[""bello jose""]",\N,\N,\N,\N,\N,\N
06o10,"Campusano, Hector",2B,BAL,\N,"[""campusano hector""]",\N,\N,\N,\N,\N,\N
06mmo,"Bartolozzi, Javier",RP,LAD,\N,"[""bartolozzi javier""]",\N,\N,\N,\N,\N,\N
06o11,"Pena, Ezequiel",2B,CHC,\N,"[""pena ezequiel""]",\N,\N,\N,\N,\N,\N
04ggi,"Kittredge, Andrew",RP,BAL,\N,"[""kittredge andrew""]",\N,\N,\N,\N,\N,\N
04ggh,"Finol, Claudio",3B,(N/A),\N,"[""finol claudio""]",\N,\N,\N,\N,\N,\N
06mmm,"Zambrano, Diorland",1B,CIN,\N,"[""zambrano diorland""]",\N,\N,\N,\N,\N,\N
04gge,"Cedeno, Leandro",1B,(N/A),\N,"[""cedeno leandro""]",\N,\N,\N,\N,\N,\N
031cs,"Wynns, Austin",C,CHC,\N,"[""wynns austin""]",\N,\N,\N,\N,\N,\N
"10160#40",Team Pitching,TmP,\N,\N,[],\N,\N,\N,\N,\N,\N
031ce,"Pannone, Thomas",SP,MIL,\N,"[""pannone thomas""]",\N,\N,\N,\N,\N,\N
06mpy,"Lim, Christian",SP,(N/A),\N,"[""lim christian""]",\N,\N,\N,\N,\N,\N
06mpz,"Rodriguez, Tyler",LF,MIL,\N,"[""rodriguez tyler""]",\N,\N,\N,\N,\N,\N
06mpw,"Quezada, Yunior",CF,LAD,\N,"[""quezada yunior""]",\N,\N,\N,\N,\N,\N
06mpx,"Rose, Zion",CF,KC,\N,"[""rose zion""]",\N,\N,\N,\N,\N,\N
06mpu,"Belyeu, Max",RF,COL,\N,"[""belyeu max""]",\N,\N,\N,\N,\N,\N
03di6,"Romano, Jordan",RP,COL,\N,"[""romano jordan""]",\N,\N,\N,\N,\N,\N
031cd,"Garver, Mitch",C,NYY,\N,"[""garver mitch""]",\N,\N,\N,\N,\N,\N
06mpv,"Pinto, Avinson",SS,BOS,\N,"[""pinto avinson""]",\N,\N,\N,\N,\N,\N
03di1,"Gage, Matt",RP,SF,\N,"[""gage matt""]",\N,\N,\N,\N,\N,\N
06mps,"Houston, Marek",SS,MIN,\N,"[""houston marek""]",\N,\N,\N,\N,\N,\N
06mpt,"Sdao, Shane",RP,NYM,\N,"[""sdao shane""]",\N,\N,\N,\N,\N,\N
03dgq,"OHearn, Ryan",1B,PIT,\N,"[""ohearn ryan""]",\N,\N,\N,\N,\N,\N
06mpq,"Zeglin, Nico",RP,HOU,\N,"[""zeglin nico""]",\N,\N,\N,\N,\N,\N
06mpr,"Summerhill, Brendan",CF,TB,\N,"[""summerhill brendan""]",\N,\N,\N,\N,\N,\N
03dgk,"McWilliams, Sam",RP,BOS,\N,"[""mcwilliams sam""]",\N,\N,\N,\N,\N,\N
06mpo,"Joseph, Elison",RP,ATL,\N,"[""joseph elison""]",\N,\N,\N,\N,\N,\N
06mpm,"Ortuno, Juan",2B,MIL,\N,"[""ortuno juan""]",\N,\N,\N,\N,\N,\N
06mpn,"Cedano, Edward",RP,ATL,\N,"[""cedano edward""]",\N,\N,\N,\N,\N,\N
06mpk,"Ponce, Eduardo",C,SEA,\N,"[""ponce eduardo""]",\N,\N,\N,\N,\N,\N
06mpl,"Cazarez, Juan",SP,SEA,\N,"[""cazarez juan""]",\N,\N,\N,\N,\N,\N
06mpi,"Winfield, Easton",LF,(N/A),\N,"[""winfield easton""]",\N,\N,\N,\N,\N,\N
03dgh,"Garrett, Stone",LF,(N/A),\N,"[""garrett stone""]",\N,\N,\N,\N,\N,\N
031d9,"Trivino, Lou",RP,PHI,\N,"[""trivino lou""]",\N,\N,\N,\N,\N,\N
06mpj,"Beidelschies, Landon",SP,ATL,\N,"[""beidelschies landon""]",\N,\N,\N,\N,\N,\N
07a3w,"Rodriguez, Jeanfranco",C,SD,\N,"[""rodriguez jeanfranco""]",\N,\N,\N,\N,\N,\N
031d3,"Brentz, Jake",RP,(N/A),\N,"[""brentz jake""]",\N,\N,\N,\N,\N,\N
06mph,"Eyanson, Anthony",SP,BAL,\N,"[""eyanson anthony""]",\N,\N,\N,\N,\N,\N
031d4,"Littell, Zack",SP,ARI,\N,"[""littell zack""]",\N,\N,\N,\N,\N,\N
07a3u,"Rodriguez, Dennison",SP,PIT,\N,"[""rodriguez dennison""]",\N,\N,\N,\N,\N,\N
07a3v,"Gomez, Johan",C,CHC,\N,"[""gomez johan""]",\N,\N,\N,\N,\N,\N
031bl,"Finnegan, Kyle",RP,DET,\N,"[""finnegan kyle""]",\N,\N,\N,\N,\N,\N
031bm,"Nottingham, Jacob",C,SEA,\N,"[""nottingham jacob""]",\N,\N,\N,\N,\N,\N
07a3t,"De Leon, Alvin",RP,CHC,\N,"[""de leon alvin""]",\N,\N,\N,\N,\N,\N
"10160#30",Team Hitting,TmH,\N,\N,[],\N,\N,\N,\N,\N,\N
031bn,"Navarreto, Brian",C,MIA,\N,"[""navarreto brian""]",\N,\N,\N,\N,\N,\N
06mpb,"Thomas, Jared",LF,COL,\N,[],\N,\N,\N,\N,\N,\N
06mox,"De Leon, Edgardo",1B,MIA,\N,"[""de leon edgardo""]",\N,\N,\N,\N,\N,\N
07a3e,"Mendoza, Eliecer",C,MIA,\N,"[""mendoza eliecer""]",\N,\N,\N,\N,\N,\N
06mq7,"Morillo, Dariel",SP,DET,\N,"[""morillo dariel""]",\N,\N,\N,\N,\N,\N
07a3f,"De Leon, Victor",SP,NYY,\N,"[""de leon victor""]",\N,\N,\N,\N,\N,\N
06mq4,"Rubi, Reykelly",RP,(N/A),\N,"[""rubi reykelly""]",\N,\N,\N,\N,\N,\N
07a3c,"Concepcion, Yadier",SP,CHC,\N,"[""concepcion yadier""]",\N,\N,\N,\N,\N,\N
06mq5,"Suarez, Orlando",SP,CHW,\N,"[""suarez orlando""]",\N,\N,\N,\N,\N,\N
07a3d,"Miranda, Jorge",RP,PHI,\N,"[""miranda jorge""]",\N,\N,\N,\N,\N,\N
07a3a,"Fuentes, Yadier",C,NYM,\N,"[""fuentes yadier""]",\N,\N,\N,\N,\N,\N
06mq3,"Navarro, Reinold",SP,PIT,\N,"[""navarro reinold""]",\N,\N,\N,\N,\N,\N
07a3b,"Pereira, Darren",RP,ATL,\N,"[""pereira darren""]",\N,\N,\N,\N,\N,\N
06mq0,"Yokoyama, Seiya",SS,(N/A),\N,"[""yokoyama seiya""]",\N,\N,\N,\N,\N,\N
05jn0,"Del Castillo, Adrian",C,ARI,\N,"[""del castillo adrian""]",\N,\N,\N,\N,\N,\N
031au,"Murphy, Patrick",RP,(N/A),\N,"[""murphy patrick""]",\N,\N,\N,\N,\N,\N
031av,"Middleton, Keynan",RP,(N/A),\N,"[""middleton keynan""]",\N,\N,\N,\N,\N,\N
043ny,"Perez, Hector",RP,(N/A),\N,"[""perez hector""]",\N,\N,\N,\N,\N,\N
03v3t,"Garlick, Kyle",LF,(N/A),\N,"[""garlick kyle""]",\N,\N,\N,\N,\N,\N
05zy8,"McElvain, Chris",SP,TOR,\N,"[""mcelvain chris""]",\N,\N,\N,\N,\N,\N
05zy9,"Ramirez, Luis",RP,TEX,\N,"[""ramirez luis""]",\N,\N,\N,\N,\N,\N
04y6o,"Zuniga, Guillo",RP,NYM,\N,"[""zuniga guillo""]",\N,\N,\N,\N,\N,\N
05k7s,"Cruz, Armando",2B,(N/A),\N,"[""cruz armando""]",\N,\N,\N,\N,\N,\N
06lz2,"Dickinson, Daniel",2B,MIL,\N,"[""dickinson daniel""]",\N,\N,\N,\N,\N,\N
0582y,"Morales, Jeferson",LF,(N/A),\N,"[""morales jeferson""]",\N,\N,\N,\N,\N,\N
04y76,"Webb, Jacob",RP,CHC,\N,[],\N,\N,\N,\N,\N,\N
04y79,"Mesa Jr., Victor",CF,TB,\N,"[""mesa jr victor""]",\N,\N,\N,\N,\N,\N
04y78,"Waguespack, Jacob",RP,DET,\N,"[""waguespack jacob""]",\N,\N,\N,\N,\N,\N
05ity,"Rivas, Javier",SS,PIT,\N,"[""rivas javier""]",\N,\N,\N,\N,\N,\N
05itv,"Veloz, Manuel",RP,(N/A),\N,"[""veloz manuel""]",\N,\N,\N,\N,\N,\N
05itw,"Diaz, Kelvin",2B,(N/A),\N,[],\N,\N,\N,\N,\N,\N
043r7,"Ferguson, Caleb",RP,STL,\N,"[""ferguson caleb""]",\N,\N,\N,\N,\N,\N
04y8z,"Miller, Erik",RP,BOS,\N,"[""miller erik""]",\N,\N,\N,\N,\N,\N
05zyb,"White, Josh",RP,MIA,\N,"[""white josh""]",\N,\N,\N,\N,\N,\N
05zyc,"Money, Blake",SP,BAL,\N,"[""money blake""]",\N,\N,\N,\N,\N,\N
05zya,"Harrington, Thomas",RP,PIT,\N,"[""harrington thomas""]",\N,\N,\N,\N,\N,\N
04y98,"Shenton, Austin",3B,(N/A),\N,"[""shenton austin""]",\N,\N,\N,\N,\N,\N
04y7y,"Rees, Jackson",SP,(N/A),\N,"[""rees jackson""]",\N,\N,\N,\N,\N,\N
04y95,"Bleday, JJ",CF,CIN,\N,"[""bleday jj""]",\N,\N,\N,\N,\N,\N
04y94,"DeLuca, Jonny",CF,TB,\N,"[""deluca jonny""]",\N,\N,\N,\N,\N,\N
04y97,"Stowers, Kyle",LF,MIA,\N,"[""stowers kyle""]",\N,\N,\N,\N,\N,\N
04y96,"Holland, Will",SS,(N/A),\N,"[""holland will""]",\N,\N,\N,\N,\N,\N
04y7p,"Fernandez, Eduarqui",RF,(N/A),\N,"[""fernandez eduarqui""]",\N,\N,\N,\N,\N,\N
04y7b,"Malone, Brennan",RP,(N/A),\N,"[""malone brennan""]",\N,\N,\N,\N,\N,\N
06lw0,"Knowles, Nate",SP,TB,\N,"[""knowles nate""]",\N,\N,\N,\N,\N,\N
04y44,"Jung, Josh",3B,TEX,\N,"[""jung josh""]",\N,\N,\N,\N,\N,\N
06luc,"Dreyer, Jack",RP,LAD,\N,"[""dreyer jack""]",\N,\N,\N,\N,\N,\N
03to4,"Avila, Pedro",SP,(N/A),\N,"[""avila pedro""]",\N,\N,\N,\N,\N,\N
04y45,"Fletcher, Dominic",RF,CIN,\N,"[""fletcher dominic""]",\N,\N,\N,\N,\N,\N
05k3i,"Bruihl, Justin",RP,STL,\N,"[""bruihl justin""]",\N,\N,\N,\N,\N,\N
06lth,"van den Brink, Gijs",SP,KC,\N,"[""van den brink gijs""]",\N,\N,\N,\N,\N,\N
06ltf,"Bohorquez, Adrian",SP,MIN,\N,"[""bohorquez adrian""]",\N,\N,\N,\N,\N,\N
06ltg,"Eeles, Payton",2B,BAL,\N,"[""eeles payton""]",\N,\N,\N,\N,\N,\N
06lte,"Miller, Ryan",RP,COL,\N,"[""miller ryan""]",\N,\N,\N,\N,\N,\N
06lta,"Fernandez, Richard",RP,(N/A),\N,"[""fernandez richard""]",\N,\N,\N,\N,\N,\N
06lu6,"Saladin, Darlin",SP,STL,\N,"[""saladin darlin""]",\N,\N,\N,\N,\N,\N
043ia,"Morejon, Adrian",RP,SD,\N,"[""morejon adrian""]",\N,\N,\N,\N,\N,\N
"10070#30",Team Hitting,TmH,\N,\N,[],\N,\N,\N,\N,\N,\N
06lwm,"Liriano, Raily",CF,ARI,\N,"[""liriano raily""]",\N,\N,\N,\N,\N,\N
06lwn,"Cijntje, Nathanael",CF,PHI,\N,"[""cijntje nathanael""]",\N,\N,\N,\N,\N,\N
06lwk,"Medina, Alver",3B,(N/A),\N,"[""medina alver""]",\N,\N,\N,\N,\N,\N
06lwl,"Marmolejos, Eddy",3B,WSH,\N,"[""marmolejos eddy""]",\N,\N,\N,\N,\N,\N
06lwi,"Dickson, Jose",SS,DET,\N,"[""dickson jose""]",\N,\N,\N,\N,\N,\N
04fqi,"Valera, George",RF,CLE,\N,"[""valera george""]",\N,\N,\N,\N,\N,\N
06lwj,"Urbina, Nestor",DH,TOR,\N,"[""urbina nestor""]",\N,\N,\N,\N,\N,\N
06lwg,"Familia, Jose",SS,(N/A),\N,"[""familia jose""]",\N,\N,\N,\N,\N,\N
06lwh,"Fermin, Anderson",CF,BOS,\N,"[""fermin anderson""]",\N,\N,\N,\N,\N,\N
05itd,"Mercedes, Manuel",SP,SF,\N,"[""mercedes manuel""]",\N,\N,\N,\N,\N,\N
06lwe,"Leal, Victor",C,MIN,\N,"[""leal victor""]",\N,\N,\N,\N,\N,\N
06lwf,"Mella, Leandy",LF,DET,\N,"[""mella leandy""]",\N,\N,\N,\N,\N,\N
05itb,"Vasquez, Randy",SP,SD,\N,"[""vasquez randy""]",\N,\N,\N,\N,\N,\N
05ita,"Mena, Cristian",RP,ARI,\N,"[""mena cristian""]",\N,\N,\N,\N,\N,\N
06n8y,"Willits, Eli",SS,WSH,\N,"[""willits eli""]",\N,\N,\N,\N,\N,\N
04y4e,"Carroll, Corbin",RF,ARI,\N,"[""carroll corbin""]",\N,\N,\N,\N,\N,\N
06lvo,"Ramon, Eriandys",SS,CHC,\N,"[""ramon eriandys""]",\N,\N,\N,\N,\N,\N
06lvd,"Mejia, Esteban",3B,TEX,\N,[],\N,\N,\N,\N,\N,\N
05it8,"Feliz, Cristian",RF,(N/A),\N,"[""feliz cristian""]",\N,\N,\N,\N,\N,\N
05it9,"Zulueta, Yosver",RP,BAL,\N,"[""zulueta yosver""]",\N,\N,\N,\N,\N,\N
04fq2,"Assad, Javier",SP,CHC,\N,"[""assad javier""]",\N,\N,\N,\N,\N,\N
06mbq,"Velasquez, Luis",RP,NYY,\N,"[""velasquez luis""]",\N,\N,\N,\N,\N,\N
06mbr,"Bain, J.T.",RF,TOR,\N,"[""bain j t""]",\N,\N,\N,\N,\N,\N
06mbp,"Martinez, Larry",1B,TB,\N,"[""martinez larry""]",\N,\N,\N,\N,\N,\N
06max,"Garcia, Juan",C,(N/A),\N,[],\N,\N,\N,\N,\N,\N
06may,"Hernandez, Yandro",RF,(N/A),\N,"[""hernandez yandro""]",\N,\N,\N,\N,\N,\N
06mav,"Tovar, Pedro",RF,BAL,\N,"[""tovar pedro""]",\N,\N,\N,\N,\N,\N
06maw,"Cardenas, Anderson",RP,ARI,\N,"[""cardenas anderson""]",\N,\N,\N,\N,\N,\N
06mc2,"Estevez, Samuel",LF,MIA,\N,"[""estevez samuel""]",\N,\N,\N,\N,\N,\N
06maq,"Paulino, Enzo",1B,(N/A),\N,"[""paulino enzo""]",\N,\N,\N,\N,\N,\N
06mc3,"Allen, Iverson",LF,PIT,\N,"[""allen iverson""]",\N,\N,\N,\N,\N,\N
06man,"Rodriguez, Aneuris",RP,(N/A),\N,"[""rodriguez aneuris""]",\N,\N,\N,\N,\N,\N
06mc1,"Gibson, Trey",SP,BAL,\N,"[""gibson trey""]",\N,\N,\N,\N,\N,\N
06mf9,"Reyes, Elvis",RP,(N/A),\N,"[""reyes elvis""]",\N,\N,\N,\N,\N,\N
06mdo,"Licourt, Yorman",RF,TOR,\N,"[""licourt yorman""]",\N,\N,\N,\N,\N,\N
06mdm,"Brown, Juan",RF,CIN,\N,"[""brown juan""]",\N,\N,\N,\N,\N,\N
06mdn,"Lopez, Jose",RP,(N/A),\N,[],\N,\N,\N,\N,\N,\N
06mf0,"Martinez, Jaset",1B,CIN,\N,"[""martinez jaset""]",\N,\N,\N,\N,\N,\N
06mdk,"Ortiz, JeanPierre",RP,CIN,\N,"[""ortiz jeanpierre""]",\N,\N,\N,\N,\N,\N
06mdl,"Ortiz, Nicolas",C,(N/A),\N,"[""ortiz nicolas""]",\N,\N,\N,\N,\N,\N
06mdg,"Garcia, Junior",CF,ATL,\N,"[""garcia junior""]",\N,\N,\N,\N,\N,\N
06mdh,"Hechavarria, Silvano",SP,TOR,\N,"[""hechavarria silvano""]",\N,\N,\N,\N,\N,\N
06mdb,"Portorreal, Leuris",SP,WSH,\N,"[""portorreal leuris""]",\N,\N,\N,\N,\N,\N
"10070#40",Team Pitching,TmP,\N,\N,[],\N,\N,\N,\N,\N,\N
030ud,"Jimenez, Eloy",RF,TOR,\N,"[""jimenez eloy""]",\N,\N,\N,\N,\N,\N
06me8,"Mercedes, Abel",RP,ATH,\N,"[""mercedes abel""]",\N,\N,\N,\N,\N,\N
06me9,"Tejada, Oliver",RF,SF,\N,"[""tejada oliver""]",\N,\N,\N,\N,\N,\N
06me6,"Anderson, Jose",CF,MIL,\N,"[""anderson jose""]",\N,\N,\N,\N,\N,\N
030uc,"Devers, Rafael",DH,SF,\N,"[""devers rafael""]",\N,\N,\N,\N,\N,\N
06me7,"Brito, Anderson",SP,TB,\N,"[""brito anderson""]",\N,\N,\N,\N,\N,\N
0326s,"Marte, Ketel",2B,ARI,\N,"[""marte ketel""]",\N,\N,\N,\N,\N,\N
06mcd,"Gonzalez, Jose",SP,LAA,\N,[],\N,\N,\N,\N,\N,\N
06mcb,"Ferrebus, Alirio",C,PHI,\N,"[""ferrebus alirio""]",\N,\N,\N,\N,\N,\N
06mcc,"Fajardo, Yhoiker",SP,STL,\N,"[""fajardo yhoiker""]",\N,\N,\N,\N,\N,\N
06mca,"Carpio, Samuel",RP,MIA,\N,"[""carpio samuel""]",\N,\N,\N,\N,\N,\N
"10070#50",Team,Tm,\N,\N,[],\N,\N,\N,\N,\N,\N
069xv,"Montes De Oca, Christian",RP,(N/A),\N,"[""montes de oca christian""]",\N,\N,\N,\N,\N,\N
069xx,"Schmidt, Logan",SP,CLE,\N,"[""schmidt logan""]",\N,\N,\N,\N,\N,\N
069xw,"Urbina, Jose",SP,TB,\N,[],\N,\N,\N,\N,\N,\N
0321h,"Garcia, Luis",RP,(N/A),\N,[],\N,\N,\N,\N,\N,\N
05iyv,"Pineda, Pedro",CF,ATH,\N,"[""pineda pedro""]",\N,\N,\N,\N,\N,\N
05iyt,"Herrera, Yujanyer",SP,COL,\N,"[""herrera yujanyer""]",\N,\N,\N,\N,\N,\N
05iyp,"Baez, Henry",SP,ATH,\N,"[""baez henry""]",\N,\N,\N,\N,\N,\N
02b2k,"Poteet, Cody",SP,(N/A),\N,"[""poteet cody""]",\N,\N,\N,\N,\N,\N
05iym,"Acuna, Jose",SP,CIN,\N,"[""acuna jose""]",\N,\N,\N,\N,\N,\N
03e5m,"Reynolds, Bryan",RF,PIT,\N,"[""reynolds bryan""]",\N,\N,\N,\N,\N,\N
05iyi,"Sosa, Listher",SP,(N/A),\N,"[""sosa listher""]",\N,\N,\N,\N,\N,\N
05iyj,"Linarez, Valentin",RP,(N/A),\N,"[""linarez valentin""]",\N,\N,\N,\N,\N,\N
05iyh,"Rivas, Jeremy",SS,(N/A),\N,"[""rivas jeremy""]",\N,\N,\N,\N,\N,\N
0586v,"Arias, Dayeison",RP,(N/A),\N,"[""arias dayeison""]",\N,\N,\N,\N,\N,\N
0586u,"Franco, Sadrac",RP,SD,\N,"[""franco sadrac""]",\N,\N,\N,\N,\N,\N
04y9p,"Volpe, Anthony",SS,NYY,\N,"[""volpe anthony""]",\N,\N,\N,\N,\N,\N
04y9o,"Leiter, Jack",SP,TEX,\N,"[""leiter jack""]",\N,\N,\N,\N,\N,\N
04y9i,"Callihan, Tyler",LF,PIT,\N,"[""callihan tyler""]",\N,\N,\N,\N,\N,\N
04y9h,"Misner, Kameron",CF,PHI,\N,"[""misner kameron""]",\N,\N,\N,\N,\N,\N
04y9g,"Robertson, Will",LF,(N/A),\N,"[""robertson will""]",\N,\N,\N,\N,\N,\N
05zzf,"Cruz, Deivy",RP,(N/A),\N,"[""cruz deivy""]",\N,\N,\N,\N,\N,\N
04y9f,"Zeferjahn, Ryan",RP,CHC,\N,"[""zeferjahn ryan""]",\N,\N,\N,\N,\N,\N
04fyo,"Mauricio, Ronny",3B,NYM,\N,"[""mauricio ronny""]",\N,\N,\N,\N,\N,\N
069zn,"Knoth, Josh",SP,MIL,\N,"[""knoth josh""]",\N,\N,\N,\N,\N,\N
069zm,"Green, Landon",SP,(N/A),\N,"[""green landon""]",\N,\N,\N,\N,\N,\N
06ma4,"Ramirez, Richard",C,PIT,\N,"[""ramirez richard""]",\N,\N,\N,\N,\N,\N
06ma5,"Lunar, Darrel",SP,WSH,\N,"[""lunar darrel""]",\N,\N,\N,\N,\N,\N
04yj2,"Batista, Freuddy",C,HOU,\N,"[""batista freuddy""]",\N,\N,\N,\N,\N,\N
06nlp,"Fernandez, Ilan",3B,PHI,\N,"[""fernandez ilan""]",\N,\N,\N,\N,\N,\N
06nln,"Azocar, Enddy",CF,BAL,\N,"[""azocar enddy""]",\N,\N,\N,\N,\N,\N
06nlo,"Montesino, Rafi",CF,(N/A),\N,"[""montesino rafi""]",\N,\N,\N,\N,\N,\N
06nlm,"Teran, Efren",SS,CHW,\N,"[""teran efren""]",\N,\N,\N,\N,\N,\N
04yi8,"Jones, Spencer",CF,NYY,\N,"[""jones spencer""]",\N,\N,\N,\N,\N,\N
04yi5,"Leonard, Eddys",3B,SF,\N,"[""leonard eddys""]",\N,\N,\N,\N,\N,\N
04yi7,"Allan, Matt",SP,NYM,\N,"[""allan matt""]",\N,\N,\N,\N,\N,\N
04yi6,"Duran, Carlos",SP,KC,\N,[],\N,\N,\N,\N,\N,\N
06nkn,"Smith, Grant",SS,(N/A),\N,"[""smith grant""]",\N,\N,\N,\N,\N,\N
06nm0,"Major, Aidan",SP,CLE,\N,"[""major aidan""]",\N,\N,\N,\N,\N,\N
03vcw,"Hicks, Jordan",RP,CHW,\N,"[""hicks jordan""]",\N,\N,\N,\N,\N,\N
04yfw,"Manoah, Alek",SP,LAA,\N,"[""manoah alek""]",\N,\N,\N,\N,\N,\N
03eet,"Moncada, Yoan",3B,LAA,\N,"[""moncada yoan""]",\N,\N,\N,\N,\N,\N
06nny,"Rodriguez, Carlos",1B,(N/A),\N,[],\N,\N,\N,\N,\N,\N
04yjb,"Olivarez, Helcris",RP,(N/A),\N,"[""olivarez helcris""]",\N,\N,\N,\N,\N,\N
04yk6,"Hartlieb, Geoff",RP,ATH,\N,"[""hartlieb geoff""]",\N,\N,\N,\N,\N,\N
04yk8,"Ramos, Wilkin",RP,SF,\N,"[""ramos wilkin""]",\N,\N,\N,\N,\N,\N
04yk2,"Torkelson, Spencer",1B,DET,\N,"[""torkelson spencer""]",\N,\N,\N,\N,\N,\N
04yk5,"Guzman, Carlos",RP,NYM,\N,"[""guzman carlos""]",\N,\N,\N,\N,\N,\N
04yin,"Hernandez, Yonny",2B,NYM,\N,"[""hernandez yonny""]",\N,\N,\N,\N,\N,\N
04yih,"Goss, JJ",RP,ATH,\N,"[""goss jj""]",\N,\N,\N,\N,\N,\N
04yik,"Siani, Sammy",LF,SEA,\N,"[""siani sammy""]",\N,\N,\N,\N,\N,\N
04yij,"Cornelio, Riley",SP,WSH,\N,"[""cornelio riley""]",\N,\N,\N,\N,\N,\N
04hi6,"Canario, Alexander",LF,(N/A),\N,"[""canario alexander""]",\N,\N,\N,\N,\N,\N
04yie,"Kirby, George",SP,SEA,\N,"[""kirby george""]",\N,\N,\N,\N,\N,\N
04yid,"Nelson, Ryne",SP,ARI,\N,"[""nelson ryne""]",\N,\N,\N,\N,\N,\N
04yig,"Lee, Brooks",SS,MIN,\N,"[""lee brooks""]",\N,\N,\N,\N,\N,\N
04yif,"Strumpf, Chase",3B,(N/A),\N,"[""strumpf chase""]",\N,\N,\N,\N,\N,\N
04yia,"Wilson, Will",3B,SEA,\N,"[""wilson will""]",\N,\N,\N,\N,\N,\N
04yic,"Lugo, Matthew",CF,KC,\N,"[""lugo matthew""]",\N,\N,\N,\N,\N,\N
04yib,"Baty, Brett",3B,NYM,\N,"[""baty brett""]",\N,\N,\N,\N,\N,\N
04yj9,"Carreras, Julio",2B,CIN,\N,"[""carreras julio""]",\N,\N,\N,\N,\N,\N
04yj5,"Duran, Rodolfo",C,SD,\N,"[""duran rodolfo""]",\N,\N,\N,\N,\N,\N
04ydk,"Dimon, Dawson",C,(N/A),\N,"[""dimon dawson""]",\N,\N,\N,\N,\N,\N
04ydj,"Marte, Jose",RP,NYM,\N,"[""marte jose""]",\N,\N,\N,\N,\N,\N
04ydi,"Blanco, Ronel",SP,HOU,\N,"[""blanco ronel""]",\N,\N,\N,\N,\N,\N
04ydd,"Martinez, Angel",CF,CLE,\N,"[""martinez angel""]",\N,\N,\N,\N,\N,\N
04ydf,"Gomez, Ofreidy",RP,NYM,\N,"[""gomez ofreidy""]",\N,\N,\N,\N,\N,\N
05kel,"Polanco, Shalin",LF,PIT,\N,"[""polanco shalin""]",\N,\N,\N,\N,\N,\N
05keh,"Zamora, Freddy",SS,MIL,\N,"[""zamora freddy""]",\N,\N,\N,\N,\N,\N
04ye6,"Garcia, Eduardo",SS,MIL,\N,"[""garcia eduardo""]",\N,\N,\N,\N,\N,\N
04yco,"Larrondo, Denny",SP,(N/A),\N,"[""larrondo denny""]",\N,\N,\N,\N,\N,\N
04ycn,"Guerrero, Juan",LF,(N/A),\N,"[""guerrero juan""]",\N,\N,\N,\N,\N,\N
04ycp,"Avans, Drew",CF,COL,\N,"[""avans drew""]",\N,\N,\N,\N,\N,\N
04ycm,"Valerio, Felix",2B,(N/A),\N,"[""valerio felix""]",\N,\N,\N,\N,\N,\N
04yd8,"Pereda, Jhonny",C,SEA,\N,"[""pereda jhonny""]",\N,\N,\N,\N,\N,\N
04yd9,"Lopez, Eduardo",1B,(N/A),\N,"[""lopez eduardo""]",\N,\N,\N,\N,\N,\N
04yd0,"Ramirez, Alexander",LF,(N/A),\N,"[""ramirez alexander""]",\N,\N,\N,\N,\N,\N
04ybm,"Bernabel, Warming",1B,(N/A),\N,"[""bernabel warming""]",\N,\N,\N,\N,\N,\N
06njt,"Luna, Esteban",SP,BAL,\N,"[""luna esteban""]",\N,\N,\N,\N,\N,\N
06nl7,"Camacho, Santiago",1B,SF,\N,"[""camacho santiago""]",\N,\N,\N,\N,\N,\N
04yew,"Berroa, Steward",RF,PHI,\N,"[""berroa steward""]",\N,\N,\N,\N,\N,\N
06nk7,"Weiss, Cooper",SS,(N/A),\N,"[""weiss cooper""]",\N,\N,\N,\N,\N,\N
06nk6,"Sisneros, Cameron",1B,HOU,\N,"[""sisneros cameron""]",\N,\N,\N,\N,\N,\N
04ydt,"Koss, Christian",2B,SF,\N,"[""koss christian""]",\N,\N,\N,\N,\N,\N
04yds,"Rosario, Jerming",RP,LAD,\N,"[""rosario jerming""]",\N,\N,\N,\N,\N,\N
06nui,"Cook, Casey",2B,TEX,\N,"[""cook casey""]",\N,\N,\N,\N,\N,\N
06nuj,"Kent, Jackson",SP,WSH,\N,"[""kent jackson""]",\N,\N,\N,\N,\N,\N
06nug,"Dohm, Nate",SP,STL,\N,"[""dohm nate""]",\N,\N,\N,\N,\N,\N
032gq,"Tellez, Rowdy",1B,ATL,\N,"[""tellez rowdy""]",\N,\N,\N,\N,\N,\N
06nuh,"Randall, Josh",SP,WSH,\N,"[""randall josh""]",\N,\N,\N,\N,\N,\N
06nue,"Kuroda-Grauer, Joshua",SS,ATH,\N,"[""kuroda grauer joshua""]",\N,\N,\N,\N,\N,\N
06nuf,"Holiday, Brian",SP,STL,\N,"[""holiday brian""]",\N,\N,\N,\N,\N,\N
06p7c,"Meza, Jose",1B,LAD,\N,"[""meza jose""]",\N,\N,\N,\N,\N,\N
06nuc,"Luciano, Ivan",C,ARI,\N,"[""luciano ivan""]",\N,\N,\N,\N,\N,\N
06nud,"Miller, Gage",2B,MIA,\N,"[""miller gage""]",\N,\N,\N,\N,\N,\N
06nua,"Pitre, Emilien",2B,NYM,\N,"[""pitre emilien""]",\N,\N,\N,\N,\N,\N
05m4a,"Santana, Cristian",1B,DET,\N,[],\N,\N,\N,\N,\N,\N
06nub,"Stephen, Khal",SP,CLE,\N,"[""stephen khal""]",\N,\N,\N,\N,\N,\N
06nv7,"Figueroa, Victor",1B,BAL,\N,"[""figueroa victor""]",\N,\N,\N,\N,\N,\N
058ls,"Acosta, Jose",2B,(N/A),\N,"[""acosta jose""]",\N,\N,\N,\N,\N,\N
06p5y,"Mendez, Joel",LF,(N/A),\N,"[""mendez joel""]",\N,\N,\N,\N,\N,\N
06p5z,"Fitz-Gerald, Devin",2B,WSH,\N,"[""fitz gerald devin""]",\N,\N,\N,\N,\N,\N
06nu9,"Bell, Tyler",SS,COL,\N,"[""bell tyler""]",\N,\N,\N,\N,\N,\N
05m49,"Lee, Jung Hoo",CF,SF,\N,"[""lee jung hoo""]",\N,\N,\N,\N,\N,\N
06p5x,"Sanchez, Edwin",1B,HOU,\N,"[""sanchez edwin""]",\N,\N,\N,\N,\N,\N
06nu8,"Quintas, Cesar",RF,SEA,\N,"[""quintas cesar""]",\N,\N,\N,\N,\N,\N
05m44,"Vazquez, Daniel",SS,KC,\N,"[""vazquez daniel""]",\N,\N,\N,\N,\N,\N
06p5o,"Quinonez, Josueth",CF,DET,\N,"[""quinonez josueth""]",\N,\N,\N,\N,\N,\N
05m6j,"Kang, Baek-ho",C,(N/A),\N,"[""kang baek ho""]",\N,\N,\N,\N,\N,\N
05m6i,"Goldsberry, Blake",RP,(N/A),\N,"[""goldsberry blake""]",\N,\N,\N,\N,\N,\N
04yt7,"De La Rosa, Jeremy",RF,(N/A),\N,"[""de la rosa jeremy""]",\N,\N,\N,\N,\N,\N
05m6g,"Cerda, Christian",C,ARI,\N,"[""cerda christian""]",\N,\N,\N,\N,\N,\N
05m6d,"Diaz, Blayberg",C,MIL,\N,"[""diaz blayberg""]",\N,\N,\N,\N,\N,\N
05m6e,"Alfonzo, Omar",C,NYY,\N,"[""alfonzo omar""]",\N,\N,\N,\N,\N,\N
05m6b,"Richardson, Grant",RF,(N/A),\N,[],\N,\N,\N,\N,\N,\N
04yrs,"Noel, Jhonkensy",RF,(N/A),\N,"[""noel jhonkensy""]",\N,\N,\N,\N,\N,\N
04yrn,"Sanchez, Yolbert",2B,(N/A),\N,"[""sanchez yolbert""]",\N,\N,\N,\N,\N,\N
04yrm,"Bishop, Braylon",LF,(N/A),\N,"[""bishop braylon""]",\N,\N,\N,\N,\N,\N
06nvj,"Hill, Turner",CF,SF,\N,"[""hill turner""]",\N,\N,\N,\N,\N,\N
045ks,"Torrealba, Eduardo",SS,(N/A),\N,"[""torrealba eduardo""]",\N,\N,\N,\N,\N,\N
04j1w,"Sanmartin, Reiver",RP,SF,\N,"[""sanmartin reiver""]",\N,\N,\N,\N,\N,\N
05m68,"Koo, Chang-mo",SP,(N/A),\N,"[""koo chang mo""]",\N,\N,\N,\N,\N,\N
045kb,"Javier, Cristian",SP,HOU,\N,"[""javier cristian""]",\N,\N,\N,\N,\N,\N
06num,"Gonzalez, Oliver",SP,LAD,\N,"[""gonzalez oliver""]",\N,\N,\N,\N,\N,\N
04ylr,"Ibarra, Joel",RP,PIT,\N,"[""ibarra joel""]",\N,\N,\N,\N,\N,\N
04ylq,"Hollis, Connor",CF,(N/A),\N,"[""hollis connor""]",\N,\N,\N,\N,\N,\N
04ylm,"Barbosa, Gabriel",RP,PHI,\N,"[""barbosa gabriel""]",\N,\N,\N,\N,\N,\N
04ylg,"Brosseau, Mike",1B,(N/A),\N,"[""brosseau mike""]",\N,\N,\N,\N,\N,\N
05m19,"Hernandez, Maikol",SS,(N/A),\N,"[""hernandez maikol""]",\N,\N,\N,\N,\N,\N
06nr9,"Reyes, Franyerson",SP,DET,\N,"[""reyes franyerson""]",\N,\N,\N,\N,\N,\N
04ym5,"Campana, Sergio",RF,(N/A),\N,"[""campana sergio""]",\N,\N,\N,\N,\N,\N
04ym4,"Guasch, Richard",RP,BAL,\N,"[""guasch richard""]",\N,\N,\N,\N,\N,\N
04yl7,"Contreras, Efrain",RP,(N/A),\N,"[""contreras efrain""]",\N,\N,\N,\N,\N,\N
04yl9,"Sandridge, Jayvien",RP,BAL,\N,"[""sandridge jayvien""]",\N,\N,\N,\N,\N,\N
06p62,"Foley, Connor",SP,ARI,\N,"[""foley connor""]",\N,\N,\N,\N,\N,\N
06p60,"Shepardson, Grant",SP,MIA,\N,"[""shepardson grant""]",\N,\N,\N,\N,\N,\N
06p61,"Jordan, Dylan",SP,LAA,\N,"[""jordan dylan""]",\N,\N,\N,\N,\N,\N
06p4m,"Bello, Juan",SP,HOU,\N,"[""bello juan""]",\N,\N,\N,\N,\N,\N
05koi,"Leto, Luke",SS,(N/A),\N,"[""leto luke""]",\N,\N,\N,\N,\N,\N
05koh,"Little, Luke",RP,KC,\N,"[""little luke""]",\N,\N,\N,\N,\N,\N
05m1e,"Chourio, Jackson",CF,MIL,\N,"[""chourio jackson""]",\N,\N,\N,\N,\N,\N
05m1f,"De Andrade, Danny",3B,MIN,\N,"[""de andrade danny""]",\N,\N,\N,\N,\N,\N
045gu,"Friedl, TJ",CF,CIN,\N,"[""friedl tj""]",\N,\N,\N,\N,\N,\N
05m1c,"Bleis, Miguel",RF,BOS,\N,"[""bleis miguel""]",\N,\N,\N,\N,\N,\N
05m1d,"Beltre, Manuel",SS,TOR,\N,"[""beltre manuel""]",\N,\N,\N,\N,\N,\N
05m1a,"Almonte, Ariel",RF,(N/A),\N,"[""almonte ariel""]",\N,\N,\N,\N,\N,\N
05m1b,"Guzman, Denzer",SS,LAA,\N,"[""guzman denzer""]",\N,\N,\N,\N,\N,\N
04ymb,"Lugo, William",SS,(N/A),\N,"[""lugo william""]",\N,\N,\N,\N,\N,\N
04ylx,"Jin, Woo-Young",SP,(N/A),\N,"[""jin woo young""]",\N,\N,\N,\N,\N,\N
04z8z,"Pinango, Yohendrick",LF,TOR,\N,"[""pinango yohendrick""]",\N,\N,\N,\N,\N,\N
02c1b,"Smith, Burch",RP,DET,\N,"[""smith burch""]",\N,\N,\N,\N,\N,\N
03drc,"Bummer, Aaron",RP,KC,\N,"[""bummer aaron""]",\N,\N,\N,\N,\N,\N
04z8l,"Florez, Santiago",SP,(N/A),\N,"[""florez santiago""]",\N,\N,\N,\N,\N,\N
03dqv,"Banks, Tanner",RP,PHI,\N,"[""banks tanner""]",\N,\N,\N,\N,\N,\N
05jws,"Newell, Chris",CF,LAD,\N,"[""newell chris""]",\N,\N,\N,\N,\N,\N
02c0c,"Gsellman, Robert",RP,(N/A),\N,"[""gsellman robert""]",\N,\N,\N,\N,\N,\N
05l9f,"Knack, Landon",SP,LAD,\N,"[""knack landon""]",\N,\N,\N,\N,\N,\N
05l9g,"Nicolas, Kyle",RP,WSH,\N,"[""nicolas kyle""]",\N,\N,\N,\N,\N,\N
04z94,"Escotto, Maikol",SS,(N/A),\N,"[""escotto maikol""]",\N,\N,\N,\N,\N,\N
03dqc,"Hill, Cam",RP,TB,\N,"[""hill cam""]",\N,\N,\N,\N,\N,\N
04z95,"Fabian, Albert",LF,SD,\N,"[""fabian albert""]",\N,\N,\N,\N,\N,\N
04z92,"Mendez, Teofilo",RP,ARI,\N,"[""mendez teofilo""]",\N,\N,\N,\N,\N,\N
03dpt,"Garrett, Reed",RP,NYM,\N,"[""garrett reed""]",\N,\N,\N,\N,\N,\N
05jx9,"Sanchez, Axel",SS,SEA,\N,"[""sanchez axel""]",\N,\N,\N,\N,\N,\N
02c14,"Barnes, Jacob",RP,(N/A),\N,"[""barnes jacob""]",\N,\N,\N,\N,\N,\N
04i9p,"Clementina, Hendrik",C,(N/A),\N,"[""clementina hendrik""]",\N,\N,\N,\N,\N,\N
03dv0,"Pop, Zach",RP,MIA,\N,"[""pop zach""]",\N,\N,\N,\N,\N,\N
057w1,"Scott, Stephen",C,(N/A),\N,"[""scott stephen""]",\N,\N,\N,\N,\N,\N
0597k,"Gonzales, Nick",2B,PIT,\N,"[""gonzales nick""]",\N,\N,\N,\N,\N,\N
02c47,"Armstrong, Shawn",RP,CLE,\N,"[""armstrong shawn""]",\N,\N,\N,\N,\N,\N
02c2r,"Rodon, Carlos",SP,NYY,\N,"[""rodon carlos""]",\N,\N,\N,\N,\N,\N
02c2m,"Sampson, Adrian",SP,(N/A),\N,"[""sampson adrian""]",\N,\N,\N,\N,\N,\N
02c2o,"Lopez, Jack",3B,(N/A),\N,"[""lopez jack""]",\N,\N,\N,\N,\N,\N
03dsj,"Bukauskas, J.B.",RP,MIL,\N,"[""bukauskas j b""]",\N,\N,\N,\N,\N,\N
02c2h,"Bassitt, Chris",SP,BAL,\N,"[""bassitt chris""]",\N,\N,\N,\N,\N,\N
03dsa,"Holloway, Jordan",RP,(N/A),\N,"[""holloway jordan""]",\N,\N,\N,\N,\N,\N
04z9n,"Sanchez, Juan",RP,(N/A),\N,[],\N,\N,\N,\N,\N,\N
0596g,"Detmers, Reid",RP,LAA,\N,"[""detmers reid""]",\N,\N,\N,\N,\N,\N
04z9h,"Choi, Hyun-il",SP,(N/A),\N,"[""choi hyun il""]",\N,\N,\N,\N,\N,\N
03dru,"Lewis, Justin",P,(N/A),\N,"[""lewis justin""]",\N,\N,\N,\N,\N,\N
0596f,"Kjerstad, Heston",LF,BAL,\N,"[""kjerstad heston""]",\N,\N,\N,\N,\N,\N
04z9g,"Ramirez, Aldo",RP,(N/A),\N,"[""ramirez aldo""]",\N,\N,\N,\N,\N,\N
03drx,"Seabold, Connor",RP,KC,\N,"[""seabold connor""]",\N,\N,\N,\N,\N,\N
03dt9,"Solomon, Peter",RP,(N/A),\N,"[""solomon peter""]",\N,\N,\N,\N,\N,\N
03dt6,"Lugbauer, Drew",1B,(N/A),\N,"[""lugbauer drew""]",\N,\N,\N,\N,\N,\N
0596e,"Crews, Dylan",RF,WSH,\N,"[""crews dylan""]",\N,\N,\N,\N,\N,\N
04z9e,"Soriano, George",RP,STL,\N,"[""soriano george""]",\N,\N,\N,\N,\N,\N
06mwh,"May, Aiden",SP,COL,\N,"[""may aiden""]",\N,\N,\N,\N,\N,\N
06mwf,"Rodriguez, Andy",RP,(N/A),\N,[],\N,\N,\N,\N,\N,\N
06mwg,"Kmatz, Jacob",SP,LAD,\N,"[""kmatz jacob""]",\N,\N,\N,\N,\N,\N
031k3,"Thornton, Trent",RP,CHC,\N,"[""thornton trent""]",\N,\N,\N,\N,\N,\N
06mwd,"Ventura, Dervy",2B,SEA,\N,"[""ventura dervy""]",\N,\N,\N,\N,\N,\N
06mwe,"Davis, Gabe",RP,NYM,\N,"[""davis gabe""]",\N,\N,\N,\N,\N,\N
06mwb,"Tovar, Yimy",SS,SD,\N,"[""tovar yimy""]",\N,\N,\N,\N,\N,\N
06mwc,"Suriel, Anderson",RF,(N/A),\N,"[""suriel anderson""]",\N,\N,\N,\N,\N,\N
06mwa,"Rangel, Trey",SP,(N/A),\N,"[""rangel trey""]",\N,\N,\N,\N,\N,\N
03do2,"Anderson, Justin",RP,(N/A),\N,"[""anderson justin""]",\N,\N,\N,\N,\N,\N
06mvs,"Whritenour, Joshua",SP,(N/A),\N,"[""whritenour joshua""]",\N,\N,\N,\N,\N,\N
06o8q,"Cruz, Ronny",SS,WSH,\N,"[""cruz ronny""]",\N,\N,\N,\N,\N,\N
06mvq,"Barberi, Jackson",SP,(N/A),\N,"[""barberi jackson""]",\N,\N,\N,\N,\N,\N
06o8r,"DeBerry, Jaron",SP,MIL,\N,"[""deberry jaron""]",\N,\N,\N,\N,\N,\N
06mx1,"Tears, Kavares",RF,SD,\N,"[""tears kavares""]",\N,\N,\N,\N,\N,\N
06o8p,"Hightower, Cobb",SS,BAL,\N,"[""hightower cobb""]",\N,\N,\N,\N,\N,\N
057p6,"Cedeno, Nerwilian",CF,(N/A),\N,"[""cedeno nerwilian""]",\N,\N,\N,\N,\N,\N
05jsf,"Sanders, Will",SP,CHC,\N,"[""sanders will""]",\N,\N,\N,\N,\N,\N
06mvg,"Gray, Murf",3B,PIT,\N,"[""gray murf""]",\N,\N,\N,\N,\N,\N
05jsg,"Caissie, Owen",RF,MIA,\N,"[""caissie owen""]",\N,\N,\N,\N,\N,\N
05jse,"Troy, Tommy",2B,ARI,\N,"[""troy tommy""]",\N,\N,\N,\N,\N,\N
057p2,"Otanez, Michel",RP,TEX,\N,"[""otanez michel""]",\N,\N,\N,\N,\N,\N
06mvf,"Dumesnil, Nick",CF,DET,\N,"[""dumesnil nick""]",\N,\N,\N,\N,\N,\N
05jsb,"Witt, Tanner",RP,NYM,\N,"[""witt tanner""]",\N,\N,\N,\N,\N,\N
"10250#30",Team Hitting,TmH,\N,\N,[],\N,\N,\N,\N,\N,\N
05jsc,"Thompson, Sterlin",LF,COL,\N,"[""thompson sterlin""]",\N,\N,\N,\N,\N,\N
06mvd,"De La Cruz, Alejandro",RP,MIA,\N,"[""de la cruz alejandro""]",\N,\N,\N,\N,\N,\N
06mva,"Martinez, Yordani",2B,MIA,\N,"[""martinez yordani""]",\N,\N,\N,\N,\N,\N
05jsa,"Vogel, Jake",CF,(N/A),\N,"[""vogel jake""]",\N,\N,\N,\N,\N,\N
06mvb,"Tolentino, Almen",C,MIA,\N,"[""tolentino almen""]",\N,\N,\N,\N,\N,\N
05jry,"Haskin, Hudson",LF,(N/A),\N,"[""haskin hudson""]",\N,\N,\N,\N,\N,\N
031hh,"Busenitz, Alan",RP,(N/A),\N,"[""busenitz alan""]",\N,\N,\N,\N,\N,\N
06muz,"Ventura, Angel",LF,(N/A),\N,"[""ventura angel""]",\N,\N,\N,\N,\N,\N
05jrw,"Seymour, Bob",1B,(N/A),\N,"[""seymour bob""]",\N,\N,\N,\N,\N,\N
06mux,"Holy, Max",SS,HOU,\N,"[""holy max""]",\N,\N,\N,\N,\N,\N
031hc,"Sulser, Cole",RP,TB,\N,"[""sulser cole""]",\N,\N,\N,\N,\N,\N
06muy,"Matias, Carlos",LF,TB,\N,"[""matias carlos""]",\N,\N,\N,\N,\N,\N
06muv,"Morellis, Luis",SP,(N/A),\N,"[""morellis luis""]",\N,\N,\N,\N,\N,\N
06mw8,"Lafflam, Jack",SP,(N/A),\N,"[""lafflam jack""]",\N,\N,\N,\N,\N,\N
05jrv,"Klein, Will",RP,LAD,\N,"[""klein will""]",\N,\N,\N,\N,\N,\N
06mw9,"Janssens, Niko",SP,(N/A),\N,"[""janssens niko""]",\N,\N,\N,\N,\N,\N
06muw,"Gray, Evan",RP,SF,\N,"[""gray evan""]",\N,\N,\N,\N,\N,\N
05jrs,"Murray, Tanner",3B,CHW,\N,"[""murray tanner""]",\N,\N,\N,\N,\N,\N
06mw6,"Omosako, Sann",SP,TOR,\N,"[""omosako sann""]",\N,\N,\N,\N,\N,\N
05jrt,"Mikulski, Matt",RP,(N/A),\N,"[""mikulski matt""]",\N,\N,\N,\N,\N,\N
06mw7,"Camacho, Reiver",RP,COL,\N,"[""camacho reiver""]",\N,\N,\N,\N,\N,\N
05jrq,"Dollard, Taylor",SP,SEA,\N,"[""dollard taylor""]",\N,\N,\N,\N,\N,\N
06mw4,"Bolivar, Moises",3B,LAD,\N,"[""bolivar moises""]",\N,\N,\N,\N,\N,\N
06mw5,"Maracara, Luis",RP,SD,\N,"[""maracara luis""]",\N,\N,\N,\N,\N,\N
05jrm,"Nwogu, Jordan",LF,CHC,\N,"[""nwogu jordan""]",\N,\N,\N,\N,\N,\N
06mw1,"Neely, Brandon",RP,BOS,\N,"[""neely brandon""]",\N,\N,\N,\N,\N,\N
03dpn,"Feyereisen, J.P.",RP,LAD,\N,"[""feyereisen j p""]",\N,\N,\N,\N,\N,\N
03dpg,"Ginkel, Kevin",RP,ARI,\N,"[""ginkel kevin""]",\N,\N,\N,\N,\N,\N
03dpc,"Papierski, Michael",C,(N/A),\N,"[""papierski michael""]",\N,\N,\N,\N,\N,\N
"10250#40",Team Pitching,TmP,\N,\N,[],\N,\N,\N,\N,\N,\N
03dpe,"Onyshko, Benjamin",P,(N/A),\N,"[""onyshko benjamin""]",\N,\N,\N,\N,\N,\N
03dpa,"Vosler, Jason",1B,(N/A),\N,"[""vosler jason""]",\N,\N,\N,\N,\N,\N
04z6m,"Ramirez, Agustin",C,MIA,\N,"[""ramirez agustin""]",\N,\N,\N,\N,\N,\N
04z6l,"Carela, Juan",SP,CHW,\N,"[""carela juan""]",\N,\N,\N,\N,\N,\N
04z6o,"De Goti, Alex",2B,(N/A),\N,"[""de goti alex""]",\N,\N,\N,\N,\N,\N
04z6k,"Acuna, Luisangel",2B,CHW,\N,"[""acuna luisangel""]",\N,\N,\N,\N,\N,\N
04z6j,"Planez, Alexfri",CF,(N/A),\N,"[""planez alexfri""]",\N,\N,\N,\N,\N,\N
03doq,"Overton, Connor",RP,(N/A),\N,"[""overton connor""]",\N,\N,\N,\N,\N,\N
"10250#50",Team,Tm,\N,\N,[],\N,\N,\N,\N,\N,\N
04z5q,"Kelley, Trevor",RP,(N/A),\N,"[""kelley trevor""]",\N,\N,\N,\N,\N,\N
03dp8,"Laureano, Ramon",LF,SD,\N,"[""laureano ramon""]",\N,\N,\N,\N,\N,\N
03dnu,"Montes de Oca, Bryce",RP,(N/A),\N,"[""montes de oca bryce""]",\N,\N,\N,\N,\N,\N
04ya4,"Nunez, Nasim",SS,WSH,\N,"[""nunez nasim""]",\N,\N,\N,\N,\N,\N
04ya2,"Espino, Daniel",SP,CLE,\N,"[""espino daniel""]",\N,\N,\N,\N,\N,\N
031ui,"Diaz, Lewin",1B,(N/A),\N,"[""diaz lewin""]",\N,\N,\N,\N,\N,\N
04yb5,"Santos, Junior",RP,(N/A),\N,"[""santos junior""]",\N,\N,\N,\N,\N,\N
02c5l,"Weaver, Luke",RP,PIT,\N,"[""weaver luke""]",\N,\N,\N,\N,\N,\N
031s7,"Briceno, Jose",C,(N/A),\N,"[""briceno jose""]",\N,\N,\N,\N,\N,\N
0599w,"Howard, Ed",SS,CHC,\N,"[""howard ed""]",\N,\N,\N,\N,\N,\N
03duu,"Thompson, Ryan",RP,ARI,\N,"[""thompson ryan""]",\N,\N,\N,\N,\N,\N
02c65,"Camarena, Daniel",RP,(N/A),\N,"[""camarena daniel""]",\N,\N,\N,\N,\N,\N
03duw,"Gilliam, Isiah",RF,(N/A),\N,"[""gilliam isiah""]",\N,\N,\N,\N,\N,\N
02c68,"Turner, Trea",SS,PHI,\N,"[""turner trea""]",\N,\N,\N,\N,\N,\N
02c4q,"Martinez, Nick",SP,TB,\N,"[""martinez nick""]",\N,\N,\N,\N,\N,\N
02c4r,"Berti, Jon",3B,(N/A),\N,"[""berti jon""]",\N,\N,\N,\N,\N,\N
03dub,"Matijevic, J.J.",1B,(N/A),\N,"[""matijevic j j""]",\N,\N,\N,\N,\N,\N
04674,"Oviedo, Johan",SP,BOS,\N,"[""oviedo johan""]",\N,\N,\N,\N,\N,\N
03dty,"Weigel, Patrick",RP,COL,\N,"[""weigel patrick""]",\N,\N,\N,\N,\N,\N
057za,"Encarnacion, Breidy",SP,(N/A),\N,"[""encarnacion breidy""]",\N,\N,\N,\N,\N,\N
057zc,"Clase, Jonatan",LF,TOR,\N,"[""clase jonatan""]",\N,\N,\N,\N,\N,\N
02t8m,"Murphy, Tom",C,(N/A),\N,"[""murphy tom""]",\N,\N,\N,\N,\N,\N
03dww,"Klobosits, Gabe",RP,CHC,\N,"[""klobosits gabe""]",\N,\N,\N,\N,\N,\N
03dwo,"Martin, Rudy",CF,TOR,\N,"[""martin rudy""]",\N,\N,\N,\N,\N,\N
03dwk,"Pelham, CD",RP,PIT,\N,"[""pelham cd""]",\N,\N,\N,\N,\N,\N
057z9,"Buelvas, Brayan",CF,ATH,\N,"[""buelvas brayan""]",\N,\N,\N,\N,\N,\N
057xr,"Del Orbe, Alisson",2B,(N/A),\N,"[""del orbe alisson""]",\N,\N,\N,\N,\N,\N
02c6c,"Garcia, Aramis",C,ARI,\N,"[""garcia aramis""]",\N,\N,\N,\N,\N,\N
057xt,"Flores, Ronaldo",C,(N/A),\N,"[""flores ronaldo""]",\N,\N,\N,\N,\N,\N
031t0,"Torres, Gleyber",2B,DET,\N,"[""torres gleyber""]",\N,\N,\N,\N,\N,\N
02c5y,"Duffy, Matt",3B,(N/A),\N,[],\N,\N,\N,\N,\N,\N
06ood,"Blasick, Nathan",RP,COL,\N,"[""blasick nathan""]",\N,\N,\N,\N,\N,\N
06ooe,"Pinto, Nick",SP,CHW,\N,"[""pinto nick""]",\N,\N,\N,\N,\N,\N
06oob,"Gouldsmith, Gunner",2B,ATH,\N,"[""gouldsmith gunner""]",\N,\N,\N,\N,\N,\N
06ooc,"Albus, Dash",RP,KC,\N,"[""albus dash""]",\N,\N,\N,\N,\N,\N
04zjm,"Hoese, Kody",3B,(N/A),\N,"[""hoese kody""]",\N,\N,\N,\N,\N,\N
06ooa,"Hopfe, Tommy",LF,COL,\N,"[""hopfe tommy""]",\N,\N,\N,\N,\N,\N
06ony,"Hayden, Luke",SP,CIN,\N,"[""hayden luke""]",\N,\N,\N,\N,\N,\N
06onz,"Hagaman, David",SP,ARI,\N,"[""hagaman david""]",\N,\N,\N,\N,\N,\N
06op9,"Rosado, Jarold",RP,CHW,\N,"[""rosado jarold""]",\N,\N,\N,\N,\N,\N
06op6,"Espinal, Jeury",RP,ARI,\N,"[""espinal jeury""]",\N,\N,\N,\N,\N,\N
06onq,"Montgomery, Nick",C,ATL,\N,"[""montgomery nick""]",\N,\N,\N,\N,\N,\N
06op3,"Lin, Wei-En",SP,ATH,\N,"[""lin wei en""]",\N,\N,\N,\N,\N,\N
06onr,"Mariano, Reyli",2B,LAD,\N,"[""mariano reyli""]",\N,\N,\N,\N,\N,\N
06op1,"Petrutz, Ian",LF,STL,\N,"[""petrutz ian""]",\N,\N,\N,\N,\N,\N
06op2,"Costello, Jack",1B,SD,\N,"[""costello jack""]",\N,\N,\N,\N,\N,\N
06op0,"Nicholson, Ryan",1B,LAA,\N,"[""nicholson ryan""]",\N,\N,\N,\N,\N,\N
06oo8,"Kendle, Caden",RF,MIN,\N,"[""kendle caden""]",\N,\N,\N,\N,\N,\N
06oo9,"Gordon, Austin",SP,LAA,\N,"[""gordon austin""]",\N,\N,\N,\N,\N,\N
06oo6,"Schlesinger, Rafe",SP,CLE,\N,"[""schlesinger rafe""]",\N,\N,\N,\N,\N,\N
06oo7,"Keys, Sean",3B,TOR,\N,"[""keys sean""]",\N,\N,\N,\N,\N,\N
06oo4,"Causey, A.J.",RP,ATH,\N,"[""causey a j""]",\N,\N,\N,\N,\N,\N
06oo5,"Wright, Jakob",SP,LAD,\N,"[""wright jakob""]",\N,\N,\N,\N,\N,\N
06oo2,"Smith, Parker",SP,HOU,\N,"[""smith parker""]",\N,\N,\N,\N,\N,\N
06oo3,"Caron, Josh",C,SEA,\N,"[""caron josh""]",\N,\N,\N,\N,\N,\N
04zia,"Mosser, Gabe",SP,SEA,\N,"[""mosser gabe""]",\N,\N,\N,\N,\N,\N
06oo0,"Allsup, Chase",SP,BAL,\N,"[""allsup chase""]",\N,\N,\N,\N,\N,\N
06oo1,"Hernandez, Herick",SP,ATL,\N,"[""hernandez herick""]",\N,\N,\N,\N,\N,\N
07anx,"Solier, Julio",SS,(N/A),\N,"[""solier julio""]",\N,\N,\N,\N,\N,\N
07any,"Ineich, Matt",SS,(N/A),\N,"[""ineich matt""]",\N,\N,\N,\N,\N,\N
05lo7,"De La Cruz, Willmer",SS,(N/A),\N,"[""de la cruz willmer""]",\N,\N,\N,\N,\N,\N
05lo5,"Fermin, Freddy",C,SD,\N,"[""fermin freddy""]",\N,\N,\N,\N,\N,\N
03fi1,"Guerra, Javy",RP,CHW,\N,"[""guerra javy""]",\N,\N,\N,\N,\N,\N
07010,"Bucciero, Daniel",3B,ATH,\N,"[""bucciero daniel""]",\N,\N,\N,\N,\N,\N
03fi0,"Albies, Ozzie",2B,ATL,\N,"[""albies ozzie""]",\N,\N,\N,\N,\N,\N
06q2i,"Harris, Sam",1B,(N/A),\N,"[""harris sam""]",\N,\N,\N,\N,\N,\N
03whq,"France, Ty",1B,SD,\N,"[""france ty""]",\N,\N,\N,\N,\N,\N
06opa,"Lockwood-Powell, Griffin",C,LAD,\N,"[""lockwood powell griffin""]",\N,\N,\N,\N,\N,\N
06ooz,"Morillo, Alfred",RP,ARI,\N,"[""morillo alfred""]",\N,\N,\N,\N,\N,\N
05llu,"Blakely, Werner",CF,(N/A),\N,"[""blakely werner""]",\N,\N,\N,\N,\N,\N
05llv,"Hickman, Mason",RP,(N/A),\N,"[""hickman mason""]",\N,\N,\N,\N,\N,\N
03wha,"Acuna Jr., Ronald",RF,ATL,\N,"[""acuna jr ronald""]",\N,\N,\N,\N,\N,\N
06q34,"Isea, Edgar",RP,(N/A),\N,"[""isea edgar""]",\N,\N,\N,\N,\N,\N
05llr,"Godoy, Jose",C,(N/A),\N,"[""godoy jose""]",\N,\N,\N,\N,\N,\N
06oop,"Whitaker, Braylon",LF,BAL,\N,"[""whitaker braylon""]",\N,\N,\N,\N,\N,\N
06q32,"Cissell, Tytus",SS,ARI,\N,"[""cissell tytus""]",\N,\N,\N,\N,\N,\N
06q33,"Tunink, Brendan",CF,LAD,\N,"[""tunink brendan""]",\N,\N,\N,\N,\N,\N
06oon,"Santa Maria, Tony",2B,TB,\N,"[""santa maria tony""]",\N,\N,\N,\N,\N,\N
06ooo,"Whitaker, Logan",RP,MIA,\N,"[""whitaker logan""]",\N,\N,\N,\N,\N,\N
02ccf,"Kahnle, Tommy",RP,BOS,\N,"[""kahnle tommy""]",\N,\N,\N,\N,\N,\N
06ool,"Ayers, Owen",C,CHC,\N,"[""ayers owen""]",\N,\N,\N,\N,\N,\N
06oom,"Lashutka, Luke",RP,MIA,\N,"[""lashutka luke""]",\N,\N,\N,\N,\N,\N
06ooj,"Domingo, Vicarte",RP,SD,\N,"[""domingo vicarte""]",\N,\N,\N,\N,\N,\N
02cch,"Ramirez, Erasmo",RP,(N/A),\N,"[""ramirez erasmo""]",\N,\N,\N,\N,\N,\N
06ook,"Decker, Brandon",SP,NYY,\N,"[""decker brandon""]",\N,\N,\N,\N,\N,\N
06ooh,"Vogatsky, Joe",RP,BOS,\N,"[""vogatsky joe""]",\N,\N,\N,\N,\N,\N
06ooi,"Schuelke, Cam",RP,CLE,\N,"[""schuelke cam""]",\N,\N,\N,\N,\N,\N
06oof,"Minckler, Ryan",RP,WSH,\N,"[""minckler ryan""]",\N,\N,\N,\N,\N,\N
06oog,"Elissalt, Frank",RP,STL,\N,"[""elissalt frank""]",\N,\N,\N,\N,\N,\N
05li9,"De Jesus, Alex",3B,(N/A),\N,"[""de jesus alex""]",\N,\N,\N,\N,\N,\N
059bx,"House, Brady",3B,WSH,\N,"[""house brady""]",\N,\N,\N,\N,\N,\N
059bs,"Ramos, Bryan",3B,BAL,\N,"[""ramos bryan""]",\N,\N,\N,\N,\N,\N
"10200#40",Team Pitching,TmP,\N,\N,[],\N,\N,\N,\N,\N,\N
05lfz,"Haynes, Jagger",SP,SD,\N,"[""haynes jagger""]",\N,\N,\N,\N,\N,\N
05lfx,"Hauver, Trevor",LF,TEX,\N,"[""hauver trevor""]",\N,\N,\N,\N,\N,\N
059c3,"Crawford, Brooks",RP,(N/A),\N,"[""crawford brooks""]",\N,\N,\N,\N,\N,\N
"10200#50",Team,Tm,\N,\N,[],\N,\N,\N,\N,\N,\N
059c2,"Mayberry, Seth",RP,(N/A),\N,"[""mayberry seth""]",\N,\N,\N,\N,\N,\N
059ed,"Sweet, Devin",RP,BOS,\N,"[""sweet devin""]",\N,\N,\N,\N,\N,\N
"10200#30",Team Hitting,TmH,\N,\N,[],\N,\N,\N,\N,\N,\N
06owd,"Ramirez, Ronald",2B,DET,\N,"[""ramirez ronald""]",\N,\N,\N,\N,\N,\N
06owe,"Herring, Griffin",SP,COL,\N,"[""herring griffin""]",\N,\N,\N,\N,\N,\N
05n5o,"Lizarraga, Victor",SP,SD,\N,"[""lizarraga victor""]",\N,\N,\N,\N,\N,\N
05lt9,"Nunez, Edwin",RP,(N/A),\N,"[""nunez edwin""]",\N,\N,\N,\N,\N,\N
04zv4,"Pina, Robinson",RP,(N/A),\N,"[""pina robinson""]",\N,\N,\N,\N,\N,\N
04k4v,"Paulino, Naswell",RP,(N/A),\N,"[""paulino naswell""]",\N,\N,\N,\N,\N,\N
04k4u,"Castillo, Max",SP,(N/A),\N,"[""castillo max""]",\N,\N,\N,\N,\N,\N
05luq,"Taylor, Carson",1B,SEA,\N,"[""taylor carson""]",\N,\N,\N,\N,\N,\N
"10020#30",Team Hitting,TmH,\N,\N,[],\N,\N,\N,\N,\N,\N
04is5,"Pereira, Everson",CF,STL,\N,"[""pereira everson""]",\N,\N,\N,\N,\N,\N
03wkr,"Lopez, Alejo",3B,KC,\N,"[""lopez alejo""]",\N,\N,\N,\N,\N,\N
07038,"McReynolds, J.D.",RP,TEX,\N,"[""mcreynolds j d""]",\N,\N,\N,\N,\N,\N
07039,"Dutton, Samuel",SP,ATH,\N,"[""dutton samuel""]",\N,\N,\N,\N,\N,\N
0701t,"Bingaman, Ethin",SP,(N/A),\N,"[""bingaman ethin""]",\N,\N,\N,\N,\N,\N
07036,"Daudet, Zach",1B,HOU,\N,"[""daudet zach""]",\N,\N,\N,\N,\N,\N
07037,"Robinson, Shai",2B,MIN,\N,"[""robinson shai""]",\N,\N,\N,\N,\N,\N
0701r,"Worley, Reid",SP,SF,\N,"[""worley reid""]",\N,\N,\N,\N,\N,\N
07034,"Gilley, Cole",RP,PHI,\N,"[""gilley cole""]",\N,\N,\N,\N,\N,\N
"10020#40",Team Pitching,TmP,\N,\N,[],\N,\N,\N,\N,\N,\N
07035,"DeCriscio, Justin",3B,SD,\N,"[""decriscio justin""]",\N,\N,\N,\N,\N,\N
0701p,"Mitrovich, Justin",SP,MIN,\N,"[""mitrovich justin""]",\N,\N,\N,\N,\N,\N
07032,"McLoughlin, Tyler",SP,NYM,\N,"[""mcloughlin tyler""]",\N,\N,\N,\N,\N,\N
0701q,"Nichols, Mason",RP,TB,\N,"[""nichols mason""]",\N,\N,\N,\N,\N,\N
07033,"Bodendorf, Harrison",SP,CLE,\N,"[""bodendorf harrison""]",\N,\N,\N,\N,\N,\N
0701n,"Heishman, Trevor",SP,DET,\N,"[""heishman trevor""]",\N,\N,\N,\N,\N,\N
0701o,"Lee, Cam",CF,BAL,\N,"[""lee cam""]",\N,\N,\N,\N,\N,\N
0701l,"Ferrara, Matthew",2B,PHI,\N,"[""ferrara matthew""]",\N,\N,\N,\N,\N,\N
0701m,"Koger, Will",RP,SD,\N,"[""koger will""]",\N,\N,\N,\N,\N,\N
0701k,"Frobose, Anthony",SS,NYM,\N,"[""frobose anthony""]",\N,\N,\N,\N,\N,\N
04zo1,"Groshans, Jaxx",C,(N/A),\N,"[""groshans jaxx""]",\N,\N,\N,\N,\N,\N
"10020#50",Team,Tm,\N,\N,[],\N,\N,\N,\N,\N,\N
0700y,"Roman, Ricardo",SP,LAD,\N,"[""roman ricardo""]",\N,\N,\N,\N,\N,\N
0700z,"Eikhoff, Riley",SP,CHW,\N,"[""eikhoff riley""]",\N,\N,\N,\N,\N,\N
0700w,"Estelie, Claudio",RP,PIT,\N,"[""estelie claudio""]",\N,\N,\N,\N,\N,\N
03fhx,"Diaz, Elias",C,TEX,\N,"[""diaz elias""]",\N,\N,\N,\N,\N,\N
0700x,"Payero, Limanol",CF,PIT,\N,"[""payero limanol""]",\N,\N,\N,\N,\N,\N
0700v,"Bello, Rony",2B,WSH,\N,"[""bello rony""]",\N,\N,\N,\N,\N,\N
0700k,"Ogando, Jostin",1B,BOS,\N,"[""ogando jostin""]",\N,\N,\N,\N,\N,\N
05lnl,"Polcovich, Kaden",CF,(N/A),\N,"[""polcovich kaden""]",\N,\N,\N,\N,\N,\N
020dj,"Hahn, Jesse",RP,(N/A),\N,"[""hahn jesse""]",\N,\N,\N,\N,\N,\N
04k0x,"Quijada, Jose",RP,(N/A),\N,"[""quijada jose""]",\N,\N,\N,\N,\N,\N
04k0w,"Doval, Camilo",RP,SF,\N,"[""doval camilo""]",\N,\N,\N,\N,\N,\N
04k22,"Patino, Luis",SP,(N/A),\N,"[""patino luis""]",\N,\N,\N,\N,\N,\N
0703b,"Boughton, Matthew",SS,CHW,\N,"[""boughton matthew""]",\N,\N,\N,\N,\N,\N
0703a,"Wright, Daniel",RP,CHW,\N,"[""wright daniel""]",\N,\N,\N,\N,\N,\N
02bqn,"Kelly, Michael",RP,(N/A),\N,"[""kelly michael""]",\N,\N,\N,\N,\N,\N
02bqp,"Crick, Kyle",RP,(N/A),\N,"[""crick kyle""]",\N,\N,\N,\N,\N,\N
02bqj,"Fulmer, Michael",RP,NYY,\N,"[""fulmer michael""]",\N,\N,\N,\N,\N,\N
02bqh,"Story, Trevor",SS,BOS,\N,"[""story trevor""]",\N,\N,\N,\N,\N,\N
02bqd,"Chafin, Andrew",RP,(N/A),\N,"[""chafin andrew""]",\N,\N,\N,\N,\N,\N
03vuk,"Diaz, Yusniel",RF,(N/A),\N,"[""diaz yusniel""]",\N,\N,\N,\N,\N,\N
03vum,"Celestino, Gilberto",RF,(N/A),\N,"[""celestino gilberto""]",\N,\N,\N,\N,\N,\N
04ywz,"Perez, Brayan",RP,(N/A),\N,"[""perez brayan""]",\N,\N,\N,\N,\N,\N
04ywo,"Adon, Joan",SP,(N/A),\N,"[""adon joan""]",\N,\N,\N,\N,\N,\N
0473m,"McKinstry, Zach",3B,DET,\N,"[""mckinstry zach""]",\N,\N,\N,\N,\N,\N
0473n,"Wells, Tyler",SP,TB,\N,"[""wells tyler""]",\N,\N,\N,\N,\N,\N
04ywp,"Paredes, Enoli",RP,BAL,\N,"[""paredes enoli""]",\N,\N,\N,\N,\N,\N
045qo,"Chisholm Jr., Jazz",2B,NYY,\N,"[""chisholm jr jazz""]",\N,\N,\N,\N,\N,\N
04ywk,"Megill, Tylor",SP,NYM,\N,"[""megill tylor""]",\N,\N,\N,\N,\N,\N
03et7,"Meneses, Joey",1B,ATH,\N,"[""meneses joey""]",\N,\N,\N,\N,\N,\N
02bq5,"Beede, Tyler",RP,(N/A),\N,"[""beede tyler""]",\N,\N,\N,\N,\N,\N
02bq6,"Ross, Joe",SP,TEX,\N,"[""ross joe""]",\N,\N,\N,\N,\N,\N
02bq7,"Stephenson, Robert",RP,LAA,\N,"[""stephenson robert""]",\N,\N,\N,\N,\N,\N
03et8,"Suarez, Ranger",SP,BOS,\N,"[""suarez ranger""]",\N,\N,\N,\N,\N,\N
058ta,"Moquete, Darlin",LF,(N/A),\N,"[""moquete darlin""]",\N,\N,\N,\N,\N,\N
02bq2,"Nimmo, Brandon",LF,TEX,\N,"[""nimmo brandon""]",\N,\N,\N,\N,\N,\N
02bu2,"Davis, J.D.",1B,(N/A),\N,"[""davis j d""]",\N,\N,\N,\N,\N,\N
02bu3,"Woodruff, Brandon",SP,MIL,\N,"[""woodruff brandon""]",\N,\N,\N,\N,\N,\N
02bsc,"Andriese, Matt",RP,(N/A),\N,"[""andriese matt""]",\N,\N,\N,\N,\N,\N
04hyc,"Herrera, Ivan",DH,STL,\N,"[""herrera ivan""]",\N,\N,\N,\N,\N,\N
02bru,"Weems, Jordan",RP,(N/A),\N,"[""weems jordan""]",\N,\N,\N,\N,\N,\N
02bt3,"Brewer, Colten",RP,(N/A),\N,"[""brewer colten""]",\N,\N,\N,\N,\N,\N
032pz,"Tapia, Raimel",LF,(N/A),\N,"[""tapia raimel""]",\N,\N,\N,\N,\N,\N
02brk,"Hedges, Austin",C,CLE,\N,"[""hedges austin""]",\N,\N,\N,\N,\N,\N
02brf,"Lopez, Jorge",RP,(N/A),\N,"[""lopez jorge""]",\N,\N,\N,\N,\N,\N
02brc,"Houser, Adrian",SP,SF,\N,"[""houser adrian""]",\N,\N,\N,\N,\N,\N
02bra,"McCann, James",C,ARI,\N,"[""mccann james""]",\N,\N,\N,\N,\N,\N
02bqy,"Musgrove, Joe",SP,SD,\N,"[""musgrove joe""]",\N,\N,\N,\N,\N,\N
02bqr,"Snell, Blake",SP,LAD,\N,"[""snell blake""]",\N,\N,\N,\N,\N,\N
04hy7,"Then, Juan",RP,(N/A),\N,"[""then juan""]",\N,\N,\N,\N,\N,\N
03eq5,"Bernard, Wynton",RF,(N/A),\N,"[""bernard wynton""]",\N,\N,\N,\N,\N,\N
04yte,"Rutledge, Jackson",RP,(N/A),\N,"[""rutledge jackson""]",\N,\N,\N,\N,\N,\N
058py,"Wynne, Randy",RP,(N/A),\N,"[""wynne randy""]",\N,\N,\N,\N,\N,\N
06nz1,"Macias, Antonis",2B,TEX,\N,"[""macias antonis""]",\N,\N,\N,\N,\N,\N
04j4f,"Santana, Luis",3B,(N/A),\N,"[""santana luis""]",\N,\N,\N,\N,\N,\N
04ysv,"Amador, Adael",2B,COL,\N,"[""amador adael""]",\N,\N,\N,\N,\N,\N
04ysy,"Beasley, Jeremy",P,(N/A),\N,"[""beasley jeremy""]",\N,\N,\N,\N,\N,\N
04ysx,"Frias, Luis",RP,(N/A),\N,[],\N,\N,\N,\N,\N,\N
04j4e,"Valera, Leonel",SS,(N/A),\N,"[""valera leonel""]",\N,\N,\N,\N,\N,\N
04yvy,"Cobos, Franny",RP,(N/A),\N,"[""cobos franny""]",\N,\N,\N,\N,\N,\N
03g4b,"Espinoza, Anderson",RP,(N/A),\N,"[""espinoza anderson""]",\N,\N,\N,\N,\N,\N
06nzz,"Langevin, L.P.",RP,KC,\N,"[""langevin l p""]",\N,\N,\N,\N,\N,\N
06nzs,"Cason, Conrad",SP,BOS,\N,"[""cason conrad""]",\N,\N,\N,\N,\N,\N
04yuu,"Bailey, Patrick",C,CLE,\N,"[""bailey patrick""]",\N,\N,\N,\N,\N,\N
045on,"Rosario, Eguy",SS,(N/A),\N,"[""rosario eguy""]",\N,\N,\N,\N,\N,\N
045ok,"Lao, Sauryn",RP,(N/A),\N,"[""lao sauryn""]",\N,\N,\N,\N,\N,\N
032lk,"Newcomb, Sean",RP,CHW,\N,"[""newcomb sean""]",\N,\N,\N,\N,\N,\N
032ll,"Gatewood, Jake",2B,(N/A),\N,"[""gatewood jake""]",\N,\N,\N,\N,\N,\N
06nyu,"Polo, Davis",SP,ATL,\N,"[""polo davis""]",\N,\N,\N,\N,\N,\N
045oe,"Rosario, Jeisson",CF,(N/A),\N,"[""rosario jeisson""]",\N,\N,\N,\N,\N,\N
04yua,"Correa, Danis",RP,NYM,\N,"[""correa danis""]",\N,\N,\N,\N,\N,\N
04yub,"Diaz, Jordan",2B,(N/A),\N,"[""diaz jordan""]",\N,\N,\N,\N,\N,\N
06oh3,"Hipwell, Robert",1B,SF,\N,"[""hipwell robert""]",\N,\N,\N,\N,\N,\N
06oh4,"Heredia, Adrian",SP,BAL,\N,"[""heredia adrian""]",\N,\N,\N,\N,\N,\N
06oh1,"Ko, Ching-Hsien",RF,LAD,\N,"[""ko ching hsien""]",\N,\N,\N,\N,\N,\N
06oh2,"Clark, Derek",SP,LAA,\N,"[""clark derek""]",\N,\N,\N,\N,\N,\N
06ofp,"Darnell, Dugan",RP,(N/A),\N,"[""darnell dugan""]",\N,\N,\N,\N,\N,\N
04zaw,"Uwasawa, Naoyuki",SP,(N/A),\N,"[""uwasawa naoyuki""]",\N,\N,\N,\N,\N,\N
04zaz,"Jerez, Juan",2B,(N/A),\N,"[""jerez juan""]",\N,\N,\N,\N,\N,\N
04zay,"Teng, Kai-Wei",SP,HOU,\N,"[""teng kai wei""]",\N,\N,\N,\N,\N,\N
02bxv,"Gray, Jon",RP,(N/A),\N,"[""gray jon""]",\N,\N,\N,\N,\N,\N
04zb0,"Moreno, Luis",RP,(N/A),\N,[],\N,\N,\N,\N,\N,\N
05lg6,"Hakanson, Jeffrey",P,(N/A),\N,"[""hakanson jeffrey""]",\N,\N,\N,\N,\N,\N
05lg4,"Ragsdale, Carson",RP,(N/A),\N,"[""ragsdale carson""]",\N,\N,\N,\N,\N,\N
05lg5,"Radcliff, Baron",OF,(N/A),\N,"[""radcliff baron""]",\N,\N,\N,\N,\N,\N
05lg2,"Norris, Liam",RP,(N/A),\N,"[""norris liam""]",\N,\N,\N,\N,\N,\N
05lg3,"Pfaadt, Brandon",SP,ARI,\N,"[""pfaadt brandon""]",\N,\N,\N,\N,\N,\N
05lg1,"Baumler, Carter",RP,TEX,\N,"[""baumler carter""]",\N,\N,\N,\N,\N,\N
02bzn,"Rea, Colin",SP,CHC,\N,"[""rea colin""]",\N,\N,\N,\N,\N,\N
02bzl,"Rios, Yacksel",RP,(N/A),\N,"[""rios yacksel""]",\N,\N,\N,\N,\N,\N
02bze,"Krehbiel, Joey",RP,(N/A),\N,"[""krehbiel joey""]",\N,\N,\N,\N,\N,\N
02byy,"Sadzeck, Connor",RP,(N/A),\N,"[""sadzeck connor""]",\N,\N,\N,\N,\N,\N
02but,"DeSclafani, Anthony",SP,(N/A),\N,"[""desclafani anthony""]",\N,\N,\N,\N,\N,\N
02bul,"Cave, Jake",RF,CHW,\N,"[""cave jake""]",\N,\N,\N,\N,\N,\N
0345w,"Westbrook, Jamie",2B,(N/A),\N,"[""westbrook jamie""]",\N,\N,\N,\N,\N,\N
02buh,"Barlow, Scott",RP,KC,\N,"[""barlow scott""]",\N,\N,\N,\N,\N,\N
02btx,"Glasnow, Tyler",SP,LAD,\N,"[""glasnow tyler""]",\N,\N,\N,\N,\N,\N
02bv2,"Haase, Eric",C,ATL,\N,"[""haase eric""]",\N,\N,\N,\N,\N,\N
02btq,"McGough, Scott",RP,(N/A),\N,"[""mcgough scott""]",\N,\N,\N,\N,\N,\N
02btf,"Betts, Mookie",SS,LAD,\N,"[""betts mookie""]",\N,\N,\N,\N,\N,\N
02btg,"Scott, Tayler",RP,(N/A),\N,"[""scott tayler""]",\N,\N,\N,\N,\N,\N
02btc,"Perez, Michael",C,(N/A),\N,[],\N,\N,\N,\N,\N,\N
02bu9,"Semien, Marcus",2B,NYM,\N,"[""semien marcus""]",\N,\N,\N,\N,\N,\N
02bsw,"Clevinger, Mike",SP,PIT,\N,"[""clevinger mike""]",\N,\N,\N,\N,\N,\N
02bwt,"Barnes, Austin",C,(N/A),\N,"[""barnes austin""]",\N,\N,\N,\N,\N,\N
02bwv,"Brooks, Aaron",SP,TB,\N,"[""brooks aaron""]",\N,\N,\N,\N,\N,\N
05lb9,"Garcia, Nick",RP,SEA,\N,"[""garcia nick""]",\N,\N,\N,\N,\N,\N
02bx4,"Holmes, Clay",SP,CHC,\N,"[""holmes clay""]",\N,\N,\N,\N,\N,\N
02bx6,"Law, Derek",SP,ARI,\N,"[""law derek""]",\N,\N,\N,\N,\N,\N
05lb8,"McCambley, Zach",RP,CIN,\N,"[""mccambley zach""]",\N,\N,\N,\N,\N,\N
02bvk,"Martini, Nick",RF,(N/A),\N,"[""martini nick""]",\N,\N,\N,\N,\N,\N
02bvf,"Giles, Ken",RP,(N/A),\N,"[""giles ken""]",\N,\N,\N,\N,\N,\N
02bve,"Treinen, Blake",RP,LAD,\N,"[""treinen blake""]",\N,\N,\N,\N,\N,\N
06pqe,"Watson, Will",SP,NYM,\N,"[""watson will""]",\N,\N,\N,\N,\N,\N
06r3e,"Arroyo, Samuel",C,(N/A),\N,"[""arroyo samuel""]",\N,\N,\N,\N,\N,\N
06r3f,"Muzziotti, Cesar",SP,(N/A),\N,"[""muzziotti cesar""]",\N,\N,\N,\N,\N,\N
06pqf,"Wietgrefe, Connor",SP,PIT,\N,"[""wietgrefe connor""]",\N,\N,\N,\N,\N,\N
06pqc,"Cranz, Robert",RP,WSH,\N,"[""cranz robert""]",\N,\N,\N,\N,\N,\N
06r3c,"Gonzalez, Yohandry",RP,(N/A),\N,"[""gonzalez yohandry""]",\N,\N,\N,\N,\N,\N
06pqd,"Holmes, Bridger",RP,LAA,\N,"[""holmes bridger""]",\N,\N,\N,\N,\N,\N
06r3d,"Travieso, Jesus",SP,PIT,\N,"[""travieso jesus""]",\N,\N,\N,\N,\N,\N
06pqa,"Ulloa, Fidel",RP,COL,\N,"[""ulloa fidel""]",\N,\N,\N,\N,\N,\N
06r3a,"Alcantara, Jhon",SP,(N/A),\N,"[""alcantara jhon""]",\N,\N,\N,\N,\N,\N
06pqb,"Fox, Phil",RP,CHW,\N,"[""fox phil""]",\N,\N,\N,\N,\N,\N
06r3b,"Frias, Madinson",RP,BOS,\N,"[""frias madinson""]",\N,\N,\N,\N,\N,\N
06r2z,"Smith, Shurland",SP,(N/A),\N,"[""smith shurland""]",\N,\N,\N,\N,\N,\N
06r2x,"Herrera, Angel",SP,PIT,\N,"[""herrera angel""]",\N,\N,\N,\N,\N,\N
06r2y,"Lopez, Jesus",RP,(N/A),\N,[],\N,\N,\N,\N,\N,\N
06ppv,"Gresham, Tanner",SP,PHI,\N,"[""gresham tanner""]",\N,\N,\N,\N,\N,\N
06r48,"Prado, Abis",RP,(N/A),\N,"[""prado abis""]",\N,\N,\N,\N,\N,\N
06r2v,"Rodriguez, Wuilliams",RP,SEA,\N,[],\N,\N,\N,\N,\N,\N
06r49,"Galvan, Gilbel",RP,BOS,\N,"[""galvan gilbel""]",\N,\N,\N,\N,\N,\N
06r2w,"Mateo, Juan",3B,ATL,\N,"[""mateo juan""]",\N,\N,\N,\N,\N,\N
06r46,"Salas, Hector",2B,HOU,\N,"[""salas hector""]",\N,\N,\N,\N,\N,\N
06r2t,"Sanchez, Jose",RP,WSH,\N,"[""sanchez jose""]",\N,\N,\N,\N,\N,\N
06ppt,"Davis, Luke",1B,PHI,\N,"[""davis luke""]",\N,\N,\N,\N,\N,\N
06ppu,"Dromboski, Ryan",SP,PHI,\N,"[""dromboski ryan""]",\N,\N,\N,\N,\N,\N
06r2u,"Sanchez, Junior",SP,ARI,\N,[],\N,\N,\N,\N,\N,\N
06r47,"Colina, Daniel",RP,(N/A),\N,"[""colina daniel""]",\N,\N,\N,\N,\N,\N
06r44,"Madero, Steven",1B,DET,\N,"[""madero steven""]",\N,\N,\N,\N,\N,\N
06ppr,"Tukis, Zack",RP,PHI,\N,"[""tukis zack""]",\N,\N,\N,\N,\N,\N
06r45,"Mota, Eddy",RP,(N/A),\N,"[""mota eddy""]",\N,\N,\N,\N,\N,\N
06pps,"Tello, Raider",1B,PHI,\N,"[""tello raider""]",\N,\N,\N,\N,\N,\N
06r2s,"Martinez, Michael",LF,ATL,\N,[],\N,\N,\N,\N,\N,\N
06r2p,"Patton, Myles",SP,BOS,\N,"[""patton myles""]",\N,\N,\N,\N,\N,\N
06r43,"Pena, David",SP,SEA,\N,"[""pena david""]",\N,\N,\N,\N,\N,\N
06r2n,"Ramos, Santiago",C,(N/A),\N,"[""ramos santiago""]",\N,\N,\N,\N,\N,\N
06r40,"Ayubi, Karim",CF,(N/A),\N,"[""ayubi karim""]",\N,\N,\N,\N,\N,\N
"10280#40",Team Pitching,TmP,\N,\N,[],\N,\N,\N,\N,\N,\N
06r41,"Ortiz, David",1B,TEX,\N,"[""ortiz david""]",\N,\N,\N,\N,\N,\N
06r2o,"Gallegos, Alonso",SS,(N/A),\N,"[""gallegos alonso""]",\N,\N,\N,\N,\N,\N
06r2a,"Garcia, Anhuar",SP,CHC,\N,"[""garcia anhuar""]",\N,\N,\N,\N,\N,\N
05mlv,"Little, Christian",SP,SEA,\N,"[""little christian""]",\N,\N,\N,\N,\N,\N
06pq9,"Colleran, Dennis",RP,KC,\N,"[""colleran dennis""]",\N,\N,\N,\N,\N,\N
06r39,"Padilla, Leider",LF,LAD,\N,"[""padilla leider""]",\N,\N,\N,\N,\N,\N
06r1w,"Colorado, Juan",3B,SF,\N,"[""colorado juan""]",\N,\N,\N,\N,\N,\N
06pq7,"Marriott, Mason",SP,ARI,\N,"[""marriott mason""]",\N,\N,\N,\N,\N,\N
06r1u,"Tamburini, Kevin",1B,(N/A),\N,"[""tamburini kevin""]",\N,\N,\N,\N,\N,\N
06r37,"Solano, Rocky",CF,(N/A),\N,"[""solano rocky""]",\N,\N,\N,\N,\N,\N
06pq8,"Fien, Dylan",C,ATH,\N,"[""fien dylan""]",\N,\N,\N,\N,\N,\N
06r38,"Saez, Jhoanjel",2B,(N/A),\N,"[""saez jhoanjel""]",\N,\N,\N,\N,\N,\N
06r1v,"Dominguez, Ramiro",2B,MIN,\N,"[""dominguez ramiro""]",\N,\N,\N,\N,\N,\N
06pq5,"Auger, Brooks",SP,LAD,\N,"[""auger brooks""]",\N,\N,\N,\N,\N,\N
06r1s,"Quintana, Marlon",SP,PIT,\N,"[""quintana marlon""]",\N,\N,\N,\N,\N,\N
06r35,"Tromp, Deshandro",1B,(N/A),\N,"[""tromp deshandro""]",\N,\N,\N,\N,\N,\N
06pq6,"Powell, Caden",SS,HOU,\N,"[""powell caden""]",\N,\N,\N,\N,\N,\N
06r1t,"Melgarejo, Oscar",SP,CLE,\N,"[""melgarejo oscar""]",\N,\N,\N,\N,\N,\N
"10280#50",Team,Tm,\N,\N,[],\N,\N,\N,\N,\N,\N
06pq3,"Welch, Chandler",SP,MIL,\N,"[""welch chandler""]",\N,\N,\N,\N,\N,\N
06r33,"Polanco, Julio",RP,(N/A),\N,"[""polanco julio""]",\N,\N,\N,\N,\N,\N
06r1r,"Contreras, Yohandri",RP,ATH,\N,"[""contreras yohandri""]",\N,\N,\N,\N,\N,\N
06r34,"Pacheco, Azaeel",C,ATH,\N,"[""pacheco azaeel""]",\N,\N,\N,\N,\N,\N
06pq4,"Layton, DJ",2B,BAL,\N,"[""layton dj""]",\N,\N,\N,\N,\N,\N
06r1o,"Yrish, Rene",RP,PHI,\N,"[""yrish rene""]",\N,\N,\N,\N,\N,\N
07101,"Astudillo, Anthony",SP,TEX,\N,"[""astudillo anthony""]",\N,\N,\N,\N,\N,\N
06r1p,"Delpino, Geremi",RP,(N/A),\N,"[""delpino geremi""]",\N,\N,\N,\N,\N,\N
06r32,"Marin, Alexis",SP,(N/A),\N,"[""marin alexis""]",\N,\N,\N,\N,\N,\N
06r1m,"Rivera, Alejandro",SP,CIN,\N,"[""rivera alejandro""]",\N,\N,\N,\N,\N,\N
06r30,"Salomon, Javier",SP,(N/A),\N,"[""salomon javier""]",\N,\N,\N,\N,\N,\N
06r1n,"Tovar, Erich",RP,CLE,\N,"[""tovar erich""]",\N,\N,\N,\N,\N,\N
06r1k,"Castillo, Hector",RP,CLE,\N,"[""castillo hector""]",\N,\N,\N,\N,\N,\N
06r1l,"Ardiles, Wilinyer",SP,CLE,\N,"[""ardiles wilinyer""]",\N,\N,\N,\N,\N,\N
06r1i,"Torrealba, Osmar",LF,CLE,\N,"[""torrealba osmar""]",\N,\N,\N,\N,\N,\N
06r1j,"Taveras, Romer",RF,CLE,\N,"[""taveras romer""]",\N,\N,\N,\N,\N,\N
06r1g,"Blasco, Alejandro",LF,CLE,\N,"[""blasco alejandro""]",\N,\N,\N,\N,\N,\N
06r1h,"Arias, Dariel",RF,CLE,\N,"[""arias dariel""]",\N,\N,\N,\N,\N,\N
06r1e,"Garces, Carlos",CF,CLE,\N,"[""garces carlos""]",\N,\N,\N,\N,\N,\N
06r1f,"Caripa, Carlos",RF,CLE,\N,"[""caripa carlos""]",\N,\N,\N,\N,\N,\N
06r5g,"Ojeda, Michell",2B,PIT,\N,"[""ojeda michell""]",\N,\N,\N,\N,\N,\N
06r5h,"Castillo, Darian",2B,SD,\N,"[""castillo darian""]",\N,\N,\N,\N,\N,\N
06r5e,"Martinez, Alfonzo",RF,TB,\N,"[""martinez alfonzo""]",\N,\N,\N,\N,\N,\N
06r5f,"Crespo, Ricardo",RF,SF,\N,"[""crespo ricardo""]",\N,\N,\N,\N,\N,\N
06r4z,"Peeples, Ty",CF,(N/A),\N,"[""peeples ty""]",\N,\N,\N,\N,\N,\N
06r4y,"Johnston, Brodie",3B,(N/A),\N,"[""johnston brodie""]",\N,\N,\N,\N,\N,\N
06r4v,"Haight, Adam",SS,(N/A),\N,"[""haight adam""]",\N,\N,\N,\N,\N,\N
06r4w,"Kiel II, Terrence",CF,(N/A),\N,"[""kiel ii terrence""]",\N,\N,\N,\N,\N,\N
06r4t,"Rerick, Drew",SP,(N/A),\N,"[""rerick drew""]",\N,\N,\N,\N,\N,\N
06r4u,"French, Anderson",C,(N/A),\N,"[""french anderson""]",\N,\N,\N,\N,\N,\N
06r4r,"Cotton, Chase",3B,(N/A),\N,"[""cotton chase""]",\N,\N,\N,\N,\N,\N
06r4s,"Torres, Michael",CF,(N/A),\N,"[""torres michael""]",\N,\N,\N,\N,\N,\N
06r4p,"Lawrence, Tre",CF,(N/A),\N,"[""lawrence tre""]",\N,\N,\N,\N,\N,\N
06r4q,"Shouse, Carter",CF,(N/A),\N,"[""shouse carter""]",\N,\N,\N,\N,\N,\N
06r4n,"Peterson, Beau",3B,HOU,\N,"[""peterson beau""]",\N,\N,\N,\N,\N,\N
06r4o,"Rojas, Gio",SP,TEX,\N,"[""rojas gio""]",\N,\N,\N,\N,\N,\N
06r4l,"Luciano, Sandy",RF,KC,\N,"[""luciano sandy""]",\N,\N,\N,\N,\N,\N
06r4m,"Lane Jr., Jorvorskie",C,(N/A),\N,"[""lane jr jorvorskie""]",\N,\N,\N,\N,\N,\N
06r4j,"Longo, Anthony",C,KC,\N,"[""longo anthony""]",\N,\N,\N,\N,\N,\N
06r4k,"Mejia, Omar",3B,KC,\N,"[""mejia omar""]",\N,\N,\N,\N,\N,\N
06r4i,"Rivero, Marwin",DH,KC,\N,"[""rivero marwin""]",\N,\N,\N,\N,\N,\N
06r4f,"Chacon, Robinson",LF,KC,\N,"[""chacon robinson""]",\N,\N,\N,\N,\N,\N
06r4g,"Romero, David",2B,(N/A),\N,"[""romero david""]",\N,\N,\N,\N,\N,\N
06r4d,"Mesta, Frankeli",3B,PIT,\N,"[""mesta frankeli""]",\N,\N,\N,\N,\N,\N
05mod,"Galiz, Jesus",C,LAD,\N,"[""galiz jesus""]",\N,\N,\N,\N,\N,\N
06r4e,"Hoff, Paul",SP,MIL,\N,"[""hoff paul""]",\N,\N,\N,\N,\N,\N
06r4b,"Aray, Cristian",SP,SEA,\N,"[""aray cristian""]",\N,\N,\N,\N,\N,\N
06r4c,"Thompson, J.D.",SP,MIL,\N,"[""thompson j d""]",\N,\N,\N,\N,\N,\N
06r4a,"Rodriguez, Maikel",RP,MIA,\N,"[""rodriguez maikel""]",\N,\N,\N,\N,\N,\N
06r3y,"De La Paz, Jarlen",SP,(N/A),\N,"[""de la paz jarlen""]",\N,\N,\N,\N,\N,\N
06r3z,"Caraballo, Jan",RP,DET,\N,"[""caraballo jan""]",\N,\N,\N,\N,\N,\N
06r59,"Navarro, Cristian",SP,(N/A),\N,"[""navarro cristian""]",\N,\N,\N,\N,\N,\N
06r3x,"Cooke, Bjay",RP,ATH,\N,"[""cooke bjay""]",\N,\N,\N,\N,\N,\N
0710t,"Dill, Jay",RP,ATH,\N,"[""dill jay""]",\N,\N,\N,\N,\N,\N
06r57,"Arrieche, Gregori",SP,SEA,\N,"[""arrieche gregori""]",\N,\N,\N,\N,\N,\N
06r3v,"Bryan, Brooks",C,KC,\N,"[""bryan brooks""]",\N,\N,\N,\N,\N,\N
06r58,"Herrera, Herlinton",1B,(N/A),\N,"[""herrera herlinton""]",\N,\N,\N,\N,\N,\N
06pqs,"Cova, Andres",RP,LAA,\N,"[""cova andres""]",\N,\N,\N,\N,\N,\N
06r55,"Santana, Kevin",SP,HOU,\N,"[""santana kevin""]",\N,\N,\N,\N,\N,\N
0710s,"Davis, Jared",2B,ATH,\N,"[""davis jared""]",\N,\N,\N,\N,\N,\N
06r56,"Lebron, Cristofer",LF,STL,\N,"[""lebron cristofer""]",\N,\N,\N,\N,\N,\N
06pqq,"Rodriguez, Melvin",SP,MIN,\N,"[""rodriguez melvin""]",\N,\N,\N,\N,\N,\N
06r3q,"Jones, Kyle",CF,MIL,\N,[],\N,\N,\N,\N,\N,\N
06ps3,"Bautista, Yorger",CF,SEA,\N,"[""bautista yorger""]",\N,\N,\N,\N,\N,\N
06r53,"Reynoso, Franniel",SP,WSH,\N,"[""reynoso franniel""]",\N,\N,\N,\N,\N,\N
06ps4,"Rodriguez, Cris",CF,DET,\N,"[""rodriguez cris""]",\N,\N,\N,\N,\N,\N
06r3r,"Donay, Brody",C,TB,\N,"[""donay brody""]",\N,\N,\N,\N,\N,\N
06r54,"Reyna, Emanuel",CF,(N/A),\N,"[""reyna emanuel""]",\N,\N,\N,\N,\N,\N
06r51,"Diaz, Oniel",SP,CIN,\N,"[""diaz oniel""]",\N,\N,\N,\N,\N,\N
06ps2,"Gonzalez, Josuar",SS,SF,\N,"[""gonzalez josuar""]",\N,\N,\N,\N,\N,\N
06r52,"Soto, Randy",C,TOR,\N,"[""soto randy""]",\N,\N,\N,\N,\N,\N
"10280#30",Team Hitting,TmH,\N,\N,[],\N,\N,\N,\N,\N,\N
06pqm,"Sullivan, Cameron",SP,CLE,\N,"[""sullivan cameron""]",\N,\N,\N,\N,\N,\N
06r50,"Manzueta, Anyel",RP,WSH,\N,"[""manzueta anyel""]",\N,\N,\N,\N,\N,\N
06r3g,"Brito, Josue",1B,BOS,\N,"[""brito josue""]",\N,\N,\N,\N,\N,\N
06r08,"Briceno, Miguel",RF,MIN,\N,"[""briceno miguel""]",\N,\N,\N,\N,\N,\N
06r09,"Garcia, Darvin",SP,(N/A),\N,"[""garcia darvin""]",\N,\N,\N,\N,\N,\N
06r06,"Bido, Anderson",RP,(N/A),\N,"[""bido anderson""]",\N,\N,\N,\N,\N,\N
"10190#30",Team Hitting,TmH,\N,\N,[],\N,\N,\N,\N,\N,\N
06r07,"Clenney, Nolan",RP,(N/A),\N,"[""clenney nolan""]",\N,\N,\N,\N,\N,\N
06r04,"Dipre, Isaias",SS,(N/A),\N,"[""dipre isaias""]",\N,\N,\N,\N,\N,\N
06r05,"Calderon, Augusto",SP,(N/A),\N,"[""calderon augusto""]",\N,\N,\N,\N,\N,\N
06plp,"Hernandez, Merphy",CF,MIN,\N,"[""hernandez merphy""]",\N,\N,\N,\N,\N,\N
06r03,"Cotter, Cameron",SP,CIN,\N,"[""cotter cameron""]",\N,\N,\N,\N,\N,\N
06r00,"Miller, Andrew",C,(N/A),\N,"[""miller andrew""]",\N,\N,\N,\N,\N,\N
06plo,"Lafond, Frandy",RF,MIL,\N,"[""lafond frandy""]",\N,\N,\N,\N,\N,\N
06r01,"Jefferson, Chris",SP,(N/A),\N,"[""jefferson chris""]",\N,\N,\N,\N,\N,\N
06pll,"Conrad, Ethan",CF,CHC,\N,"[""conrad ethan""]",\N,\N,\N,\N,\N,\N
06plk,"Leon, Luis",CF,MIA,\N,[],\N,\N,\N,\N,\N,\N
06plg,"Cabrera, Jose",SP,ARI,\N,[],\N,\N,\N,\N,\N,\N
06plb,"Cunningham, Carter",1B,TOR,\N,"[""cunningham carter""]",\N,\N,\N,\N,\N,\N
06plc,"Antonacci, Sam",2B,CHW,\N,"[""antonacci sam""]",\N,\N,\N,\N,\N,\N
06pla,"Susac, Anthony",RP,TEX,\N,"[""susac anthony""]",\N,\N,\N,\N,\N,\N
"10190#40",Team Pitching,TmP,\N,\N,[],\N,\N,\N,\N,\N,\N
06pkg,"Strosnider, Sawyer",CF,MIL,\N,"[""strosnider sawyer""]",\N,\N,\N,\N,\N,\N
06r1c,"Ustariz, Santiago",DH,CLE,\N,"[""ustariz santiago""]",\N,\N,\N,\N,\N,\N
06r1d,"Uribe, Delni",SP,(N/A),\N,"[""uribe delni""]",\N,\N,\N,\N,\N,\N
06r1a,"Soriano, Angel",SP,PIT,\N,"[""soriano angel""]",\N,\N,\N,\N,\N,\N
06r1b,"Gonzalez, Angel",LF,MIL,\N,[],\N,\N,\N,\N,\N,\N
06r29,"Sandoval, Joshuan",1B,(N/A),\N,"[""sandoval joshuan""]",\N,\N,\N,\N,\N,\N
06r26,"Pacheco, Orlando",C,(N/A),\N,"[""pacheco orlando""]",\N,\N,\N,\N,\N,\N
"10190#50",Team,Tm,\N,\N,[],\N,\N,\N,\N,\N,\N
06r27,"Rodriguez, Luis",SP,(N/A),\N,[],\N,\N,\N,\N,\N,\N
06r0r,"King, Wenderlyn",RP,MIL,\N,"[""king wenderlyn""]",\N,\N,\N,\N,\N,\N
06r25,"Bierd, Frediry",RP,(N/A),\N,"[""bierd frediry""]",\N,\N,\N,\N,\N,\N
06pp5,"Harmon, Landon",SP,WSH,\N,"[""harmon landon""]",\N,\N,\N,\N,\N,\N
06r22,"Langford, Ryan",RP,(N/A),\N,"[""langford ryan""]",\N,\N,\N,\N,\N,\N
06pp3,"Renzullo, Carlos",LF,COL,\N,"[""renzullo carlos""]",\N,\N,\N,\N,\N,\N
06r0q,"Garcia, Dariel",2B,COL,\N,"[""garcia dariel""]",\N,\N,\N,\N,\N,\N
06r23,"Harding, Houston",RP,LAA,\N,"[""harding houston""]",\N,\N,\N,\N,\N,\N
06r0n,"Westphal, Luke",SP,(N/A),\N,"[""westphal luke""]",\N,\N,\N,\N,\N,\N
06r20,"Nunnallee, James",CF,(N/A),\N,"[""nunnallee james""]",\N,\N,\N,\N,\N,\N
06r21,"OReilly, John",RP,(N/A),\N,"[""oreilly john""]",\N,\N,\N,\N,\N,\N
06r0l,"Cienfuegos, Miguel",SP,SD,\N,"[""cienfuegos miguel""]",\N,\N,\N,\N,\N,\N
06r0m,"Sanchez, Fernando",RP,SD,\N,"[""sanchez fernando""]",\N,\N,\N,\N,\N,\N
06r0j,"Piotto, Konner",C,(N/A),\N,"[""piotto konner""]",\N,\N,\N,\N,\N,\N
06r0k,"Birlingmair, Reid",SP,(N/A),\N,"[""birlingmair reid""]",\N,\N,\N,\N,\N,\N
06r0h,"Sako, Yuhi",RP,(N/A),\N,"[""sako yuhi""]",\N,\N,\N,\N,\N,\N
06r0i,"Medina, Ruben",SP,TEX,\N,"[""medina ruben""]",\N,\N,\N,\N,\N,\N
06r0f,"Cruz, Aleiman",SP,DET,\N,"[""cruz aleiman""]",\N,\N,\N,\N,\N,\N
06r0g,"Gutierrez, Luis",SS,KC,\N,[],\N,\N,\N,\N,\N,\N
06r0d,"Gomez, Henry",RP,(N/A),\N,"[""gomez henry""]",\N,\N,\N,\N,\N,\N
06r0e,"Bustamante, Omar",C,DET,\N,"[""bustamante omar""]",\N,\N,\N,\N,\N,\N
06r0c,"De La Rosa, Franck",RP,(N/A),\N,"[""de la rosa franck""]",\N,\N,\N,\N,\N,\N
06r0a,"Abeyta, Blane",RP,ATL,\N,"[""abeyta blane""]",\N,\N,\N,\N,\N,\N
06pmw,"Magdaleno, Bryan",RP,TEX,\N,"[""magdaleno bryan""]",\N,\N,\N,\N,\N,\N
06r19,"Aray, Adrian",SP,(N/A),\N,"[""aray adrian""]",\N,\N,\N,\N,\N,\N
06r17,"Tapia, Jesus",RP,(N/A),\N,"[""tapia jesus""]",\N,\N,\N,\N,\N,\N
06r18,"Romero, Rubens",RP,PIT,\N,"[""romero rubens""]",\N,\N,\N,\N,\N,\N
06r15,"Calcurian, Omar",RP,SF,\N,"[""calcurian omar""]",\N,\N,\N,\N,\N,\N
06r16,"Martinez, Randol",RP,(N/A),\N,"[""martinez randol""]",\N,\N,\N,\N,\N,\N
06r13,"Villarreal, Elkyns",SP,SF,\N,"[""villarreal elkyns""]",\N,\N,\N,\N,\N,\N
06r14,"De La Rosa, Jose",SP,(N/A),\N,[],\N,\N,\N,\N,\N,\N
06r11,"Caraballo, Uilfe",SP,(N/A),\N,"[""caraballo uilfe""]",\N,\N,\N,\N,\N,\N
06r12,"Bueno, Ismauri",RP,(N/A),\N,"[""bueno ismauri""]",\N,\N,\N,\N,\N,\N
03xs7,"Perlaza, Yonathan",RF,(N/A),\N,"[""perlaza yonathan""]",\N,\N,\N,\N,\N,\N
03xs6,"Guzman, Jeison",SS,(N/A),\N,"[""guzman jeison""]",\N,\N,\N,\N,\N,\N
03xs3,"Amaya, Miguel",C,CHC,\N,"[""amaya miguel""]",\N,\N,\N,\N,\N,\N
02w16,"Santander, Anthony",LF,TOR,\N,"[""santander anthony""]",\N,\N,\N,\N,\N,\N
06r9y,"Delzine, Sadbiel",SP,BOS,\N,"[""delzine sadbiel""]",\N,\N,\N,\N,\N,\N
06r9q,"Alvarez, Carlos",SP,SD,\N,"[""alvarez carlos""]",\N,\N,\N,\N,\N,\N
06r9r,"Morel, Darell",SS,PIT,\N,"[""morel darell""]",\N,\N,\N,\N,\N,\N
06r9o,"Gomez, Luis",C,(N/A),\N,"[""gomez luis""]",\N,\N,\N,\N,\N,\N
06py1,"Guanchez, Alfredo",3B,ARI,\N,"[""guanchez alfredo""]",\N,\N,\N,\N,\N,\N
06r9p,"Yean, Ariel",RP,(N/A),\N,"[""yean ariel""]",\N,\N,\N,\N,\N,\N
06r9n,"Kim, Jayden",2B,PIT,\N,"[""kim jayden""]",\N,\N,\N,\N,\N,\N
03xu8,"Norimoto, Takahiro",SP,(N/A),\N,"[""norimoto takahiro""]",\N,\N,\N,\N,\N,\N
05mxd,"Vaquero, Cristhian",CF,WSH,\N,"[""vaquero cristhian""]",\N,\N,\N,\N,\N,\N
021jb,"Brasier, Ryan",RP,(N/A),\N,"[""brasier ryan""]",\N,\N,\N,\N,\N,\N
04l80,"Hiraldo, Miguel",2B,(N/A),\N,"[""hiraldo miguel""]",\N,\N,\N,\N,\N,\N
03z62,"Dalbec, Bobby",1B,(N/A),\N,"[""dalbec bobby""]",\N,\N,\N,\N,\N,\N
05mx9,"Celesten, Felnin",SS,SEA,\N,"[""celesten felnin""]",\N,\N,\N,\N,\N,\N
05mrh,"Mechals, Kade",P,(N/A),\N,"[""mechals kade""]",\N,\N,\N,\N,\N,\N
06r7i,"Curtis, Kolton",SP,TEX,\N,"[""curtis kolton""]",\N,\N,\N,\N,\N,\N
05mri,"Wu-Yelland, Jeremy",RP,BOS,\N,"[""wu yelland jeremy""]",\N,\N,\N,\N,\N,\N
06r7g,"Serrano, Teilon",CF,MIN,\N,"[""serrano teilon""]",\N,\N,\N,\N,\N,\N
047l7,"Robert Jr., Luis",CF,BAL,\N,"[""robert jr luis""]",\N,\N,\N,\N,\N,\N
05mrg,"Lindsly, Brady",C,(N/A),\N,"[""lindsly brady""]",\N,\N,\N,\N,\N,\N
06r7h,"Vasquez, Jose",SP,LAD,\N,"[""vasquez jose""]",\N,\N,\N,\N,\N,\N
06pue,"Stretch, Jacob",RP,TEX,\N,"[""stretch jacob""]",\N,\N,\N,\N,\N,\N
05mre,"Strider, Spencer",SP,ATL,\N,"[""strider spencer""]",\N,\N,\N,\N,\N,\N
05mrb,"Coffey, Adisyn",RP,CHW,\N,"[""coffey adisyn""]",\N,\N,\N,\N,\N,\N
06r7c,"Reese, Ace",LF,SEA,\N,"[""reese ace""]",\N,\N,\N,\N,\N,\N
06r7d,"Clemente, Jake",RP,MIA,\N,"[""clemente jake""]",\N,\N,\N,\N,\N,\N
06r7a,"Ritchie, Kollin",LF,(N/A),\N,"[""ritchie kollin""]",\N,\N,\N,\N,\N,\N
06r7b,"Advincula, Jarren",2B,LAA,\N,"[""advincula jarren""]",\N,\N,\N,\N,\N,\N
06r6z,"Santos, Robert",CF,(N/A),\N,"[""santos robert""]",\N,\N,\N,\N,\N,\N
06r6x,"De La Cruz, Marlon",SP,WSH,\N,"[""de la cruz marlon""]",\N,\N,\N,\N,\N,\N
03xmd,"Brebbia, John",RP,BOS,\N,"[""brebbia john""]",\N,\N,\N,\N,\N,\N
06r6y,"Carela, Enmanuel",RP,WSH,\N,"[""carela enmanuel""]",\N,\N,\N,\N,\N,\N
06ptv,"Aquino, Cesar",RP,PIT,\N,"[""aquino cesar""]",\N,\N,\N,\N,\N,\N
06r88,"Thompson, Evan",CF,(N/A),\N,"[""thompson evan""]",\N,\N,\N,\N,\N,\N
06r6v,"Hernandez, Edinson",RP,WSH,\N,"[""hernandez edinson""]",\N,\N,\N,\N,\N,\N
06r6w,"Robles, Jean",SP,WSH,\N,"[""robles jean""]",\N,\N,\N,\N,\N,\N
06r89,"Kearney, Aiden",3B,(N/A),\N,"[""kearney aiden""]",\N,\N,\N,\N,\N,\N
06r86,"Stewart, Ethan",RF,(N/A),\N,"[""stewart ethan""]",\N,\N,\N,\N,\N,\N
06r6t,"Dos Santos, Vinicius",LF,SF,\N,"[""dos santos vinicius""]",\N,\N,\N,\N,\N,\N
06r87,"Purdy, Andrew",3B,(N/A),\N,"[""purdy andrew""]",\N,\N,\N,\N,\N,\N
06r6u,"Vasquez, Brandon",LF,SF,\N,"[""vasquez brandon""]",\N,\N,\N,\N,\N,\N
06r84,"Alzi, Alexander",1B,(N/A),\N,"[""alzi alexander""]",\N,\N,\N,\N,\N,\N
06r6r,"Castro, Kendry",RP,SF,\N,"[""castro kendry""]",\N,\N,\N,\N,\N,\N
06r85,"Del Angel, Anthony",3B,(N/A),\N,"[""del angel anthony""]",\N,\N,\N,\N,\N,\N
06r6p,"Blanca, Wilmer",LF,TOR,\N,"[""blanca wilmer""]",\N,\N,\N,\N,\N,\N
06r6q,"Nunez, Zeus",DH,(N/A),\N,"[""nunez zeus""]",\N,\N,\N,\N,\N,\N
06r80,"Perez, Axel",SP,BAL,\N,"[""perez axel""]",\N,\N,\N,\N,\N,\N
06r6o,"Olivo, Carlos",SP,TOR,\N,"[""olivo carlos""]",\N,\N,\N,\N,\N,\N
06r81,"Hilaire, Jovensly",CF,TEX,\N,"[""hilaire jovensly""]",\N,\N,\N,\N,\N,\N
06r6l,"Tucent, Pedro",RP,(N/A),\N,"[""tucent pedro""]",\N,\N,\N,\N,\N,\N
06r6m,"Espiritu, Victor",RP,TOR,\N,"[""espiritu victor""]",\N,\N,\N,\N,\N,\N
06r6j,"Hernandez, Kendrick",3B,DET,\N,"[""hernandez kendrick""]",\N,\N,\N,\N,\N,\N
06r6i,"Batista, Guillermo",3B,DET,\N,"[""batista guillermo""]",\N,\N,\N,\N,\N,\N
03gl9,"Ynoa, Huascar",SP,LAA,\N,"[""ynoa huascar""]",\N,\N,\N,\N,\N,\N
06r5y,"Flores, Rafael",LF,TOR,\N,[],\N,\N,\N,\N,\N,\N
06r5w,"Sojo, Justim",SS,(N/A),\N,"[""sojo justim""]",\N,\N,\N,\N,\N,\N
06r79,"Molony, Maddox",SS,DET,\N,"[""molony maddox""]",\N,\N,\N,\N,\N,\N
03xlc,"Pache, Cristian",RF,NYM,\N,"[""pache cristian""]",\N,\N,\N,\N,\N,\N
06r5x,"Lasorsa, Rafael",SP,(N/A),\N,"[""lasorsa rafael""]",\N,\N,\N,\N,\N,\N
06r77,"Ortiz, Avery",2B,WSH,\N,"[""ortiz avery""]",\N,\N,\N,\N,\N,\N
06r5u,"Wilson, Tejahari",RP,(N/A),\N,"[""wilson tejahari""]",\N,\N,\N,\N,\N,\N
06r5v,"Veraza, Yoandys",RP,BOS,\N,"[""veraza yoandys""]",\N,\N,\N,\N,\N,\N
06r78,"Breyfogle, Easton",LF,(N/A),\N,"[""breyfogle easton""]",\N,\N,\N,\N,\N,\N
06r5s,"Nunez, Jorge",RP,ATL,\N,"[""nunez jorge""]",\N,\N,\N,\N,\N,\N
06r75,"Holloway, Bo",SP,(N/A),\N,"[""holloway bo""]",\N,\N,\N,\N,\N,\N
06r76,"Sorrell, Caden",LF,CHC,\N,"[""sorrell caden""]",\N,\N,\N,\N,\N,\N
06r5t,"Marquez, Noslen",SP,(N/A),\N,"[""marquez noslen""]",\N,\N,\N,\N,\N,\N
06r73,"Bumila, Brody",SP,TEX,\N,"[""bumila brody""]",\N,\N,\N,\N,\N,\N
06r5q,"Fenelon, Kenny",CF,MIL,\N,"[""fenelon kenny""]",\N,\N,\N,\N,\N,\N
03xla,"Nunez, Darien",RP,(N/A),\N,"[""nunez darien""]",\N,\N,\N,\N,\N,\N
06r74,"Sims, Savion",SP,CLE,\N,"[""sims savion""]",\N,\N,\N,\N,\N,\N
06r5o,"Antunez, Brailyn",CF,MIL,\N,"[""antunez brailyn""]",\N,\N,\N,\N,\N,\N
06r71,"Morse, Gary",SP,(N/A),\N,"[""morse gary""]",\N,\N,\N,\N,\N,\N
06r72,"Ragsdale, Blake",SS,(N/A),\N,"[""ragsdale blake""]",\N,\N,\N,\N,\N,\N
06r5p,"Yang, Nien-Hsi",SP,SF,\N,"[""yang nien hsi""]",\N,\N,\N,\N,\N,\N
06psm,"Salas, Andrew",SS,MIA,\N,"[""salas andrew""]",\N,\N,\N,\N,\N,\N
06r70,"Henderson, Lash",CF,(N/A),\N,"[""henderson lash""]",\N,\N,\N,\N,\N,\N
06r5n,"Fernandez, Jomar",SP,(N/A),\N,"[""fernandez jomar""]",\N,\N,\N,\N,\N,\N
06psn,"Alvarez, Kevin",CF,HOU,\N,"[""alvarez kevin""]",\N,\N,\N,\N,\N,\N
06r5i,"Alfonzo, Dayquer",1B,SD,\N,"[""alfonzo dayquer""]",\N,\N,\N,\N,\N,\N
06r9f,"Serwa, Kenny",SP,DET,\N,"[""serwa kenny""]",\N,\N,\N,\N,\N,\N
06r9c,"Polanco, Cristopher",SS,TOR,\N,"[""polanco cristopher""]",\N,\N,\N,\N,\N,\N
06r9a,"Calcano, Warren",SS,KC,\N,"[""calcano warren""]",\N,\N,\N,\N,\N,\N
06r9b,"De Los Santos, Johan",2B,PIT,\N,"[""de los santos johan""]",\N,\N,\N,\N,\N,\N
06pvz,"Knight, Caleb",C,(N/A),\N,"[""knight caleb""]",\N,\N,\N,\N,\N,\N
06r8u,"Morii, Shotaro",2B,ATH,\N,"[""morii shotaro""]",\N,\N,\N,\N,\N,\N
06r8n,"Hemenway, Max",SS,(N/A),\N,"[""hemenway max""]",\N,\N,\N,\N,\N,\N
06pvl,"Shen, Chia-Shi",SP,SEA,\N,"[""shen chia shi""]",\N,\N,\N,\N,\N,\N
06r8l,"Sotani, Ryuhei",SP,(N/A),\N,"[""sotani ryuhei""]",\N,\N,\N,\N,\N,\N
06r8m,"Mercado, Dylan",3B,(N/A),\N,"[""mercado dylan""]",\N,\N,\N,\N,\N,\N
06r8h,"Ortiz, Angel",RF,ARI,\N,"[""ortiz angel""]",\N,\N,\N,\N,\N,\N
06r8i,"Nunez, Daniel",SP,ARI,\N,"[""nunez daniel""]",\N,\N,\N,\N,\N,\N
06r8f,"Mendez, Miguel",RP,SF,\N,"[""mendez miguel""]",\N,\N,\N,\N,\N,\N
06r8g,"Dalis, Wilder",3B,COL,\N,"[""dalis wilder""]",\N,\N,\N,\N,\N,\N
06r8d,"Fana, Nomar",RF,(N/A),\N,"[""fana nomar""]",\N,\N,\N,\N,\N,\N
06r8e,"Hernandez, Alcides",DH,SD,\N,"[""hernandez alcides""]",\N,\N,\N,\N,\N,\N
06r8b,"Martinez, Bryan",LF,LAA,\N,"[""martinez bryan""]",\N,\N,\N,\N,\N,\N
06r8c,"Sanchez, Wilmy",RP,NYY,\N,"[""sanchez wilmy""]",\N,\N,\N,\N,\N,\N
06r8a,"Anderson, Colin",3B,(N/A),\N,"[""anderson colin""]",\N,\N,\N,\N,\N,\N
05mrx,"Stone, Gavin",SP,LAD,\N,"[""stone gavin""]",\N,\N,\N,\N,\N,\N
06r7y,"Arrieche, Esmeiquel",C,TOR,\N,"[""arrieche esmeiquel""]",\N,\N,\N,\N,\N,\N
06r7z,"Bushell, Jack",RP,DET,\N,"[""bushell jack""]",\N,\N,\N,\N,\N,\N
05mrv,"Orze, Eric",RP,MIN,\N,"[""orze eric""]",\N,\N,\N,\N,\N,\N
06r99,"Reyes, Raudy",SP,ATL,\N,"[""reyes raudy""]",\N,\N,\N,\N,\N,\N
05mrw,"Jones, LJ",LF,(N/A),\N,"[""jones lj""]",\N,\N,\N,\N,\N,\N
06r7x,"Ajoti, Allen",C,LAD,\N,"[""ajoti allen""]",\N,\N,\N,\N,\N,\N
05mrt,"Murphy, Ryan",RP,STL,\N,"[""murphy ryan""]",\N,\N,\N,\N,\N,\N
05mru,"Saggese, Thomas",2B,STL,\N,"[""saggese thomas""]",\N,\N,\N,\N,\N,\N
05mrr,"Blomgren, Jack",SS,(N/A),\N,"[""blomgren jack""]",\N,\N,\N,\N,\N,\N
06r95,"De La Cruz, Elian",RF,ARI,\N,"[""de la cruz elian""]",\N,\N,\N,\N,\N,\N
06r7s,"Pol, Marcos",SP,ATL,\N,"[""pol marcos""]",\N,\N,\N,\N,\N,\N
05mrs,"Horn, Bailey",RP,DET,\N,"[""horn bailey""]",\N,\N,\N,\N,\N,\N
06r7t,"Medina, Johandi",RP,TOR,\N,"[""medina johandi""]",\N,\N,\N,\N,\N,\N
05mrp,"Raya, Marco",SP,MIN,\N,"[""raya marco""]",\N,\N,\N,\N,\N,\N
06r7q,"Cruz, Steven",RF,CLE,\N,[],\N,\N,\N,\N,\N,\N
05mrn,"Williams, Case",SP,COL,\N,"[""williams case""]",\N,\N,\N,\N,\N,\N
06r91,"Strop, Royelny",CF,STL,\N,"[""strop royelny""]",\N,\N,\N,\N,\N,\N
05mro,"Wainwright, Mac",1B,(N/A),\N,"[""wainwright mac""]",\N,\N,\N,\N,\N,\N
06pw2,"Zsak, Donovan",RP,CLE,\N,"[""zsak donovan""]",\N,\N,\N,\N,\N,\N
06r7p,"Gonzalez, Howard",CF,(N/A),\N,"[""gonzalez howard""]",\N,\N,\N,\N,\N,\N
05mrl,"Chamberlain, Christian",RP,KC,\N,"[""chamberlain christian""]",\N,\N,\N,\N,\N,\N
05mrm,"Hartman, Jack",RP,TB,\N,"[""hartman jack""]",\N,\N,\N,\N,\N,\N
06r7n,"Coronil, Deivid",3B,SD,\N,"[""coronil deivid""]",\N,\N,\N,\N,\N,\N
05mrj,"Daniels, Zach",CF,(N/A),\N,"[""daniels zach""]",\N,\N,\N,\N,\N,\N
05mrk,"MacLean, Dylan",P,TEX,\N,"[""maclean dylan""]",\N,\N,\N,\N,\N,\N
03h8n,"Sierra, Magneuris",LF,(N/A),\N,"[""sierra magneuris""]",\N,\N,\N,\N,\N,\N
046td,"Santos, Antonio",SP,(N/A),\N,"[""santos antonio""]",\N,\N,\N,\N,\N,\N
03h90,"Neris, Hector",RP,(N/A),\N,"[""neris hector""]",\N,\N,\N,\N,\N,\N
059zc,"Jimenez, Dany",RP,(N/A),\N,"[""jimenez dany""]",\N,\N,\N,\N,\N,\N
03y4y,"De Los Santos, Enyel",RP,HOU,\N,"[""de los santos enyel""]",\N,\N,\N,\N,\N,\N
033lr,"Sanchez, Ali",C,NYY,\N,"[""sanchez ali""]",\N,\N,\N,\N,\N,\N
0351m,"Castro, Miguel",RP,(N/A),\N,"[""castro miguel""]",\N,\N,\N,\N,\N,\N
0484h,"Crismatt, Nabil",RP,(N/A),\N,"[""crismatt nabil""]",\N,\N,\N,\N,\N,\N
059tv,"Campos, Roberto",RF,DET,\N,"[""campos roberto""]",\N,\N,\N,\N,\N,\N
"10110#40",Team Pitching,TmP,\N,\N,[],\N,\N,\N,\N,\N,\N
06phu,"Nunez, German",SP,(N/A),\N,"[""nunez german""]",\N,\N,\N,\N,\N,\N
06phb,"Alvarez, Edgar",LF,CHC,\N,"[""alvarez edgar""]",\N,\N,\N,\N,\N,\N
06pha,"Clayton, Cam",1B,MIA,\N,"[""clayton cam""]",\N,\N,\N,\N,\N,\N
06pgy,"Holcombe, Colby",SP,TOR,\N,"[""holcombe colby""]",\N,\N,\N,\N,\N,\N
06pi9,"Lewis, Dillon",CF,MIA,\N,"[""lewis dillon""]",\N,\N,\N,\N,\N,\N
"10110#30",Team Hitting,TmH,\N,\N,[],\N,\N,\N,\N,\N,\N
05mdt,"Carter, Evan",CF,TEX,\N,"[""carter evan""]",\N,\N,\N,\N,\N,\N
06pgu,"Russell, Mason",SP,(N/A),\N,"[""russell mason""]",\N,\N,\N,\N,\N,\N
06pgs,"Friend, Jacob",C,CIN,\N,"[""friend jacob""]",\N,\N,\N,\N,\N,\N
06pgq,"Hadeen, Woody",SS,DET,\N,"[""hadeen woody""]",\N,\N,\N,\N,\N,\N
06pgr,"Aita, Blake",SP,STL,\N,"[""aita blake""]",\N,\N,\N,\N,\N,\N
06pgo,"Olejnik, Peyton",SP,LAA,\N,"[""olejnik peyton""]",\N,\N,\N,\N,\N,\N
06pgp,"Favors, Caden",SP,CLE,\N,"[""favors caden""]",\N,\N,\N,\N,\N,\N
06pgm,"Appel, Jackson",C,CHW,\N,"[""appel jackson""]",\N,\N,\N,\N,\N,\N
06pgn,"Kross, Josh",1B,STL,\N,"[""kross josh""]",\N,\N,\N,\N,\N,\N
06pi0,"Hartman, Eric",CF,ATL,\N,"[""hartman eric""]",\N,\N,\N,\N,\N,\N
06pgk,"Hertzler, Cole",SP,HOU,\N,"[""hertzler cole""]",\N,\N,\N,\N,\N,\N
06pgl,"Mathison, Carter",RF,PHI,\N,"[""mathison carter""]",\N,\N,\N,\N,\N,\N
06pgi,"Jones, Tanner",SP,KC,\N,"[""jones tanner""]",\N,\N,\N,\N,\N,\N
06pgj,"Romeo, Josiah",SP,ATH,\N,"[""romeo josiah""]",\N,\N,\N,\N,\N,\N
06pgg,"Armas, Ariel",C,CHC,\N,"[""armas ariel""]",\N,\N,\N,\N,\N,\N
06pgh,"Eaton, Konner",SP,COL,\N,"[""eaton konner""]",\N,\N,\N,\N,\N,\N
06pge,"Holobetz, John",SP,BOS,\N,"[""holobetz john""]",\N,\N,\N,\N,\N,\N
06pgf,"Beilenson, Charlie",RP,SEA,\N,"[""beilenson charlie""]",\N,\N,\N,\N,\N,\N
06pgc,"Gatwood, Connor",SP,(N/A),\N,"[""gatwood connor""]",\N,\N,\N,\N,\N,\N
06pgd,"Stafford, Ryan",C,BAL,\N,"[""stafford ryan""]",\N,\N,\N,\N,\N,\N
06pgb,"Terrell, Bub",CF,(N/A),\N,"[""terrell bub""]",\N,\N,\N,\N,\N,\N
"10110#50",Team,Tm,\N,\N,[],\N,\N,\N,\N,\N,\N
06pk8,"Moss, Callan",1B,PIT,\N,"[""moss callan""]",\N,\N,\N,\N,\N,\N
06pk6,"Bagwell, Ethan",SP,ATL,\N,"[""bagwell ethan""]",\N,\N,\N,\N,\N,\N
06pik,"Frederick, Carter",RF,KC,\N,"[""frederick carter""]",\N,\N,\N,\N,\N,\N
06pie,"Cesarini, Ryan",RF,CLE,\N,"[""cesarini ryan""]",\N,\N,\N,\N,\N,\N
06pif,"Combs, Aaron",SP,PHI,\N,"[""combs aaron""]",\N,\N,\N,\N,\N,\N
06pid,"Micheletti Jr., Eddie",RF,LAA,\N,"[""micheletti jr eddie""]",\N,\N,\N,\N,\N,\N
046yd,"Santana, Dennis",RP,ARI,\N,"[""santana dennis""]",\N,\N,\N,\N,\N,\N
01s98,"Iglesias, Jose",2B,(N/A),\N,"[""iglesias jose""]",\N,\N,\N,\N,\N,\N
01s99,"dArnaud, Travis",C,LAA,\N,"[""darnaud travis""]",\N,\N,\N,\N,\N,\N
059zn,"Whitley, Kodi",RP,TB,\N,"[""whitley kodi""]",\N,\N,\N,\N,\N,\N
059zq,"De Jesus, Angel",RP,(N/A),\N,"[""de jesus angel""]",\N,\N,\N,\N,\N,\N
059zp,"Herrera, Eduardo",RP,(N/A),\N,[],\N,\N,\N,\N,\N,\N
046y2,"Young, Chavez",CF,(N/A),\N,"[""young chavez""]",\N,\N,\N,\N,\N,\N
059zm,"Garabitos, Natanael",RP,(N/A),\N,"[""garabitos natanael""]",\N,\N,\N,\N,\N,\N
06ph4,"Sanchez, Javier",1B,TEX,\N,"[""sanchez javier""]",\N,\N,\N,\N,\N,\N
06ph0,"Stanfield, Chris",CF,(N/A),\N,"[""stanfield chris""]",\N,\N,\N,\N,\N,\N
06ph1,"Brennan, Payton",LF,(N/A),\N,"[""brennan payton""]",\N,\N,\N,\N,\N,\N
06pfl,"Melendez, Cristofer",RP,(N/A),\N,"[""melendez cristofer""]",\N,\N,\N,\N,\N,\N
06pff,"Tassin, Bryce",RP,(N/A),\N,"[""tassin bryce""]",\N,\N,\N,\N,\N,\N
06pfg,"Broughton, Joey",SP,MIL,\N,"[""broughton joey""]",\N,\N,\N,\N,\N,\N
01s9k,"Marte, Starling",DH,KC,\N,"[""marte starling""]",\N,\N,\N,\N,\N,\N
06pfc,"Lopez, Leandro",RP,TEX,\N,"[""lopez leandro""]",\N,\N,\N,\N,\N,\N
01s9g,"Montgomery, Mike",RP,(N/A),\N,"[""montgomery mike""]",\N,\N,\N,\N,\N,\N
01s9c,"Grichuk, Randal",DH,CHW,\N,"[""grichuk randal""]",\N,\N,\N,\N,\N,\N
06pey,"Whitten, Kyle",RP,(N/A),\N,"[""whitten kyle""]",\N,\N,\N,\N,\N,\N
01s9d,"Sano, Miguel",3B,(N/A),\N,"[""sano miguel""]",\N,\N,\N,\N,\N,\N
06pg9,"Velasco, Kevin",SP,BAL,\N,"[""velasco kevin""]",\N,\N,\N,\N,\N,\N
06pg8,"Hernandez, Melkis",SP,CLE,\N,"[""hernandez melkis""]",\N,\N,\N,\N,\N,\N
06pg5,"Jenkins-Cowart, Jacob",RF,MIA,\N,"[""jenkins cowart jacob""]",\N,\N,\N,\N,\N,\N
06pg6,"Arquette, Aiva",SS,MIA,\N,"[""arquette aiva""]",\N,\N,\N,\N,\N,\N
06pg3,"Karpathios, Braedon",RF,SD,\N,"[""karpathios braedon""]",\N,\N,\N,\N,\N,\N
06pg4,"Ortiz, Deniel",3B,STL,\N,"[""ortiz deniel""]",\N,\N,\N,\N,\N,\N
06pg1,"Rivas, Xavier",SP,NYY,\N,"[""rivas xavier""]",\N,\N,\N,\N,\N,\N
06pg2,"Parker, Aaron",C,TOR,\N,"[""parker aaron""]",\N,\N,\N,\N,\N,\N
06pg0,"Cain, Tegan",RP,PHI,\N,"[""cain tegan""]",\N,\N,\N,\N,\N,\N
01s8u,"Trout, Mike",DH,LAA,\N,"[""trout mike""]",\N,\N,\N,\N,\N,\N
06pee,"Torres, Wande",SP,MIL,\N,"[""torres wande""]",\N,\N,\N,\N,\N,\N
06qsf,"Davalillo, Gabriel",C,LAA,\N,"[""davalillo gabriel""]",\N,\N,\N,\N,\N,\N
06qsg,"Magdic, Ryan",RP,ATH,\N,"[""magdic ryan""]",\N,\N,\N,\N,\N,\N
03ym6,"Vasquez, Andrew",RP,(N/A),\N,"[""vasquez andrew""]",\N,\N,\N,\N,\N,\N
06qsd,"Cedeno, Mani",SS,NYY,\N,"[""cedeno mani""]",\N,\N,\N,\N,\N,\N
06qse,"Johnson, Ayden",3B,ATH,\N,"[""johnson ayden""]",\N,\N,\N,\N,\N,\N
06qsc,"Cabada, Juan",2B,CHC,\N,"[""cabada juan""]",\N,\N,\N,\N,\N,\N
01seh,"Cobb, Alex",SP,(N/A),\N,"[""cobb alex""]",\N,\N,\N,\N,\N,\N
06qry,"Reid, Rocco",RP,ARI,\N,"[""reid rocco""]",\N,\N,\N,\N,\N,\N
06qrz,"Fowler, Brooks",SP,TEX,\N,"[""fowler brooks""]",\N,\N,\N,\N,\N,\N
06qrw,"Gabrysh, Luke",SP,NYM,\N,"[""gabrysh luke""]",\N,\N,\N,\N,\N,\N
06s69,"Herrera, Steven",2B,MIA,\N,"[""herrera steven""]",\N,\N,\N,\N,\N,\N
06qru,"Peschl, Cole",SP,MIN,\N,"[""peschl cole""]",\N,\N,\N,\N,\N,\N
06qrv,"Carey, Owen",LF,ATL,\N,"[""carey owen""]",\N,\N,\N,\N,\N,\N
06qrs,"Higgins Jr., Thomas",SP,SEA,\N,"[""higgins jr thomas""]",\N,\N,\N,\N,\N,\N
01seb,"Grossman, Robbie",RF,(N/A),\N,"[""grossman robbie""]",\N,\N,\N,\N,\N,\N
06qrt,"Datil, Derek",CF,TB,\N,"[""datil derek""]",\N,\N,\N,\N,\N,\N
06qt6,"Diaz, Victor",RP,CIN,\N,[],\N,\N,\N,\N,\N,\N
06qrq,"Toole, Marshall",CF,TB,\N,"[""toole marshall""]",\N,\N,\N,\N,\N,\N
06qrr,"Frank, Hayden",SP,CHC,\N,"[""frank hayden""]",\N,\N,\N,\N,\N,\N
06qro,"Little, Jordan",RP,CIN,\N,"[""little jordan""]",\N,\N,\N,\N,\N,\N
06qrp,"Smith, Tanner",RP,BAL,\N,[],\N,\N,\N,\N,\N,\N
06qrm,"MacDonald, Zach",CF,DET,\N,"[""macdonald zach""]",\N,\N,\N,\N,\N,\N
06qrn,"Gartrell, Joey",RP,BOS,\N,"[""gartrell joey""]",\N,\N,\N,\N,\N,\N
06qt0,"Mershon, David",SS,LAA,\N,"[""mershon david""]",\N,\N,\N,\N,\N,\N
06qrk,"Woodward, Owen",RP,NYM,\N,"[""woodward owen""]",\N,\N,\N,\N,\N,\N
06qrl,"Whittaker, Conner",RP,CLE,\N,"[""whittaker conner""]",\N,\N,\N,\N,\N,\N
06qri,"Brodersen, Sam",RP,WSH,\N,"[""brodersen sam""]",\N,\N,\N,\N,\N,\N
"10050#50",Team,Tm,\N,\N,[],\N,\N,\N,\N,\N,\N
06qrj,"Caraballo, Balian",RF,(N/A),\N,"[""caraballo balian""]",\N,\N,\N,\N,\N,\N
06qrg,"Moore, Mason",SP,CHW,\N,"[""moore mason""]",\N,\N,\N,\N,\N,\N
06b49,"Curry, Aidan",SP,TEX,\N,"[""curry aidan""]",\N,\N,\N,\N,\N,\N
06qrh,"Jones, Sir Jamison",C,WSH,\N,"[""jones sir jamison""]",\N,\N,\N,\N,\N,\N
06qre,"Davis, Tyler",RP,BOS,\N,[],\N,\N,\N,\N,\N,\N
06qrc,"Loomis, Eric",RP,TEX,\N,"[""loomis eric""]",\N,\N,\N,\N,\N,\N
06qrd,"Hammond, Blake",RP,ATH,\N,"[""hammond blake""]",\N,\N,\N,\N,\N,\N
06qra,"Mayer, Bryce",SP,HOU,\N,"[""mayer bryce""]",\N,\N,\N,\N,\N,\N
06s4a,"Figuereo, Enmanuel",RF,BOS,\N,"[""figuereo enmanuel""]",\N,\N,\N,\N,\N,\N
06qrb,"Brown, Dawson",RP,ARI,\N,"[""brown dawson""]",\N,\N,\N,\N,\N,\N
06s4b,"Ochoa, Jhonger",2B,DET,\N,"[""ochoa jhonger""]",\N,\N,\N,\N,\N,\N
05nny,"Peguero, Odalys",SS,(N/A),\N,"[""peguero odalys""]",\N,\N,\N,\N,\N,\N
06qqz,"Romano, Jimmy",RP,CIN,\N,"[""romano jimmy""]",\N,\N,\N,\N,\N,\N
06qqx,"Kilander, Griffin",RP,BOS,\N,"[""kilander griffin""]",\N,\N,\N,\N,\N,\N
06qqy,"Switalski, Tyler",RP,SF,\N,"[""switalski tyler""]",\N,\N,\N,\N,\N,\N
06qqv,"Blum, Josh",RP,NYM,\N,"[""blum josh""]",\N,\N,\N,\N,\N,\N
04km8,"Machado, Andres",RP,(N/A),\N,"[""machado andres""]",\N,\N,\N,\N,\N,\N
06qqw,"Remily, Jacob",SP,CLE,\N,"[""remily jacob""]",\N,\N,\N,\N,\N,\N
06qqt,"Hughes, Nolan",RP,WSH,\N,"[""hughes nolan""]",\N,\N,\N,\N,\N,\N
06qs6,"Hartl, Ben",C,CHW,\N,"[""hartl ben""]",\N,\N,\N,\N,\N,\N
06qqu,"Gervase, Will",RP,LAA,\N,"[""gervase will""]",\N,\N,\N,\N,\N,\N
06qqr,"Marquez, Anthony",SS,SF,\N,"[""marquez anthony""]",\N,\N,\N,\N,\N,\N
06s3r,"Alfaro, Jervis",SP,CLE,\N,"[""alfaro jervis""]",\N,\N,\N,\N,\N,\N
06qqs,"McCants, T.J.",LF,(N/A),\N,"[""mccants t j""]",\N,\N,\N,\N,\N,\N
06s3s,"Rojas, Juan",3B,HOU,\N,[],\N,\N,\N,\N,\N,\N
06qs2,"Matsuo, Shion",C,(N/A),\N,"[""matsuo shion""]",\N,\N,\N,\N,\N,\N
06s3p,"Gutierrez, Carlos",RF,(N/A),\N,[],\N,\N,\N,\N,\N,\N
06qqp,"Fitzer, Kevin",1B,COL,\N,"[""fitzer kevin""]",\N,\N,\N,\N,\N,\N
06s3q,"Flores, Luis",RP,CLE,\N,"[""flores luis""]",\N,\N,\N,\N,\N,\N
06qs3,"Terachi, Ryusei",C,(N/A),\N,"[""terachi ryusei""]",\N,\N,\N,\N,\N,\N
06qqq,"Didawick, Harrison",LF,(N/A),\N,"[""didawick harrison""]",\N,\N,\N,\N,\N,\N
06qs0,"Inoue, Haruto",SP,(N/A),\N,"[""inoue haruto""]",\N,\N,\N,\N,\N,\N
06s3n,"Wegielnik, Robert",RP,(N/A),\N,"[""wegielnik robert""]",\N,\N,\N,\N,\N,\N
06qqn,"Dubanewicz, Jayden",SP,MIL,\N,"[""dubanewicz jayden""]",\N,\N,\N,\N,\N,\N
06s3o,"Martinez, Jose",RP,NYY,\N,"[""martinez jose""]",\N,\N,\N,\N,\N,\N
06qs1,"Tanaka, Haruya",SP,(N/A),\N,"[""tanaka haruya""]",\N,\N,\N,\N,\N,\N
06qqo,"Morones, Andrew",RP,KC,\N,"[""morones andrew""]",\N,\N,\N,\N,\N,\N
06s3l,"Barnes, Zach",RP,(N/A),\N,"[""barnes zach""]",\N,\N,\N,\N,\N,\N
06s3m,"Zapata, Julio",RP,(N/A),\N,"[""zapata julio""]",\N,\N,\N,\N,\N,\N
06s3j,"Perez, Steven",RP,CLE,\N,"[""perez steven""]",\N,\N,\N,\N,\N,\N
06s3k,"Schultz, Connor",RP,CHC,\N,"[""schultz connor""]",\N,\N,\N,\N,\N,\N
06s3h,"Bowman, Kaleb",RP,MIL,\N,"[""bowman kaleb""]",\N,\N,\N,\N,\N,\N
03yk5,"Reed, Michael",CF,(N/A),\N,"[""reed michael""]",\N,\N,\N,\N,\N,\N
06s3i,"Gonzalez, Alex",SP,HOU,\N,"[""gonzalez alex""]",\N,\N,\N,\N,\N,\N
"10050#40",Team Pitching,TmP,\N,\N,[],\N,\N,\N,\N,\N,\N
06s3f,"Francisco, Carlos",RP,(N/A),\N,"[""francisco carlos""]",\N,\N,\N,\N,\N,\N
06s3g,"Bryant, Tyler",RP,MIL,\N,"[""bryant tyler""]",\N,\N,\N,\N,\N,\N
0724g,"Graulau, Gabe",CF,(N/A),\N,"[""graulau gabe""]",\N,\N,\N,\N,\N,\N
06b79,"Womack, Alsander",2B,(N/A),\N,"[""womack alsander""]",\N,\N,\N,\N,\N,\N
06quh,"Parliament, Wyatt",SP,NYY,\N,"[""parliament wyatt""]",\N,\N,\N,\N,\N,\N
0724h,"Franklin, Kaemyn",SP,CHC,\N,"[""franklin kaemyn""]",\N,\N,\N,\N,\N,\N
06qui,"Brink, Nick",SP,MIA,\N,"[""brink nick""]",\N,\N,\N,\N,\N,\N
0724e,"Waite, Ryker",SS,(N/A),\N,"[""waite ryker""]",\N,\N,\N,\N,\N,\N
06quf,"Jones II, Keith",RF,TEX,\N,"[""jones ii keith""]",\N,\N,\N,\N,\N,\N
0724f,"Ketelsen, Brock",CF,(N/A),\N,"[""ketelsen brock""]",\N,\N,\N,\N,\N,\N
06qug,"Farone, Greg",SP,SF,\N,"[""farone greg""]",\N,\N,\N,\N,\N,\N
0724c,"Renteria, Francisco",CF,PHI,\N,"[""renteria francisco""]",\N,\N,\N,\N,\N,\N
06qud,"Smith, Ryan",RP,(N/A),\N,"[""smith ryan""]",\N,\N,\N,\N,\N,\N
06que,"McLaughlin, Ben",1B,ARI,\N,"[""mclaughlin ben""]",\N,\N,\N,\N,\N,\N
0724a,"Nunez Jr., Angel",CF,CIN,\N,"[""nunez jr angel""]",\N,\N,\N,\N,\N,\N
06qub,"Doktorczyk, Jason",SP,MIN,\N,"[""doktorczyk jason""]",\N,\N,\N,\N,\N,\N
0724b,"Gomez, Angeibel",CF,KC,\N,"[""gomez angeibel""]",\N,\N,\N,\N,\N,\N
06quc,"Crowder, Jack",RP,BAL,\N,"[""crowder jack""]",\N,\N,\N,\N,\N,\N
06b72,"Lombard Jr., George",SS,NYY,\N,"[""lombard jr george""]",\N,\N,\N,\N,\N,\N
06qua,"Tobias, Griffin",RP,MIL,\N,"[""tobias griffin""]",\N,\N,\N,\N,\N,\N
06qty,"Sprague-Lott, Jared",2B,ATH,\N,"[""sprague lott jared""]",\N,\N,\N,\N,\N,\N
06qtz,"Brown, Canyon",C,KC,\N,"[""brown canyon""]",\N,\N,\N,\N,\N,\N
06qtw,"Deakins, Aidan",SP,TEX,\N,"[""deakins aidan""]",\N,\N,\N,\N,\N,\N
06qtx,"Dragoo, Joel",LF,PHI,\N,"[""dragoo joel""]",\N,\N,\N,\N,\N,\N
06qtu,"Boettcher, Bryce",CF,HOU,\N,"[""boettcher bryce""]",\N,\N,\N,\N,\N,\N
06qv7,"Leary, Cameron",LF,ATH,\N,"[""leary cameron""]",\N,\N,\N,\N,\N,\N
06qtv,"Ayers, Kyle",RP,ARI,\N,"[""ayers kyle""]",\N,\N,\N,\N,\N,\N
06qv5,"Jameson, Fisher",RP,COL,\N,"[""jameson fisher""]",\N,\N,\N,\N,\N,\N
06qts,"Villani, Mike",RP,CIN,\N,"[""villani mike""]",\N,\N,\N,\N,\N,\N
06qtt,"Jones, Colby",2B,ATL,\N,"[""jones colby""]",\N,\N,\N,\N,\N,\N
06qv6,"Ackenhausen, Nate",RP,KC,\N,"[""ackenhausen nate""]",\N,\N,\N,\N,\N,\N
06qv3,"Madron, Bryce",CF,(N/A),\N,"[""madron bryce""]",\N,\N,\N,\N,\N,\N
06qtq,"Kolhosser, Xavier",RP,MIN,\N,"[""kolhosser xavier""]",\N,\N,\N,\N,\N,\N
06qtr,"Downer, Brandon",SP,BAL,\N,"[""downer brandon""]",\N,\N,\N,\N,\N,\N
06qv4,"Johnson, Luke",RP,WSH,\N,"[""johnson luke""]",\N,\N,\N,\N,\N,\N
06qto,"Eike, Brandon",3B,SEA,\N,"[""eike brandon""]",\N,\N,\N,\N,\N,\N
06qv1,"Sales, R.J.",SP,WSH,\N,"[""sales r j""]",\N,\N,\N,\N,\N,\N
06qv2,"Berg, Derek",C,PIT,\N,"[""berg derek""]",\N,\N,\N,\N,\N,\N
06qtp,"Hujsak, Connor",RF,TB,\N,"[""hujsak connor""]",\N,\N,\N,\N,\N,\N
06qtm,"Watson, Matthew",SP,SD,\N,"[""watson matthew""]",\N,\N,\N,\N,\N,\N
06qtn,"Aschenbeck, Evan",SP,CHC,\N,"[""aschenbeck evan""]",\N,\N,\N,\N,\N,\N
06qv0,"Vernon, Cade",RP,SF,\N,"[""vernon cade""]",\N,\N,\N,\N,\N,\N
06qtk,"George, Drake",SP,SF,\N,"[""george drake""]",\N,\N,\N,\N,\N,\N
06qtl,"Stephan, Anthony",LF,CIN,\N,"[""stephan anthony""]",\N,\N,\N,\N,\N,\N
01sfv,"Peralta, Wily",RP,(N/A),\N,"[""peralta wily""]",\N,\N,\N,\N,\N,\N
06qti,"Elissalt, Lucas",SP,DET,\N,"[""elissalt lucas""]",\N,\N,\N,\N,\N,\N
06qtj,"Sprague, Shea",RP,BOS,\N,"[""sprague shea""]",\N,\N,\N,\N,\N,\N
06qtg,"McShane, Matt",RP,BOS,\N,"[""mcshane matt""]",\N,\N,\N,\N,\N,\N
06qth,"Thompson, Bennett",C,CLE,\N,"[""thompson bennett""]",\N,\N,\N,\N,\N,\N
0723d,"Morishita, Shota",CF,(N/A),\N,"[""morishita shota""]",\N,\N,\N,\N,\N,\N
06qte,"Lockhart, Fulton",RP,LAA,\N,"[""lockhart fulton""]",\N,\N,\N,\N,\N,\N
06qtf,"Gordon, R.J.",SP,NYM,\N,"[""gordon r j""]",\N,\N,\N,\N,\N,\N
06qtc,"Sparks, Nolan",SP,STL,\N,"[""sparks nolan""]",\N,\N,\N,\N,\N,\N
06qtd,"Martinez, Robinson",RP,(N/A),\N,"[""martinez robinson""]",\N,\N,\N,\N,\N,\N
06qta,"George, Pierce",RP,CHW,\N,"[""george pierce""]",\N,\N,\N,\N,\N,\N
0723a,"Perez, Francisco",C,TEX,\N,[],\N,\N,\N,\N,\N,\N
06qtb,"Olson, Bryant",RP,WSH,\N,"[""olson bryant""]",\N,\N,\N,\N,\N,\N
01sfi,"LeMahieu, DJ",3B,NYY,\N,"[""lemahieu dj""]",\N,\N,\N,\N,\N,\N
06qsz,"Quinn, Braden",SP,(N/A),\N,"[""quinn braden""]",\N,\N,\N,\N,\N,\N
07249,"Custodio, Jeancer",CF,PIT,\N,"[""custodio jeancer""]",\N,\N,\N,\N,\N,\N
06qsx,"Guerra, Mason",1B,ATL,\N,"[""guerra mason""]",\N,\N,\N,\N,\N,\N
06qsy,"Mathiesen, Ryan",RP,HOU,\N,"[""mathiesen ryan""]",\N,\N,\N,\N,\N,\N
07247,"Rosario, Elian",3B,TEX,\N,"[""rosario elian""]",\N,\N,\N,\N,\N,\N
06qsv,"Achen, Cohen",RP,BAL,\N,"[""achen cohen""]",\N,\N,\N,\N,\N,\N
06qu8,"Butler, Aiden",SP,SEA,\N,"[""butler aiden""]",\N,\N,\N,\N,\N,\N
07248,"Valdez, Victor",SS,TB,\N,"[""valdez victor""]",\N,\N,\N,\N,\N,\N
06qu9,"Gleed, Dub",3B,TOR,\N,"[""gleed dub""]",\N,\N,\N,\N,\N,\N
06qsw,"Gagnon, Will",SP,LAD,\N,"[""gagnon will""]",\N,\N,\N,\N,\N,\N
06qu6,"Bauman, Tanner",SP,ATL,\N,"[""bauman tanner""]",\N,\N,\N,\N,\N,\N
06qst,"Freethy, J.R.",2B,TOR,\N,"[""freethy j r""]",\N,\N,\N,\N,\N,\N
06qu7,"Caple, Brooks",SP,CHC,\N,"[""caple brooks""]",\N,\N,\N,\N,\N,\N
06qsu,"Kisting, Jacob",RP,MIA,\N,"[""kisting jacob""]",\N,\N,\N,\N,\N,\N
06qsr,"St. Laurent, Austin",SS,SEA,\N,"[""st laurent austin""]",\N,\N,\N,\N,\N,\N
06qu4,"McCrystal, Ryan",C,CIN,\N,"[""mccrystal ryan""]",\N,\N,\N,\N,\N,\N
06qu5,"Evans, Zach",3B,SD,\N,"[""evans zach""]",\N,\N,\N,\N,\N,\N
06qss,"Schiefer, Ryan",SP,CHW,\N,"[""schiefer ryan""]",\N,\N,\N,\N,\N,\N
0722o,"Ohtsu, Ryosuke",SP,(N/A),\N,"[""ohtsu ryosuke""]",\N,\N,\N,\N,\N,\N
06qsp,"Durfee, Brendan",C,SD,\N,"[""durfee brendan""]",\N,\N,\N,\N,\N,\N
06qu2,"Matson, Sean",RP,CLE,\N,"[""matson sean""]",\N,\N,\N,\N,\N,\N
06qsq,"Green, Austin",2B,NYY,\N,"[""green austin""]",\N,\N,\N,\N,\N,\N
06qu3,"Zielinski, Zane",SS,SF,\N,"[""zielinski zane""]",\N,\N,\N,\N,\N,\N
06qsn,"Howey, Preston",RP,DET,\N,"[""howey preston""]",\N,\N,\N,\N,\N,\N
06qu0,"Young, Jack",RP,CHW,\N,"[""young jack""]",\N,\N,\N,\N,\N,\N
06qso,"Bouchard, Alex",SP,BOS,\N,"[""bouchard alex""]",\N,\N,\N,\N,\N,\N
06qu1,"Ross, Jackson",1B,WSH,\N,"[""ross jackson""]",\N,\N,\N,\N,\N,\N
06qsl,"Victor, Najer",RP,LAA,\N,"[""victor najer""]",\N,\N,\N,\N,\N,\N
06qsm,"Farrow, Ian",RF,(N/A),\N,"[""farrow ian""]",\N,\N,\N,\N,\N,\N
01ses,"Strickland, Hunter",RP,(N/A),\N,"[""strickland hunter""]",\N,\N,\N,\N,\N,\N
06qsj,"Sinibaldi, Justin",SP,CHW,\N,"[""sinibaldi justin""]",\N,\N,\N,\N,\N,\N
06qsk,"Burns, Mason",RP,STL,\N,"[""burns mason""]",\N,\N,\N,\N,\N,\N
06qsh,"DeGroat, Kyle",SP,KC,\N,"[""degroat kyle""]",\N,\N,\N,\N,\N,\N
01sev,"Miley, Wade",SP,(N/A),\N,"[""miley wade""]",\N,\N,\N,\N,\N,\N
06qsi,"Gerth, Sam",RP,COL,\N,"[""gerth sam""]",\N,\N,\N,\N,\N,\N
06qob,"Beeker, Merritt",RP,WSH,\N,"[""beeker merritt""]",\N,\N,\N,\N,\N,\N
06qoc,"Shepardson, Blake",RP,CHW,\N,"[""shepardson blake""]",\N,\N,\N,\N,\N,\N
06qoa,"Roselli, Nick",2B,(N/A),\N,"[""roselli nick""]",\N,\N,\N,\N,\N,\N
"10140#50",Team,Tm,\N,\N,[],\N,\N,\N,\N,\N,\N
06qny,"Gongora, Sebastian",SP,BAL,\N,"[""gongora sebastian""]",\N,\N,\N,\N,\N,\N
06qnz,"Carpenter, Michael",SP,MIN,\N,"[""carpenter michael""]",\N,\N,\N,\N,\N,\N
06qnw,"Clohisy, Patrick",CF,ATL,\N,"[""clohisy patrick""]",\N,\N,\N,\N,\N,\N
06qp9,"Warunek, Kevin",RP,PHI,\N,"[""warunek kevin""]",\N,\N,\N,\N,\N,\N
06qnx,"Foeller, Aidan",SP,LAD,\N,"[""foeller aidan""]",\N,\N,\N,\N,\N,\N
070kt,"Calzado, Yojanser",CF,CIN,\N,"[""calzado yojanser""]",\N,\N,\N,\N,\N,\N
06qnu,"Schiavone, Jason",C,HOU,\N,"[""schiavone jason""]",\N,\N,\N,\N,\N,\N
06qp7,"Ayon, Isaac",SP,LAD,\N,"[""ayon isaac""]",\N,\N,\N,\N,\N,\N
070ku,"Astudillo, Jose",LF,SF,\N,"[""astudillo jose""]",\N,\N,\N,\N,\N,\N
06qp8,"Steels, Jake",LF,(N/A),\N,"[""steels jake""]",\N,\N,\N,\N,\N,\N
06qnv,"Kennedy-Hayes, Titan",RP,PHI,\N,"[""kennedy hayes titan""]",\N,\N,\N,\N,\N,\N
070kr,"Marquez, Victor",C,PIT,\N,"[""marquez victor""]",\N,\N,\N,\N,\N,\N
06qns,"Camarillo, Ali",SS,ATH,\N,"[""camarillo ali""]",\N,\N,\N,\N,\N,\N
06qp5,"Ross, Michael",SP,MIN,\N,"[""ross michael""]",\N,\N,\N,\N,\N,\N
070ks,"Abreu, Angel",LF,CLE,\N,"[""abreu angel""]",\N,\N,\N,\N,\N,\N
06qnt,"Pence, Dalton",SP,TEX,\N,"[""pence dalton""]",\N,\N,\N,\N,\N,\N
06qp6,"Caldon, Michael",RP,BAL,\N,"[""caldon michael""]",\N,\N,\N,\N,\N,\N
06qp3,"Renz, Tyler",SP,MIL,\N,"[""renz tyler""]",\N,\N,\N,\N,\N,\N
06qnq,"Catlett, Everett",SP,COL,\N,"[""catlett everett""]",\N,\N,\N,\N,\N,\N
06qnr,"Molsky, Tommy",RP,KC,\N,"[""molsky tommy""]",\N,\N,\N,\N,\N,\N
06qp4,"Wilkerson, Holden",SP,TOR,\N,"[""wilkerson holden""]",\N,\N,\N,\N,\N,\N
06qp1,"Tiberia, Matt",SP,SEA,\N,"[""tiberia matt""]",\N,\N,\N,\N,\N,\N
06qno,"Lanthier, Ethan",SP,NYM,\N,"[""lanthier ethan""]",\N,\N,\N,\N,\N,\N
06qp2,"Payne, Nate",SP,MIA,\N,"[""payne nate""]",\N,\N,\N,\N,\N,\N
06qnp,"Meckley, Alexander",SP,WSH,\N,"[""meckley alexander""]",\N,\N,\N,\N,\N,\N
06qnm,"Heppner, Sean",RP,(N/A),\N,"[""heppner sean""]",\N,\N,\N,\N,\N,\N
06qnn,"Janik, Camden",LF,PIT,\N,"[""janik camden""]",\N,\N,\N,\N,\N,\N
06qp0,"Mangus, Thomas",RP,CHC,\N,"[""mangus thomas""]",\N,\N,\N,\N,\N,\N
06qnk,"Cannon, Will",RP,CIN,\N,"[""cannon will""]",\N,\N,\N,\N,\N,\N
06qnl,"Warwick, Jude",SS,DET,\N,"[""warwick jude""]",\N,\N,\N,\N,\N,\N
06qni,"Truitt, Evan",SP,SEA,\N,"[""truitt evan""]",\N,\N,\N,\N,\N,\N
06qnj,"Butterworth, Brandon",2B,BAL,\N,"[""butterworth brandon""]",\N,\N,\N,\N,\N,\N
06qng,"Hardin, Tyson",SP,MIL,\N,"[""hardin tyson""]",\N,\N,\N,\N,\N,\N
06qnh,"Caskenette, Connor",C,MIA,\N,"[""caskenette connor""]",\N,\N,\N,\N,\N,\N
06qne,"Messina, Carson",RP,TOR,\N,"[""messina carson""]",\N,\N,\N,\N,\N,\N
01sb1,"Thompson, Trayce",RF,(N/A),\N,"[""thompson trayce""]",\N,\N,\N,\N,\N,\N
06qnf,"Lines, Jack",2B,TB,\N,"[""lines jack""]",\N,\N,\N,\N,\N,\N
06qnc,"Tess, Andrew",C,BAL,\N,"[""tess andrew""]",\N,\N,\N,\N,\N,\N
01sb3,"Wheeler, Zack",SP,PHI,\N,"[""wheeler zack""]",\N,\N,\N,\N,\N,\N
06qnd,"Becerra, Christian",SP,MIN,\N,"[""becerra christian""]",\N,\N,\N,\N,\N,\N
06qna,"Goode, Cayman",SP,ATL,\N,"[""goode cayman""]",\N,\N,\N,\N,\N,\N
06qnb,"Morse, Cody",RP,LAD,\N,"[""morse cody""]",\N,\N,\N,\N,\N,\N
06qo8,"Howe, Garrett",2B,CLE,\N,"[""howe garrett""]",\N,\N,\N,\N,\N,\N
06qo9,"Bimbi, Jacob",RP,PIT,\N,"[""bimbi jacob""]",\N,\N,\N,\N,\N,\N
06qo6,"Brooks, Steven",SP,BOS,\N,"[""brooks steven""]",\N,\N,\N,\N,\N,\N
06qo7,"Ashman, Micah",RP,BAL,\N,"[""ashman micah""]",\N,\N,\N,\N,\N,\N
06qo4,"Colon, Edgar",SP,CIN,\N,"[""colon edgar""]",\N,\N,\N,\N,\N,\N
06qo5,"Polanco, Andy",CF,SF,\N,"[""polanco andy""]",\N,\N,\N,\N,\N,\N
06qo2,"Estrada, Mack",SP,NYY,\N,"[""estrada mack""]",\N,\N,\N,\N,\N,\N
06qo3,"Barnett, Sean",DH,SD,\N,"[""barnett sean""]",\N,\N,\N,\N,\N,\N
06qo0,"Guthrie, Troy",RP,TOR,\N,"[""guthrie troy""]",\N,\N,\N,\N,\N,\N
06qo1,"Citelli, Cade",RP,TB,\N,"[""citelli cade""]",\N,\N,\N,\N,\N,\N
06s3d,"Wainscott, Jesse",RP,(N/A),\N,"[""wainscott jesse""]",\N,\N,\N,\N,\N,\N
06s3e,"Bayless, Jarod",RP,PIT,\N,"[""bayless jarod""]",\N,\N,\N,\N,\N,\N
06s3b,"Lavallee, Johnathan",RP,CIN,\N,"[""lavallee johnathan""]",\N,\N,\N,\N,\N,\N
06s3c,"Edington, Derrick",RP,TB,\N,"[""edington derrick""]",\N,\N,\N,\N,\N,\N
01sci,"Bethancourt, Christian",C,PIT,\N,"[""bethancourt christian""]",\N,\N,\N,\N,\N,\N
06s3a,"Almeida, Manuel",C,SEA,\N,"[""almeida manuel""]",\N,\N,\N,\N,\N,\N
01scl,"Kimbrel, Craig",RP,KC,\N,"[""kimbrel craig""]",\N,\N,\N,\N,\N,\N
"10140#30",Team Hitting,TmH,\N,\N,[],\N,\N,\N,\N,\N,\N
05nmx,"Sullivan, Billy",RP,(N/A),\N,"[""sullivan billy""]",\N,\N,\N,\N,\N,\N
06qpy,"Shafer, Jacob",SP,ATL,\N,"[""shafer jacob""]",\N,\N,\N,\N,\N,\N
06qpz,"Degges, Ryan",SP,CLE,\N,"[""degges ryan""]",\N,\N,\N,\N,\N,\N
06qpw,"Salinas, Iziah",SP,BAL,\N,"[""salinas iziah""]",\N,\N,\N,\N,\N,\N
06s49,"Sabatini, Filippo",RP,PHI,\N,"[""sabatini filippo""]",\N,\N,\N,\N,\N,\N
06qr9,"Trop, Eli",RP,(N/A),\N,"[""trop eli""]",\N,\N,\N,\N,\N,\N
06qpx,"Nicklaus, Jackson",1B,(N/A),\N,"[""nicklaus jackson""]",\N,\N,\N,\N,\N,\N
06s47,"Tovar, Luis",3B,LAD,\N,"[""tovar luis""]",\N,\N,\N,\N,\N,\N
06qpu,"Smith, Gavin",SS,TOR,\N,"[""smith gavin""]",\N,\N,\N,\N,\N,\N
06qr7,"Shaw, Evan",RP,LAD,\N,"[""shaw evan""]",\N,\N,\N,\N,\N,\N
06qpv,"Thomason, Jay",3B,MIN,\N,"[""thomason jay""]",\N,\N,\N,\N,\N,\N
06qr8,"Dumitru, Titus",LF,PIT,\N,"[""dumitru titus""]",\N,\N,\N,\N,\N,\N
06s48,"Cordero, Michael",3B,STL,\N,"[""cordero michael""]",\N,\N,\N,\N,\N,\N
06qps,"McDowell, Micah",LF,(N/A),\N,"[""mcdowell micah""]",\N,\N,\N,\N,\N,\N
06qr5,"Martin, Colby",RP,MIA,\N,"[""martin colby""]",\N,\N,\N,\N,\N,\N
06qr6,"George, Nate",CF,BAL,\N,"[""george nate""]",\N,\N,\N,\N,\N,\N
06qpt,"Galan, Andres",SP,TB,\N,"[""galan andres""]",\N,\N,\N,\N,\N,\N
06s46,"Alcantara, Henry",RP,SEA,\N,"[""alcantara henry""]",\N,\N,\N,\N,\N,\N
06qpq,"Johnson, Ben",RP,(N/A),\N,"[""johnson ben""]",\N,\N,\N,\N,\N,\N
06qr3,"Rataczak, Eric",RF,(N/A),\N,"[""rataczak eric""]",\N,\N,\N,\N,\N,\N
06qpr,"Kreiling, Harrison",SP,BAL,\N,"[""kreiling harrison""]",\N,\N,\N,\N,\N,\N
06qr4,"Marget, Brady",1B,TB,\N,"[""marget brady""]",\N,\N,\N,\N,\N,\N
05no0,"Casimiri, Jiorgeny",RP,(N/A),\N,"[""casimiri jiorgeny""]",\N,\N,\N,\N,\N,\N
06qr1,"Gordon, Christian",SP,CHC,\N,"[""gordon christian""]",\N,\N,\N,\N,\N,\N
06qpo,"Jackson, Ryan",SS,SD,\N,"[""jackson ryan""]",\N,\N,\N,\N,\N,\N
06qr2,"Lunsford-Shenkman, Wyatt",RP,SEA,\N,"[""lunsford shenkman wyatt""]",\N,\N,\N,\N,\N,\N
06qpp,"Jackson, JoJo",RF,NYY,\N,"[""jackson jojo""]",\N,\N,\N,\N,\N,\N
06qpm,"Dryden, Hunter",SP,SF,\N,"[""dryden hunter""]",\N,\N,\N,\N,\N,\N
06qr0,"Wells, Kasen",CF,SD,\N,"[""wells kasen""]",\N,\N,\N,\N,\N,\N
06qpn,"Hodgdon, Trent",RP,CIN,\N,"[""hodgdon trent""]",\N,\N,\N,\N,\N,\N
06qpk,"Rosado, Gabriel",C,DET,\N,"[""rosado gabriel""]",\N,\N,\N,\N,\N,\N
06qpl,"Cruz, Yan",RF,(N/A),\N,"[""cruz yan""]",\N,\N,\N,\N,\N,\N
01sbv,"Miller, Shelby",RP,CHC,\N,"[""miller shelby""]",\N,\N,\N,\N,\N,\N
06qpi,"Patrick, Andrew",CF,(N/A),\N,"[""patrick andrew""]",\N,\N,\N,\N,\N,\N
06qpj,"McGuire, Logan",RP,CLE,\N,"[""mcguire logan""]",\N,\N,\N,\N,\N,\N
06qpg,"Miller-Green, Lyle",1B,PHI,\N,"[""miller green lyle""]",\N,\N,\N,\N,\N,\N
06qph,"Long, Jacoby",CF,(N/A),\N,"[""long jacoby""]",\N,\N,\N,\N,\N,\N
06qpe,"Layton, Aidan",RP,(N/A),\N,"[""layton aidan""]",\N,\N,\N,\N,\N,\N
06qpa,"Burleson, Grant",RP,HOU,\N,"[""burleson grant""]",\N,\N,\N,\N,\N,\N
"10140#40",Team Pitching,TmP,\N,\N,[],\N,\N,\N,\N,\N,\N
06qoz,"Hughes, Gus",RP,WSH,\N,"[""hughes gus""]",\N,\N,\N,\N,\N,\N
06qox,"Slater, Ryan",RP,SF,\N,"[""slater ryan""]",\N,\N,\N,\N,\N,\N
06qoy,"Hairston, Jalen",3B,CIN,\N,"[""hairston jalen""]",\N,\N,\N,\N,\N,\N
06s38,"Quiroz, Christopher",SP,SEA,\N,"[""quiroz christopher""]",\N,\N,\N,\N,\N,\N
06qov,"Alewine, Bryce",RP,DET,\N,"[""alewine bryce""]",\N,\N,\N,\N,\N,\N
06qow,"Tolbert, Cole",SP,BOS,\N,"[""tolbert cole""]",\N,\N,\N,\N,\N,\N
06s39,"Infante, Wisler",SP,SEA,\N,"[""infante wisler""]",\N,\N,\N,\N,\N,\N
06s36,"Brito, Raul",RP,MIN,\N,"[""brito raul""]",\N,\N,\N,\N,\N,\N
06qot,"Hampson, Jace",SP,NYM,\N,"[""hampson jace""]",\N,\N,\N,\N,\N,\N
06s37,"Carpinteiro, Alan",SP,SEA,\N,"[""carpinteiro alan""]",\N,\N,\N,\N,\N,\N
06qou,"Shirk, Jake",RP,PIT,\N,"[""shirk jake""]",\N,\N,\N,\N,\N,\N
06s34,"Noriega, Cruz",RP,(N/A),\N,"[""noriega cruz""]",\N,\N,\N,\N,\N,\N
06qor,"Corbett, Kaleb",RP,TB,\N,"[""corbett kaleb""]",\N,\N,\N,\N,\N,\N
06s35,"Jacobs, Zach",RP,CLE,\N,"[""jacobs zach""]",\N,\N,\N,\N,\N,\N
06qos,"Yates, Evan",SP,BAL,\N,"[""yates evan""]",\N,\N,\N,\N,\N,\N
06qop,"Risedorph, Brayden",RP,CHC,\N,"[""risedorph brayden""]",\N,\N,\N,\N,\N,\N
06s32,"Witt, Paul",2B,(N/A),\N,"[""witt paul""]",\N,\N,\N,\N,\N,\N
06qoq,"Centala, Chase",RP,SEA,\N,"[""centala chase""]",\N,\N,\N,\N,\N,\N
06s33,"Richmond, Nick",RP,(N/A),\N,"[""richmond nick""]",\N,\N,\N,\N,\N,\N
06qon,"Hansen, Ben",SP,ATH,\N,"[""hansen ben""]",\N,\N,\N,\N,\N,\N
06qq0,"Wagner, Ethan",CF,HOU,\N,"[""wagner ethan""]",\N,\N,\N,\N,\N,\N
03hfi,"Sanchez, Jake",RP,(N/A),\N,"[""sanchez jake""]",\N,\N,\N,\N,\N,\N
06qoo,"Gonzalez, Fernando",C,SF,\N,"[""gonzalez fernando""]",\N,\N,\N,\N,\N,\N
06qq1,"Danielson, Joey",RP,TEX,\N,"[""danielson joey""]",\N,\N,\N,\N,\N,\N
06qol,"Walty, Cam",SP,CLE,\N,"[""walty cam""]",\N,\N,\N,\N,\N,\N
06qom,"Price, Dawson",RP,DET,\N,"[""price dawson""]",\N,\N,\N,\N,\N,\N
06qok,"Redner, Zachary",RP,LAA,\N,"[""redner zachary""]",\N,\N,\N,\N,\N,\N
06qoh,"Palmer, Twine",SP,BAL,\N,"[""palmer twine""]",\N,\N,\N,\N,\N,\N
06qoi,"Omlid, Hunter",RP,COL,\N,"[""omlid hunter""]",\N,\N,\N,\N,\N,\N
06qof,"McIntyre, Dalton",CF,ATL,\N,"[""mcintyre dalton""]",\N,\N,\N,\N,\N,\N
06qog,"Ritchie, Erik",RP,(N/A),\N,"[""ritchie erik""]",\N,\N,\N,\N,\N,\N
06qod,"Espinal, Alan",C,COL,\N,"[""espinal alan""]",\N,\N,\N,\N,\N,\N
06qoe,"Cawyer, Zachary",RP,KC,\N,"[""cawyer zachary""]",\N,\N,\N,\N,\N,\N
03ysq,"Barria, Jaime",SP,(N/A),\N,"[""barria jaime""]",\N,\N,\N,\N,\N,\N
03ysp,"Groome, Jay",SP,(N/A),\N,"[""groome jay""]",\N,\N,\N,\N,\N,\N
03yso,"Puk, A.J.",SP,ARI,\N,"[""puk a j""]",\N,\N,\N,\N,\N,\N
"10230#50",Team,Tm,\N,\N,[],\N,\N,\N,\N,\N,\N
06qzu,"Aguilera, Luis",SS,DET,\N,"[""aguilera luis""]",\N,\N,\N,\N,\N,\N
06qzs,"Rojas, Eduardo",C,LAD,\N,"[""rojas eduardo""]",\N,\N,\N,\N,\N,\N
06qzt,"Moya, Jonathan",LF,DET,\N,"[""moya jonathan""]",\N,\N,\N,\N,\N,\N
06qzq,"Ventura, Aiberson",RP,(N/A),\N,"[""ventura aiberson""]",\N,\N,\N,\N,\N,\N
06qzr,"Fuenmayor, Davirik",CF,(N/A),\N,"[""fuenmayor davirik""]",\N,\N,\N,\N,\N,\N
06qzo,"Nunez, Pablo",CF,CIN,\N,"[""nunez pablo""]",\N,\N,\N,\N,\N,\N
06qzp,"Martinus, Shendrion",3B,CIN,\N,"[""martinus shendrion""]",\N,\N,\N,\N,\N,\N
06qzm,"Aguero, Erlin",SP,(N/A),\N,"[""aguero erlin""]",\N,\N,\N,\N,\N,\N
06qzn,"Almeida, Jhan",SP,CIN,\N,"[""almeida jhan""]",\N,\N,\N,\N,\N,\N
06qzk,"Nunez, Juan",RP,HOU,\N,[],\N,\N,\N,\N,\N,\N
03yrz,"Contreras, William",C,MIL,\N,"[""contreras william""]",\N,\N,\N,\N,\N,\N
06qzl,"Acevedo, Javier",C,PIT,\N,"[""acevedo javier""]",\N,\N,\N,\N,\N,\N
03yt7,"Newsome, Ljay",SP,(N/A),\N,"[""newsome ljay""]",\N,\N,\N,\N,\N,\N
06qzg,"Milan, Abrahan",RP,CLE,\N,"[""milan abrahan""]",\N,\N,\N,\N,\N,\N
06qze,"Camacho, Jose",1B,LAA,\N,"[""camacho jose""]",\N,\N,\N,\N,\N,\N
06qzf,"Fragoza, Luis",LF,MIN,\N,"[""fragoza luis""]",\N,\N,\N,\N,\N,\N
06qzc,"Mercado, Enderson",SP,MIL,\N,"[""mercado enderson""]",\N,\N,\N,\N,\N,\N
06qzd,"Gonzalez, Lukas",RP,MIL,\N,"[""gonzalez lukas""]",\N,\N,\N,\N,\N,\N
06qza,"Herrera, Roybert",1B,NYM,\N,"[""herrera roybert""]",\N,\N,\N,\N,\N,\N
06qzb,"Rodriguez, Jorge",C,BOS,\N,"[""rodriguez jorge""]",\N,\N,\N,\N,\N,\N
03yri,"Robles, Domingo",SP,ATH,\N,"[""robles domingo""]",\N,\N,\N,\N,\N,\N
"10230#40",Team Pitching,TmP,\N,\N,[],\N,\N,\N,\N,\N,\N
06qyv,"Appenzeller, Cam",SP,(N/A),\N,"[""appenzeller cam""]",\N,\N,\N,\N,\N,\N
06qyw,"McDaniels, Garrett",RP,LAD,\N,"[""mcdaniels garrett""]",\N,\N,\N,\N,\N,\N
06qyt,"Reyes, Angel",SP,(N/A),\N,"[""reyes angel""]",\N,\N,\N,\N,\N,\N
04m5p,"Knight, Blaine",RP,(N/A),\N,"[""knight blaine""]",\N,\N,\N,\N,\N,\N
06qyu,"Fien, Gavin",CF,WSH,\N,"[""fien gavin""]",\N,\N,\N,\N,\N,\N
06qyr,"Santana, Tyler",RP,CHC,\N,"[""santana tyler""]",\N,\N,\N,\N,\N,\N
06qys,"Kachmar, Chris",SP,BAL,\N,"[""kachmar chris""]",\N,\N,\N,\N,\N,\N
06qyp,"Whorff, Jarret",RP,ATL,\N,"[""whorff jarret""]",\N,\N,\N,\N,\N,\N
0728p,"Moon, Seojun",SP,TOR,\N,"[""moon seojun""]",\N,\N,\N,\N,\N,\N
06qyq,"Tapia, Sergio",C,DET,\N,"[""tapia sergio""]",\N,\N,\N,\N,\N,\N
06qyn,"Houghton, Maddux",CF,MIN,\N,"[""houghton maddux""]",\N,\N,\N,\N,\N,\N
06qyo,"Bischoff, Kyle",RP,MIN,\N,"[""bischoff kyle""]",\N,\N,\N,\N,\N,\N
03yux,"Azocar, Jose",LF,ATL,\N,"[""azocar jose""]",\N,\N,\N,\N,\N,\N
03yuu,"Gomez, Moises",LF,(N/A),\N,"[""gomez moises""]",\N,\N,\N,\N,\N,\N
"10230#30",Team Hitting,TmH,\N,\N,[],\N,\N,\N,\N,\N,\N
04m8w,"Martinez, J.P.",LF,(N/A),\N,"[""martinez j p""]",\N,\N,\N,\N,\N,\N
03yui,"Lange, Alex",RP,KC,\N,"[""lange alex""]",\N,\N,\N,\N,\N,\N
03ytg,"Cedrola, Lorenzo",CF,(N/A),\N,"[""cedrola lorenzo""]",\N,\N,\N,\N,\N,\N
03yth,"Florial, Estevan",LF,(N/A),\N,"[""florial estevan""]",\N,\N,\N,\N,\N,\N
04m7n,"Quiroz, Esteban",2B,(N/A),\N,"[""quiroz esteban""]",\N,\N,\N,\N,\N,\N
01sit,"Marisnick, Jake",CF,(N/A),\N,"[""marisnick jake""]",\N,\N,\N,\N,\N,\N
06qwk,"Martinez, Izaak",RP,CLE,\N,"[""martinez izaak""]",\N,\N,\N,\N,\N,\N
06qwi,"Lewis, Kade",1B,CLE,\N,"[""lewis kade""]",\N,\N,\N,\N,\N,\N
06qwe,"Kwiatkowski, Robert",RP,(N/A),\N,"[""kwiatkowski robert""]",\N,\N,\N,\N,\N,\N
070ta,"Jimenez, Antonio",SS,NYM,\N,[],\N,\N,\N,\N,\N,\N
06qwb,"Fermin, Jose",RP,LAA,\N,[],\N,\N,\N,\N,\N,\N
06qwa,"Smith, Myles",LF,(N/A),\N,"[""smith myles""]",\N,\N,\N,\N,\N,\N
06qvy,"Widger, C.J.",RP,(N/A),\N,"[""widger c j""]",\N,\N,\N,\N,\N,\N
06qx9,"Ramirez, Jose",RP,(N/A),\N,[],\N,\N,\N,\N,\N,\N
06qx7,"Mikel, Jordan",RP,(N/A),\N,"[""mikel jordan""]",\N,\N,\N,\N,\N,\N
06qx8,"Plymell, Chase",RP,CHW,\N,"[""plymell chase""]",\N,\N,\N,\N,\N,\N
06qvs,"Banks, Teo",CF,WSH,\N,"[""banks teo""]",\N,\N,\N,\N,\N,\N
06qx3,"Castellano, Angelo",SS,(N/A),\N,"[""castellano angelo""]",\N,\N,\N,\N,\N,\N
06qvq,"Hampu, Tyler",RP,COL,\N,"[""hampu tyler""]",\N,\N,\N,\N,\N,\N
05nsq,"De Los Santos, Deyvison",3B,MIA,\N,"[""de los santos deyvison""]",\N,\N,\N,\N,\N,\N
06qvr,"Paddack, Liam",RP,CHW,\N,"[""paddack liam""]",\N,\N,\N,\N,\N,\N
05nsn,"Lemos, Pedro",RP,SEA,\N,"[""lemos pedro""]",\N,\N,\N,\N,\N,\N
06qx1,"Ramires, Felix",RP,(N/A),\N,"[""ramires felix""]",\N,\N,\N,\N,\N,\N
05nso,"Uribe, Abner",RP,MIL,\N,"[""uribe abner""]",\N,\N,\N,\N,\N,\N
06qvp,"Novotny, Tucker",RP,ATH,\N,"[""novotny tucker""]",\N,\N,\N,\N,\N,\N
06qx2,"Pilar, Anderson",RP,ATL,\N,"[""pilar anderson""]",\N,\N,\N,\N,\N,\N
06qvm,"Tibbitts, Brock",C,(N/A),\N,"[""tibbitts brock""]",\N,\N,\N,\N,\N,\N
06qvn,"Lege, Ethan",1B,(N/A),\N,"[""lege ethan""]",\N,\N,\N,\N,\N,\N
06qvk,"Carr, Peyton",1B,(N/A),\N,"[""carr peyton""]",\N,\N,\N,\N,\N,\N
06qvl,"Cousin, Corey",CF,KC,\N,"[""cousin corey""]",\N,\N,\N,\N,\N,\N
06qvi,"Meyer, Danery",RP,SEA,\N,"[""meyer danery""]",\N,\N,\N,\N,\N,\N
05nsi,"Veras, Wilfred",RF,(N/A),\N,"[""veras wilfred""]",\N,\N,\N,\N,\N,\N
06qvj,"Shojinaga, Kodey",C,PHI,\N,"[""shojinaga kodey""]",\N,\N,\N,\N,\N,\N
06qvc,"Cordero, Wilfredo",RP,TOR,\N,"[""cordero wilfredo""]",\N,\N,\N,\N,\N,\N
06qva,"Amoroso, Luis",RP,(N/A),\N,"[""amoroso luis""]",\N,\N,\N,\N,\N,\N
06qvb,"Gomez, Michael",RP,(N/A),\N,"[""gomez michael""]",\N,\N,\N,\N,\N,\N
06quz,"Casiano, Yanuel",C,CIN,\N,"[""casiano yanuel""]",\N,\N,\N,\N,\N,\N
03ynj,"Soto, Juan",RF,NYM,\N,"[""soto juan""]",\N,\N,\N,\N,\N,\N
01shb,"Stock, Robert",RP,NYM,\N,"[""stock robert""]",\N,\N,\N,\N,\N,\N
06qux,"Halbach, Matt",1B,CHC,\N,"[""halbach matt""]",\N,\N,\N,\N,\N,\N
06quy,"Delossantos, Joe",LF,(N/A),\N,"[""delossantos joe""]",\N,\N,\N,\N,\N,\N
06quv,"Snyder, Michael",LF,(N/A),\N,"[""snyder michael""]",\N,\N,\N,\N,\N,\N
06quw,"Donofrio, Anthony",RF,SEA,\N,"[""donofrio anthony""]",\N,\N,\N,\N,\N,\N
06qut,"Pooser, Trey",SP,STL,\N,"[""pooser trey""]",\N,\N,\N,\N,\N,\N
06quu,"Dorchies, Ethan",SP,MIL,\N,"[""dorchies ethan""]",\N,\N,\N,\N,\N,\N
06qur,"Barrett, Seamus",RP,LAD,\N,"[""barrett seamus""]",\N,\N,\N,\N,\N,\N
03ynb,"Montano, Daniel",CF,(N/A),\N,"[""montano daniel""]",\N,\N,\N,\N,\N,\N
01sha,"Gose, Anthony",RP,KC,\N,"[""gose anthony""]",\N,\N,\N,\N,\N,\N
06qus,"Rodriguez, Christian",SP,BAL,\N,[],\N,\N,\N,\N,\N,\N
07261,"Luna, Emanuel",CF,STL,\N,"[""luna emanuel""]",\N,\N,\N,\N,\N,\N
06qup,"David, Ramsey",RP,HOU,\N,"[""david ramsey""]",\N,\N,\N,\N,\N,\N
07262,"Rijo, Juan",CF,SEA,\N,"[""rijo juan""]",\N,\N,\N,\N,\N,\N
06qw3,"Ayers, Cole",RP,(N/A),\N,"[""ayers cole""]",\N,\N,\N,\N,\N,\N
06quq,"Day, Brady",3B,PHI,\N,"[""day brady""]",\N,\N,\N,\N,\N,\N
06s7q,"Martinez, Liomar",SP,MIA,\N,"[""martinez liomar""]",\N,\N,\N,\N,\N,\N
06qun,"Jekielek, Jake",RP,TEX,\N,"[""jekielek jake""]",\N,\N,\N,\N,\N,\N
06quo,"Youngblood, Trent",LF,ARI,\N,"[""youngblood trent""]",\N,\N,\N,\N,\N,\N
06qul,"Hainline, Elijah",SS,LAD,\N,"[""hainline elijah""]",\N,\N,\N,\N,\N,\N
06qum,"Craig, Luke",RP,ARI,\N,"[""craig luke""]",\N,\N,\N,\N,\N,\N
0724i,"Jones, Merit",SP,MIN,\N,"[""jones merit""]",\N,\N,\N,\N,\N,\N
06quj,"Cates, Austin",SP,TOR,\N,"[""cates austin""]",\N,\N,\N,\N,\N,\N
06quk,"Dorsey, Carson",SP,BAL,\N,"[""dorsey carson""]",\N,\N,\N,\N,\N,\N
06qyl,"Rodriguez, Frank",C,LAD,\N,"[""rodriguez frank""]",\N,\N,\N,\N,\N,\N
06qyj,"Gaither, Ray",RP,(N/A),\N,"[""gaither ray""]",\N,\N,\N,\N,\N,\N
06qyk,"Gomez, Cesar",RP,(N/A),\N,"[""gomez cesar""]",\N,\N,\N,\N,\N,\N
06qyh,"Reyes, Maicol",RP,TEX,\N,"[""reyes maicol""]",\N,\N,\N,\N,\N,\N
06qyi,"Garcia, Pedro",SP,(N/A),\N,[],\N,\N,\N,\N,\N,\N
06qyf,"Martinez, Michael",RP,(N/A),\N,[],\N,\N,\N,\N,\N,\N
06qyg,"Ortiz, Andres",SP,DET,\N,"[""ortiz andres""]",\N,\N,\N,\N,\N,\N
06qye,"Palacio, Isaac",RP,(N/A),\N,"[""palacio isaac""]",\N,\N,\N,\N,\N,\N
06qyb,"Aguilera, Dony",SP,CIN,\N,"[""aguilera dony""]",\N,\N,\N,\N,\N,\N
02x0f,"Manaea, Sean",SP,NYM,\N,"[""manaea sean""]",\N,\N,\N,\N,\N,\N
06qxy,"Brea, Anthwan",LF,BAL,\N,"[""brea anthwan""]",\N,\N,\N,\N,\N,\N
01skh,"Smith, Will",RP,(N/A),\N,[],\N,\N,\N,\N,\N,\N
06qxz,"Rincon, Alexander",CF,BAL,\N,"[""rincon alexander""]",\N,\N,\N,\N,\N,\N
06qz9,"Watson, Aaron",SP,CIN,\N,"[""watson aaron""]",\N,\N,\N,\N,\N,\N
06qxw,"Espinoza, Francisco",C,LAD,\N,"[""espinoza francisco""]",\N,\N,\N,\N,\N,\N
06qxx,"Astudillo, Christian",C,BAL,\N,"[""astudillo christian""]",\N,\N,\N,\N,\N,\N
06qxu,"Martinez, Juan",2B,COL,\N,[],\N,\N,\N,\N,\N,\N
06qxv,"Garcia, Anderson",3B,KC,\N,"[""garcia anderson""]",\N,\N,\N,\N,\N,\N
06qz8,"de Brun, Slater",CF,TB,\N,"[""de brun slater""]",\N,\N,\N,\N,\N,\N
06qxs,"Tiberi, Humberto",C,LAA,\N,"[""tiberi humberto""]",\N,\N,\N,\N,\N,\N
06qxt,"Orellana, Erny",RF,LAD,\N,"[""orellana erny""]",\N,\N,\N,\N,\N,\N
06qxo,"Shockley, Dylan",C,(N/A),\N,"[""shockley dylan""]",\N,\N,\N,\N,\N,\N
06qxp,"Franzua, Geronimo",SP,(N/A),\N,"[""franzua geronimo""]",\N,\N,\N,\N,\N,\N
06qxn,"Zapata, Juan",SP,(N/A),\N,"[""zapata juan""]",\N,\N,\N,\N,\N,\N
06qxk,"Mendoza, Abdiel",RP,(N/A),\N,"[""mendoza abdiel""]",\N,\N,\N,\N,\N,\N
06qxl,"Brito, Chris",1B,KC,\N,"[""brito chris""]",\N,\N,\N,\N,\N,\N
01sl8,"Moran, Brian",RP,(N/A),\N,"[""moran brian""]",\N,\N,\N,\N,\N,\N
06qxi,"Roquez, Yadiel",RP,TEX,\N,"[""roquez yadiel""]",\N,\N,\N,\N,\N,\N
06qxj,"Aoyagi, Koyo",RP,(N/A),\N,"[""aoyagi koyo""]",\N,\N,\N,\N,\N,\N
06qxg,"Davis, Tyler",RP,CHW,\N,[],\N,\N,\N,\N,\N,\N
06qxh,"Simoneit, William",C,TOR,\N,"[""simoneit william""]",\N,\N,\N,\N,\N,\N
06qxe,"Alvarado, Jose",SP,TEX,\N,[],\N,\N,\N,\N,\N,\N
06qxf,"Lehman, Taylor",RP,(N/A),\N,"[""lehman taylor""]",\N,\N,\N,\N,\N,\N
06qxc,"Gonzalez, Diego",3B,(N/A),\N,[],\N,\N,\N,\N,\N,\N
06qxa,"Cordero, Albert",RP,TEX,\N,"[""cordero albert""]",\N,\N,\N,\N,\N,\N
03yr2,"Pozo, Yohel",C,BAL,\N,"[""pozo yohel""]",\N,\N,\N,\N,\N,\N
06qxb,"Gonzalez, Diego",C,CHC,\N,[],\N,\N,\N,\N,\N,\N
06s9z,"Frias, Jealmy",RF,CIN,\N,"[""frias jealmy""]",\N,\N,\N,\N,\N,\N
06qwx,"Cesa, Gabriel",LF,ATL,\N,"[""cesa gabriel""]",\N,\N,\N,\N,\N,\N
06qwy,"Jones, Eli",SP,MIN,\N,"[""jones eli""]",\N,\N,\N,\N,\N,\N
06s9y,"Riera, Jose",2B,CLE,\N,"[""riera jose""]",\N,\N,\N,\N,\N,\N
06qy8,"Blanco, Pedro",1B,ARI,\N,"[""blanco pedro""]",\N,\N,\N,\N,\N,\N
06qwv,"Kepley, Kane",CF,CHC,\N,"[""kepley kane""]",\N,\N,\N,\N,\N,\N
06qww,"Peralta, Angel",SP,HOU,\N,"[""peralta angel""]",\N,\N,\N,\N,\N,\N
06qwt,"Jacobs, Ben",SP,DET,\N,"[""jacobs ben""]",\N,\N,\N,\N,\N,\N
06qy6,"Garcia, Rodrigo",C,(N/A),\N,"[""garcia rodrigo""]",\N,\N,\N,\N,\N,\N
06qy7,"Martinez, Anel",SP,(N/A),\N,"[""martinez anel""]",\N,\N,\N,\N,\N,\N
06qwu,"Smith, Kolten",RP,MIN,\N,"[""smith kolten""]",\N,\N,\N,\N,\N,\N
06qy4,"Reyes, Endry",1B,TOR,\N,"[""reyes endry""]",\N,\N,\N,\N,\N,\N
06qy5,"Richard, Kendy",SP,ATL,\N,"[""richard kendy""]",\N,\N,\N,\N,\N,\N
06qws,"Pinero, Yander",RP,ATL,\N,"[""pinero yander""]",\N,\N,\N,\N,\N,\N
06qy2,"Moya, Jeyson",3B,SF,\N,"[""moya jeyson""]",\N,\N,\N,\N,\N,\N
06qy3,"Castillo, Deuri",1B,SEA,\N,"[""castillo deuri""]",\N,\N,\N,\N,\N,\N
06qy0,"Valdez, Argenis",LF,BAL,\N,"[""valdez argenis""]",\N,\N,\N,\N,\N,\N
06qy1,"Jimenez, Albert",DH,SF,\N,"[""jimenez albert""]",\N,\N,\N,\N,\N,\N
06qwl,"Niman, Dominic",RP,TB,\N,"[""niman dominic""]",\N,\N,\N,\N,\N,\N
01t5w,"Rojas, Miguel",2B,LAD,\N,"[""rojas miguel""]",\N,\N,\N,\N,\N,\N
01as6,"Carrasco, Carlos",SP,(N/A),\N,"[""carrasco carlos""]",\N,\N,\N,\N,\N,\N
02w7p,"Bregman, Alex",3B,CHC,\N,"[""bregman alex""]",\N,\N,\N,\N,\N,\N
021oi,"Garcia, Leury",RF,(N/A),\N,"[""garcia leury""]",\N,\N,\N,\N,\N,\N
070c8,"Barbee, Jake",SP,TEX,\N,"[""barbee jake""]",\N,\N,\N,\N,\N,\N
070c9,"Jones, Brady",SP,TB,\N,"[""jones brady""]",\N,\N,\N,\N,\N,\N
070c6,"Bullard, Blaine",CF,TOR,\N,"[""bullard blaine""]",\N,\N,\N,\N,\N,\N
070c7,"Keshock, Cameron",RP,PIT,\N,"[""keshock cameron""]",\N,\N,\N,\N,\N,\N
070c4,"Haley, Talon",SP,LAA,\N,"[""haley talon""]",\N,\N,\N,\N,\N,\N
02f9m,"Junis, Jakob",RP,TEX,\N,"[""junis jakob""]",\N,\N,\N,\N,\N,\N
070c5,"Barr, Alex",SP,ATH,\N,"[""barr alex""]",\N,\N,\N,\N,\N,\N
070c2,"Proksch, Owen",RP,TEX,\N,"[""proksch owen""]",\N,\N,\N,\N,\N,\N
06qf3,"Kirby, Devin",SP,ATH,\N,"[""kirby devin""]",\N,\N,\N,\N,\N,\N
070c3,"Brown, Ely",CF,CHW,\N,"[""brown ely""]",\N,\N,\N,\N,\N,\N
06qf1,"Cabarcas, Ryan",RP,BAL,\N,"[""cabarcas ryan""]",\N,\N,\N,\N,\N,\N
06qf2,"Turzenski, Trent",RP,BAL,\N,"[""turzenski trent""]",\N,\N,\N,\N,\N,\N
021t6,"Maldonado, Martin",C,SD,\N,"[""maldonado martin""]",\N,\N,\N,\N,\N,\N
06qf0,"Menard, Chipper",RP,(N/A),\N,"[""menard chipper""]",\N,\N,\N,\N,\N,\N
06qe4,"Perez, Roberto",RP,SEA,\N,[],\N,\N,\N,\N,\N,\N
01c5l,"Darvish, Yu",SP,SD,\N,"[""darvish yu""]",\N,\N,\N,\N,\N,\N
06qcs,"Pintaro, Jonathan",SP,NYM,\N,"[""pintaro jonathan""]",\N,\N,\N,\N,\N,\N
06qe5,"Florentino, Dariel",SP,PIT,\N,"[""florentino dariel""]",\N,\N,\N,\N,\N,\N
06qe2,"Darville, Edwin",2B,BOS,\N,"[""darville edwin""]",\N,\N,\N,\N,\N,\N
06qe3,"Nakamura, Raisei",RP,(N/A),\N,"[""nakamura raisei""]",\N,\N,\N,\N,\N,\N
06qe0,"Baquera, Sebastian",C,TEX,\N,"[""baquera sebastian""]",\N,\N,\N,\N,\N,\N
06qe1,"Rodriguez, Johan",SS,CLE,\N,"[""rodriguez johan""]",\N,\N,\N,\N,\N,\N
03i81,"Lopez, Reynaldo",SP,ATL,\N,"[""lopez reynaldo""]",\N,\N,\N,\N,\N,\N
04l97,"Bracho, Aaron",3B,(N/A),\N,"[""bracho aaron""]",\N,\N,\N,\N,\N,\N
03xy4,"Abreu, Albert",RP,(N/A),\N,"[""abreu albert""]",\N,\N,\N,\N,\N,\N
06qa4,"Monso, Juan",2B,CHC,\N,"[""monso juan""]",\N,\N,\N,\N,\N,\N
06qa3,"Pinder, Rashawn",CF,TEX,\N,"[""pinder rashawn""]",\N,\N,\N,\N,\N,\N
01c1g,"McCutchen, Andrew",DH,ATL,\N,"[""mccutchen andrew""]",\N,\N,\N,\N,\N,\N
047sh,"Peralta, Wandy",RP,SD,\N,"[""peralta wandy""]",\N,\N,\N,\N,\N,\N
06qjy,"Trehey, Danny",RP,(N/A),\N,"[""trehey danny""]",\N,\N,\N,\N,\N,\N
06qjz,"Herberholz, Christian",RP,BAL,\N,"[""herberholz christian""]",\N,\N,\N,\N,\N,\N
06qjw,"Spence, Lucas",CF,HOU,\N,"[""spence lucas""]",\N,\N,\N,\N,\N,\N
06ql9,"Stasiowski, Tyler",RP,(N/A),\N,"[""stasiowski tyler""]",\N,\N,\N,\N,\N,\N
06qjx,"Trimble, Justin",1B,(N/A),\N,"[""trimble justin""]",\N,\N,\N,\N,\N,\N
06qjv,"Austin, Trevor",2B,HOU,\N,"[""austin trevor""]",\N,\N,\N,\N,\N,\N
06ql5,"Romero, Ivran",RP,MIN,\N,"[""romero ivran""]",\N,\N,\N,\N,\N,\N
06qjs,"Becker, Colton",SS,KC,\N,"[""becker colton""]",\N,\N,\N,\N,\N,\N
06ql6,"Hoopes, Hunter",RP,MIN,\N,"[""hoopes hunter""]",\N,\N,\N,\N,\N,\N
06qjt,"Beck, Jagger",RP,HOU,\N,"[""beck jagger""]",\N,\N,\N,\N,\N,\N
06qjq,"Hewlett, Stone",RP,(N/A),\N,"[""hewlett stone""]",\N,\N,\N,\N,\N,\N
06ql3,"Hostetler, Jack",SP,MIL,\N,"[""hostetler jack""]",\N,\N,\N,\N,\N,\N
06qjr,"Summerhill, Colin",1B,(N/A),\N,"[""summerhill colin""]",\N,\N,\N,\N,\N,\N
06ql4,"Sechrist, Zander",RP,(N/A),\N,"[""sechrist zander""]",\N,\N,\N,\N,\N,\N
06ql1,"Langhorne, Miles",RP,(N/A),\N,"[""langhorne miles""]",\N,\N,\N,\N,\N,\N
06qjo,"Coll, Harold",3B,LAA,\N,"[""coll harold""]",\N,\N,\N,\N,\N,\N
06ql2,"Fielder, Jadyn",LF,HOU,\N,"[""fielder jadyn""]",\N,\N,\N,\N,\N,\N
06qjp,"Hopson, Kaden",DH,LAA,\N,"[""hopson kaden""]",\N,\N,\N,\N,\N,\N
06qjm,"Roche, Kyle",RP,LAA,\N,"[""roche kyle""]",\N,\N,\N,\N,\N,\N
06ql0,"Conte, Nick",RP,KC,\N,"[""conte nick""]",\N,\N,\N,\N,\N,\N
06qjk,"De La Cruz, Rolando",SP,(N/A),\N,"[""de la cruz rolando""]",\N,\N,\N,\N,\N,\N
06qjl,"Warwick, Jaren",RP,LAA,\N,"[""warwick jaren""]",\N,\N,\N,\N,\N,\N
06qji,"Tabeling, Logan",SP,LAD,\N,"[""tabeling logan""]",\N,\N,\N,\N,\N,\N
06qjj,"Cueto, Gio",C,LAD,\N,"[""cueto gio""]",\N,\N,\N,\N,\N,\N
06qjg,"Brown, Jessada",C,MIA,\N,"[""brown jessada""]",\N,\N,\N,\N,\N,\N
06qjh,"Caba, Myles",RP,LAD,\N,"[""caba myles""]",\N,\N,\N,\N,\N,\N
06qje,"Flynn, Bennett",SP,(N/A),\N,"[""flynn bennett""]",\N,\N,\N,\N,\N,\N
06qjf,"Stone, Alex",C,(N/A),\N,"[""stone alex""]",\N,\N,\N,\N,\N,\N
06qjd,"Coleman, Javen",RP,TOR,\N,"[""coleman javen""]",\N,\N,\N,\N,\N,\N
06qja,"Schueler, Jay",RP,TOR,\N,"[""schueler jay""]",\N,\N,\N,\N,\N,\N
06qjb,"Gregg, Owen",SS,TOR,\N,"[""gregg owen""]",\N,\N,\N,\N,\N,\N
06qiz,"Barbieri, Francesco",CF,(N/A),\N,"[""barbieri francesco""]",\N,\N,\N,\N,\N,\N
06qix,"Bercovich, Jadon",RP,TB,\N,"[""bercovich jadon""]",\N,\N,\N,\N,\N,\N
06qiv,"Beal, Noah",RP,TB,\N,"[""beal noah""]",\N,\N,\N,\N,\N,\N
06qk8,"Quigley, Stephen",RP,CIN,\N,"[""quigley stephen""]",\N,\N,\N,\N,\N,\N
06qiw,"Herron, Tyler",C,(N/A),\N,"[""herron tyler""]",\N,\N,\N,\N,\N,\N
06qk9,"Hartzog, Clete",RP,CHW,\N,"[""hartzog clete""]",\N,\N,\N,\N,\N,\N
06qit,"Ellis, Matthew",C,SEA,\N,"[""ellis matthew""]",\N,\N,\N,\N,\N,\N
06qk6,"Dobbins, Hunter",C,DET,\N,[],\N,\N,\N,\N,\N,\N
06qiu,"Watson, Michael",RP,STL,\N,"[""watson michael""]",\N,\N,\N,\N,\N,\N
06qk7,"Martinez, Xavier",RP,CLE,\N,"[""martinez xavier""]",\N,\N,\N,\N,\N,\N
06qk4,"Pennington, Garrett",1B,DET,\N,"[""pennington garrett""]",\N,\N,\N,\N,\N,\N
06qir,"Long, Trevor",RP,(N/A),\N,"[""long trevor""]",\N,\N,\N,\N,\N,\N
06qk5,"Timmer, Shay",RP,DET,\N,"[""timmer shay""]",\N,\N,\N,\N,\N,\N
06qis,"Boehm, Gage",RP,SEA,\N,"[""boehm gage""]",\N,\N,\N,\N,\N,\N
06qk2,"Gomez, Jacob",RP,(N/A),\N,"[""gomez jacob""]",\N,\N,\N,\N,\N,\N
06qip,"Dykstra, Connor",C,SEA,\N,"[""dykstra connor""]",\N,\N,\N,\N,\N,\N
06qiq,"Crenshaw, Dustin",LF,SEA,\N,"[""crenshaw dustin""]",\N,\N,\N,\N,\N,\N
06qk3,"Guscette, Mac",C,ATL,\N,"[""guscette mac""]",\N,\N,\N,\N,\N,\N
06qin,"McDaniel, Charlie",SP,SF,\N,"[""mcdaniel charlie""]",\N,\N,\N,\N,\N,\N
06qk0,"Ramos, Alex",SP,BAL,\N,"[""ramos alex""]",\N,\N,\N,\N,\N,\N
06qio,"Dorighi, Carter",3B,SEA,\N,"[""dorighi carter""]",\N,\N,\N,\N,\N,\N
06qk1,"Machado, Austin",C,ATL,\N,"[""machado austin""]",\N,\N,\N,\N,\N,\N
06qil,"Peterson, Ben",RP,SF,\N,"[""peterson ben""]",\N,\N,\N,\N,\N,\N
06qim,"Pferrer, Cam",RP,(N/A),\N,"[""pferrer cam""]",\N,\N,\N,\N,\N,\N
06qij,"Mallitz, Josh",RP,SD,\N,"[""mallitz josh""]",\N,\N,\N,\N,\N,\N
06qik,"Conrad, Adam",RP,(N/A),\N,"[""conrad adam""]",\N,\N,\N,\N,\N,\N
06qih,"Swilling, Carson",RP,SD,\N,"[""swilling carson""]",\N,\N,\N,\N,\N,\N
06qii,"Mathey, Jack",C,SD,\N,"[""mathey jack""]",\N,\N,\N,\N,\N,\N
06qif,"Clarke, Brandon",SP,STL,\N,"[""clarke brandon""]",\N,\N,\N,\N,\N,\N
06qig,"McCoy, Alex",LF,SD,\N,"[""mccoy alex""]",\N,\N,\N,\N,\N,\N
06qid,"Girton, Brendan",SP,NYM,\N,"[""girton brendan""]",\N,\N,\N,\N,\N,\N
06qie,"Penney, Jack",2B,DET,\N,"[""penney jack""]",\N,\N,\N,\N,\N,\N
06qib,"Hackman, Owen",SP,ATL,\N,"[""hackman owen""]",\N,\N,\N,\N,\N,\N
06qic,"Lambert, Ryan",RP,NYM,\N,"[""lambert ryan""]",\N,\N,\N,\N,\N,\N
021wh,"Perez, Roberto",C,(N/A),\N,[],\N,\N,\N,\N,\N,\N
06qia,"Archer, Nathan",LF,CHW,\N,"[""archer nathan""]",\N,\N,\N,\N,\N,\N
06qn9,"Wilson, A.J.",RP,(N/A),\N,"[""wilson a j""]",\N,\N,\N,\N,\N,\N
06qlu,"Franco, Cesar",RF,(N/A),\N,"[""franco cesar""]",\N,\N,\N,\N,\N,\N
06qn7,"West, John",SP,ARI,\N,"[""west john""]",\N,\N,\N,\N,\N,\N
06qn8,"Verdugo, Ryan",SP,HOU,\N,"[""verdugo ryan""]",\N,\N,\N,\N,\N,\N
05nir,"Francisco, Javier",SS,(N/A),\N,"[""francisco javier""]",\N,\N,\N,\N,\N,\N
06qls,"Kirtner, Brady",RP,NYY,\N,"[""kirtner brady""]",\N,\N,\N,\N,\N,\N
06qn6,"Springer, Josh",C,TEX,\N,"[""springer josh""]",\N,\N,\N,\N,\N,\N
06qlt,"Takayoshi, Tommy",C,ATH,\N,"[""takayoshi tommy""]",\N,\N,\N,\N,\N,\N
06qlq,"Sokol, Jack",RP,NYY,\N,"[""sokol jack""]",\N,\N,\N,\N,\N,\N
06qlr,"Harber, Parks",3B,SF,\N,"[""harber parks""]",\N,\N,\N,\N,\N,\N
06qlo,"Cobb, Owen",2B,NYY,\N,"[""cobb owen""]",\N,\N,\N,\N,\N,\N
06qlp,"Pastore, Duncan",2B,NYY,\N,"[""pastore duncan""]",\N,\N,\N,\N,\N,\N
06qlm,"Seay, Parker",RP,NYY,\N,"[""seay parker""]",\N,\N,\N,\N,\N,\N
06qln,"Zaffiro, Cole",RP,(N/A),\N,"[""zaffiro cole""]",\N,\N,\N,\N,\N,\N
06qlk,"Rossi, Tony",RP,NYY,\N,"[""rossi tony""]",\N,\N,\N,\N,\N,\N
06qll,"Etheridge, J.T.",SP,NYY,\N,"[""etheridge j t""]",\N,\N,\N,\N,\N,\N
06qlj,"Veach, Chris",RP,NYY,\N,"[""veach chris""]",\N,\N,\N,\N,\N,\N
06qle,"Austin, Channing",SP,NYM,\N,"[""austin channing""]",\N,\N,\N,\N,\N,\N
06qlf,"Armstrong III, Eldridge",RP,(N/A),\N,"[""armstrong iii eldridge""]",\N,\N,\N,\N,\N,\N
06qlc,"Hodges, Hunter",RP,NYM,\N,"[""hodges hunter""]",\N,\N,\N,\N,\N,\N
06qla,"Brewer, Hoss",RP,NYM,\N,"[""brewer hoss""]",\N,\N,\N,\N,\N,\N
06qlb,"Marsh, Chandler",RP,BAL,\N,"[""marsh chandler""]",\N,\N,\N,\N,\N,\N
06qkz,"Jewett, Luke",RP,COL,\N,"[""jewett luke""]",\N,\N,\N,\N,\N,\N
06qkx,"Wilson, Tyler",LF,NYY,\N,"[""wilson tyler""]",\N,\N,\N,\N,\N,\N
06qky,"Mazza, Niko",SP,SF,\N,"[""mazza niko""]",\N,\N,\N,\N,\N,\N
06qkv,"Garcia, Sam",SP,MIL,\N,"[""garcia sam""]",\N,\N,\N,\N,\N,\N
06qkw,"Riley, Will",RP,SEA,\N,"[""riley will""]",\N,\N,\N,\N,\N,\N
06qkt,"Hall, Jakob",RP,(N/A),\N,"[""hall jakob""]",\N,\N,\N,\N,\N,\N
06qku,"Voelker, Jayden",SP,TB,\N,"[""voelker jayden""]",\N,\N,\N,\N,\N,\N
06qkr,"Hill, Camron",SP,PHI,\N,"[""hill camron""]",\N,\N,\N,\N,\N,\N
06qks,"Tuft, Colin",C,BAL,\N,"[""tuft colin""]",\N,\N,\N,\N,\N,\N
06qkp,"Garnett, Travis",RP,(N/A),\N,"[""garnett travis""]",\N,\N,\N,\N,\N,\N
06qkq,"Howard, Dylan",SP,HOU,\N,"[""howard dylan""]",\N,\N,\N,\N,\N,\N
06qkh,"Reyes, Jan Luis",LF,CHC,\N,"[""reyes jan luis""]",\N,\N,\N,\N,\N,\N
06qki,"Bickerstaff, Calvin",RP,BOS,\N,"[""bickerstaff calvin""]",\N,\N,\N,\N,\N,\N
06qkg,"Eblin, Bryce",2B,CHW,\N,"[""eblin bryce""]",\N,\N,\N,\N,\N,\N
06qkd,"Briley, Alec",3B,CHW,\N,"[""briley alec""]",\N,\N,\N,\N,\N,\N
06qke,"Magill, Grant",C,CHW,\N,"[""magill grant""]",\N,\N,\N,\N,\N,\N
06qkb,"Thomas, Gray",RP,(N/A),\N,"[""thomas gray""]",\N,\N,\N,\N,\N,\N
06qkc,"Corona, Jorge",C,CHW,\N,"[""corona jorge""]",\N,\N,\N,\N,\N,\N
070cx,"Smith, Brayden",2B,STL,\N,"[""smith brayden""]",\N,\N,\N,\N,\N,\N
070cy,"Wagner, Nico",RP,ATL,\N,"[""wagner nico""]",\N,\N,\N,\N,\N,\N
070cv,"Marcelin, Orlando",RP,TOR,\N,"[""marcelin orlando""]",\N,\N,\N,\N,\N,\N
070e8,"Underwood, Cooper",SP,(N/A),\N,"[""underwood cooper""]",\N,\N,\N,\N,\N,\N
070e9,"Pike, Mason",SS,(N/A),\N,"[""pike mason""]",\N,\N,\N,\N,\N,\N
070ct,"DeSanto, Ryan",SP,CLE,\N,"[""desanto ryan""]",\N,\N,\N,\N,\N,\N
06qh7,"Simmons, Kenyon",3B,(N/A),\N,"[""simmons kenyon""]",\N,\N,\N,\N,\N,\N
021ue,"Milone, Tommy",RP,(N/A),\N,"[""milone tommy""]",\N,\N,\N,\N,\N,\N
070e7,"Moore, Ethan",SS,(N/A),\N,"[""moore ethan""]",\N,\N,\N,\N,\N,\N
070cu,"Scannell, Matt",CF,ATL,\N,"[""scannell matt""]",\N,\N,\N,\N,\N,\N
06qh8,"Osorio, Isaac",CF,(N/A),\N,"[""osorio isaac""]",\N,\N,\N,\N,\N,\N
06qh5,"Castillo, Winifer",LF,(N/A),\N,"[""castillo winifer""]",\N,\N,\N,\N,\N,\N
06qh6,"Diaz, Jhiancarlos",SS,(N/A),\N,"[""diaz jhiancarlos""]",\N,\N,\N,\N,\N,\N
06qh3,"Francis, Joshua",LF,SEA,\N,"[""francis joshua""]",\N,\N,\N,\N,\N,\N
06qh4,"Sirvania, Givian",3B,BOS,\N,"[""sirvania givian""]",\N,\N,\N,\N,\N,\N
06qfp,"Velasquez, Nomar",LF,CLE,\N,"[""velasquez nomar""]",\N,\N,\N,\N,\N,\N
06qh2,"Fuentes, Yadimir",1B,(N/A),\N,"[""fuentes yadimir""]",\N,\N,\N,\N,\N,\N
06qfm,"Guzman, Jorge",SP,(N/A),\N,"[""guzman jorge""]",\N,\N,\N,\N,\N,\N
06qh0,"Vera, Alejandro",SP,(N/A),\N,"[""vera alejandro""]",\N,\N,\N,\N,\N,\N
06qfn,"Nivar, Jormy",RP,TEX,\N,"[""nivar jormy""]",\N,\N,\N,\N,\N,\N
06qfl,"Jimenez, Anderson",SP,SEA,\N,"[""jimenez anderson""]",\N,\N,\N,\N,\N,\N
070cf,"Bowen, Tyler",RP,PHI,\N,"[""bowen tyler""]",\N,\N,\N,\N,\N,\N
070cd,"Kuiper, Cash",SP,DET,\N,"[""kuiper cash""]",\N,\N,\N,\N,\N,\N
070ce,"Bilecki, George",RF,SD,\N,"[""bilecki george""]",\N,\N,\N,\N,\N,\N
070cb,"Farley, Elijah",CF,HOU,\N,"[""farley elijah""]",\N,\N,\N,\N,\N,\N
070cc,"Woolfolk, Jay",SP,ATL,\N,"[""woolfolk jay""]",\N,\N,\N,\N,\N,\N
01t9q,"Sanchez, Gary",C,MIL,\N,"[""sanchez gary""]",\N,\N,\N,\N,\N,\N
070ca,"Spencer, Connor",RP,CHC,\N,"[""spencer connor""]",\N,\N,\N,\N,\N,\N
070by,"Madonna, Truitt",C,SD,\N,"[""madonna truitt""]",\N,\N,\N,\N,\N,\N
06qez,"Glassey, Joe",SP,WSH,\N,"[""glassey joe""]",\N,\N,\N,\N,\N,\N
070bw,"Daniel, Colin",SP,ATL,\N,"[""daniel colin""]",\N,\N,\N,\N,\N,\N
06qex,"Leiner, Kenny",RP,BAL,\N,"[""leiner kenny""]",\N,\N,\N,\N,\N,\N
070bx,"Hamilton, River",SP,DET,\N,"[""hamilton river""]",\N,\N,\N,\N,\N,\N
06qey,"Vespi, Ben",RP,BAL,\N,"[""vespi ben""]",\N,\N,\N,\N,\N,\N
070bu,"Hughes, CJ",SS,MIL,\N,"[""hughes cj""]",\N,\N,\N,\N,\N,\N
06qev,"Lovich, Eli",RF,CHC,\N,"[""lovich eli""]",\N,\N,\N,\N,\N,\N
070bv,"Thomas, Justin",CF,HOU,\N,"[""thomas justin""]",\N,\N,\N,\N,\N,\N
070d8,"Ankeney, Beau",1B,DET,\N,"[""ankeney beau""]",\N,\N,\N,\N,\N,\N
06qew,"Walker, Bo",LF,ARI,\N,"[""walker bo""]",\N,\N,\N,\N,\N,\N
070d5,"Biller, Denton",RP,BAL,\N,"[""biller denton""]",\N,\N,\N,\N,\N,\N
070bt,"deJong, Holden",SP,BAL,\N,"[""dejong holden""]",\N,\N,\N,\N,\N,\N
070d3,"Heppner, Ryan",SP,ATL,\N,"[""heppner ryan""]",\N,\N,\N,\N,\N,\N
070bq,"Jackson, Luke",RP,TB,\N,[],\N,\N,\N,\N,\N,\N
070br,"Morgan, Barrett",SP,BOS,\N,"[""morgan barrett""]",\N,\N,\N,\N,\N,\N
070d4,"Hunsaker, Riely",SP,CHC,\N,"[""hunsaker riely""]",\N,\N,\N,\N,\N,\N
070bo,"Palmer, Dylan",2B,PIT,\N,"[""palmer dylan""]",\N,\N,\N,\N,\N,\N
070d1,"Poteet, Logan",C,CHC,\N,"[""poteet logan""]",\N,\N,\N,\N,\N,\N
070bp,"Johnson, Jacob",SP,TEX,\N,[],\N,\N,\N,\N,\N,\N
070d2,"Knox, Connor",SP,CHC,\N,"[""knox connor""]",\N,\N,\N,\N,\N,\N
070bm,"Arcamone, Jack",C,(N/A),\N,"[""arcamone jack""]",\N,\N,\N,\N,\N,\N
070bn,"Davis II, Alton",RP,LAA,\N,"[""davis ii alton""]",\N,\N,\N,\N,\N,\N
070d0,"Rodriguez, Freddy",RP,CHC,\N,"[""rodriguez freddy""]",\N,\N,\N,\N,\N,\N
070bl,"Kellner, Boston",3B,(N/A),\N,"[""kellner boston""]",\N,\N,\N,\N,\N,\N
070bi,"Howard, Tyler",C,CLE,\N,"[""howard tyler""]",\N,\N,\N,\N,\N,\N
070bj,"Tate, Dylan",RP,LAD,\N,"[""tate dylan""]",\N,\N,\N,\N,\N,\N
070bh,"Vierling, Will",C,PHI,\N,"[""vierling will""]",\N,\N,\N,\N,\N,\N
070bf,"Song, Sung Mun",3B,SD,\N,"[""song sung mun""]",\N,\N,\N,\N,\N,\N
06qhy,"Moore, Brock",RP,BAL,\N,"[""moore brock""]",\N,\N,\N,\N,\N,\N
06qhz,"Gazdar, Jon Jon",SS,STL,\N,"[""gazdar jon jon""]",\N,\N,\N,\N,\N,\N
070ev,"Rosario, Rodny",3B,CLE,\N,"[""rosario rodny""]",\N,\N,\N,\N,\N,\N
06qj9,"Powell, Peyton",1B,(N/A),\N,"[""powell peyton""]",\N,\N,\N,\N,\N,\N
06qhw,"Kroeger, Jacob",SP,ATL,\N,"[""kroeger jacob""]",\N,\N,\N,\N,\N,\N
06qhx,"Perich, Rafe",3B,TEX,\N,"[""perich rafe""]",\N,\N,\N,\N,\N,\N
021wf,"Perez, Hernan",3B,(N/A),\N,"[""perez hernan""]",\N,\N,\N,\N,\N,\N
070et,"Friese, Hayden",1B,ATL,\N,"[""friese hayden""]",\N,\N,\N,\N,\N,\N
06qj7,"Mracna, Christian",RP,(N/A),\N,"[""mracna christian""]",\N,\N,\N,\N,\N,\N
06qhu,"Thompson, Brandt",SP,STL,\N,"[""thompson brandt""]",\N,\N,\N,\N,\N,\N
070eu,"Fowler, Brody",SP,ATL,\N,"[""fowler brody""]",\N,\N,\N,\N,\N,\N
06qj8,"Lojewski, Jacob",SS,(N/A),\N,"[""lojewski jacob""]",\N,\N,\N,\N,\N,\N
06qhv,"McConnell, Cole",LF,(N/A),\N,"[""mcconnell cole""]",\N,\N,\N,\N,\N,\N
070er,"Curtis, Mathieu",RP,ATL,\N,"[""curtis mathieu""]",\N,\N,\N,\N,\N,\N
06qhs,"Andrade, Ryan",SP,TB,\N,"[""andrade ryan""]",\N,\N,\N,\N,\N,\N
06qj5,"Sanders, Josh",RP,TEX,\N,"[""sanders josh""]",\N,\N,\N,\N,\N,\N
070es,"Clark, KK",RP,BAL,\N,"[""clark kk""]",\N,\N,\N,\N,\N,\N
06qht,"Picollo, Ryan",RF,SEA,\N,"[""picollo ryan""]",\N,\N,\N,\N,\N,\N
06qj6,"Gilliland, Hayden",C,LAD,\N,"[""gilliland hayden""]",\N,\N,\N,\N,\N,\N
06qj3,"Hardy, Theo",SS,TEX,\N,"[""hardy theo""]",\N,\N,\N,\N,\N,\N
06qhq,"Bloebaum, Adam",RP,WSH,\N,"[""bloebaum adam""]",\N,\N,\N,\N,\N,\N
06qj4,"Cherry, Grant",RP,(N/A),\N,"[""cherry grant""]",\N,\N,\N,\N,\N,\N
06qhr,"Rodriguez, Christian",RP,NYM,\N,[],\N,\N,\N,\N,\N,\N
06qj1,"Fagnant, Christian",C,WSH,\N,"[""fagnant christian""]",\N,\N,\N,\N,\N,\N
06qhp,"Herrera, Franyer",RP,NYY,\N,"[""herrera franyer""]",\N,\N,\N,\N,\N,\N
06qj2,"Easley, JBriell",SP,TEX,\N,"[""easley jbriell""]",\N,\N,\N,\N,\N,\N
070ej,"Barker, Jack",LF,PHI,\N,"[""barker jack""]",\N,\N,\N,\N,\N,\N
070ek,"Grego, Dylan",2B,SD,\N,"[""grego dylan""]",\N,\N,\N,\N,\N,\N
070eh,"Moran, Tyson",SS,KC,\N,"[""moran tyson""]",\N,\N,\N,\N,\N,\N
070ei,"Savary, Aaron",SP,CLE,\N,"[""savary aaron""]",\N,\N,\N,\N,\N,\N
070ef,"Smith, Aubrey",RP,HOU,\N,"[""smith aubrey""]",\N,\N,\N,\N,\N,\N
06qhg,"Coret, Maykel",CF,TB,\N,"[""coret maykel""]",\N,\N,\N,\N,\N,\N
070eg,"Goodman, Jack",SS,DET,\N,"[""goodman jack""]",\N,\N,\N,\N,\N,\N
06qhh,"Soto, Dorian",SS,BOS,\N,"[""soto dorian""]",\N,\N,\N,\N,\N,\N
070ed,"Williams, Nate",RP,CHC,\N,"[""williams nate""]",\N,\N,\N,\N,\N,\N
06qhe,"Tornes, Diego",CF,ATL,\N,"[""tornes diego""]",\N,\N,\N,\N,\N,\N
070ee,"Forsythe, Logan",RP,ATL,\N,"[""forsythe logan""]",\N,\N,\N,\N,\N,\N
06qhf,"De La Cruz, Wilfri",SS,BAL,\N,"[""de la cruz wilfri""]",\N,\N,\N,\N,\N,\N
06qhc,"Solano, Warel",3B,TB,\N,"[""solano warel""]",\N,\N,\N,\N,\N,\N
06qhd,"Ozuna, Darwing",RF,ATH,\N,"[""ozuna darwing""]",\N,\N,\N,\N,\N,\N
"10050#30",Team Hitting,TmH,\N,\N,[],\N,\N,\N,\N,\N,\N
070ea,"Parker, Jacob",CF,(N/A),\N,"[""parker jacob""]",\N,\N,\N,\N,\N,\N
06qhb,"Rivas, Harold",CF,BAL,\N,"[""rivas harold""]",\N,\N,\N,\N,\N,\N
070dy,"Storm, Ethan",SP,TB,\N,"[""storm ethan""]",\N,\N,\N,\N,\N,\N
06qgz,"Requena, Angel",1B,WSH,\N,"[""requena angel""]",\N,\N,\N,\N,\N,\N
070dw,"Arendt, Bryan",C,ATH,\N,"[""arendt bryan""]",\N,\N,\N,\N,\N,\N
06qgx,"Gimenez, Greyson",RP,WSH,\N,"[""gimenez greyson""]",\N,\N,\N,\N,\N,\N
070dx,"Fang, Callan",SP,MIN,\N,"[""fang callan""]",\N,\N,\N,\N,\N,\N
06qgy,"Hernandez, Diego",SS,(N/A),\N,[],\N,\N,\N,\N,\N,\N
070du,"Galvan, Rylan",C,CHW,\N,"[""galvan rylan""]",\N,\N,\N,\N,\N,\N
06qi8,"Myers, Kole",LF,LAD,\N,"[""myers kole""]",\N,\N,\N,\N,\N,\N
06qgv,"Richardson, Riangelo",2B,CIN,\N,"[""richardson riangelo""]",\N,\N,\N,\N,\N,\N
070dv,"Mathiesen, Dylan",SP,PIT,\N,"[""mathiesen dylan""]",\N,\N,\N,\N,\N,\N
06qi9,"Gainey, Garrett",RP,TB,\N,"[""gainey garrett""]",\N,\N,\N,\N,\N,\N
06qgw,"Tavarez, Feldi",C,WSH,\N,"[""tavarez feldi""]",\N,\N,\N,\N,\N,\N
06qi6,"Christian, Jakob",1B,SF,\N,"[""christian jakob""]",\N,\N,\N,\N,\N,\N
070dt,"Mitchell, Xavier",SP,LAA,\N,[],\N,\N,\N,\N,\N,\N
06qgu,"Waterfort, Nayerich",2B,CIN,\N,"[""waterfort nayerich""]",\N,\N,\N,\N,\N,\N
06qi7,"Wissman, Nick",RP,(N/A),\N,"[""wissman nick""]",\N,\N,\N,\N,\N,\N
06qi4,"Samuels, Logan",RP,ATL,\N,"[""samuels logan""]",\N,\N,\N,\N,\N,\N
06qgr,"Sloan, Ethan",RP,DET,\N,"[""sloan ethan""]",\N,\N,\N,\N,\N,\N
06qi5,"Strong, Jackson",CF,DET,\N,"[""strong jackson""]",\N,\N,\N,\N,\N,\N
06qgs,"Brethowr, Ivan",RF,PIT,\N,"[""brethowr ivan""]",\N,\N,\N,\N,\N,\N
06qgp,"Sullivan, Joseph",CF,HOU,\N,"[""sullivan joseph""]",\N,\N,\N,\N,\N,\N
06qi2,"Davis, Braden",SP,STL,\N,"[""davis braden""]",\N,\N,\N,\N,\N,\N
06qi3,"Roberts, Kai",CF,SD,\N,"[""roberts kai""]",\N,\N,\N,\N,\N,\N
06qgq,"Robinson, Kyle",SP,LAA,\N,"[""robinson kyle""]",\N,\N,\N,\N,\N,\N
070dm,"Acosta, Cesar",SP,NYY,\N,[],\N,\N,\N,\N,\N,\N
06qi0,"Todd, Jonathan",RP,TOR,\N,"[""todd jonathan""]",\N,\N,\N,\N,\N,\N
070dn,"Ramirez, Angel",LF,KC,\N,[],\N,\N,\N,\N,\N,\N
06qi1,"Sears, Brett",SP,ATL,\N,"[""sears brett""]",\N,\N,\N,\N,\N,\N
06qgo,"Gastelum, Luis",RP,STL,\N,"[""gastelum luis""]",\N,\N,\N,\N,\N,\N
070dk,"Mieses, Starlin",RF,BAL,\N,"[""mieses starlin""]",\N,\N,\N,\N,\N,\N
070dl,"Hughes, Logan",LF,HOU,\N,"[""hughes logan""]",\N,\N,\N,\N,\N,\N
070de,"Penso, Blake",C,COL,\N,"[""penso blake""]",\N,\N,\N,\N,\N,\N
070dc,"McCann, David",C,NYY,\N,"[""mccann david""]",\N,\N,\N,\N,\N,\N
070dd,"Maxwell, Logan",RF,NYY,\N,"[""maxwell logan""]",\N,\N,\N,\N,\N,\N
070db,"Fischer, Carson",RP,WSH,\N,"[""fischer carson""]",\N,\N,\N,\N,\N,\N
070cz,"Sloan, Braeden",RP,BAL,\N,"[""sloan braeden""]",\N,\N,\N,\N,\N,\N
0734f,"Mogen, Timothy",SS,SD,\N,"[""mogen timothy""]",\N,\N,\N,\N,\N,\N
06c78,"Arias, Franklin",SS,BOS,\N,"[""arias franklin""]",\N,\N,\N,\N,\N,\N
06asv,"Samol, Noah",RP,(N/A),\N,"[""samol noah""]",\N,\N,\N,\N,\N,\N
04n1d,"Puason, Robert",RP,ATH,\N,"[""puason robert""]",\N,\N,\N,\N,\N,\N
06rug,"Rujano, Juan",DH,STL,\N,"[""rujano juan""]",\N,\N,\N,\N,\N,\N
0734g,"Done, Carlos",RF,TEX,\N,[],\N,\N,\N,\N,\N,\N
06c79,"Quintero, Eduardo",CF,LAD,\N,"[""quintero eduardo""]",\N,\N,\N,\N,\N,\N
0734d,"Paredes, Jean",RF,TB,\N,"[""paredes jean""]",\N,\N,\N,\N,\N,\N
06rue,"Bonds, Peyton",CF,SF,\N,"[""bonds peyton""]",\N,\N,\N,\N,\N,\N
0734e,"Figueroa, Brayan",SS,ARI,\N,"[""figueroa brayan""]",\N,\N,\N,\N,\N,\N
06asu,"Ramirez, German",SS,HOU,\N,"[""ramirez german""]",\N,\N,\N,\N,\N,\N
06c77,"Lebron, Ariel",CF,HOU,\N,"[""lebron ariel""]",\N,\N,\N,\N,\N,\N
03zo6,"Perez, Cionel",RP,NYM,\N,"[""perez cionel""]",\N,\N,\N,\N,\N,\N
06c5u,"Chirinos, Jose",SP,NYM,\N,"[""chirinos jose""]",\N,\N,\N,\N,\N,\N
06ruf,"Lumpuy, Alexey",RF,CHC,\N,"[""lumpuy alexey""]",\N,\N,\N,\N,\N,\N
04loe,"Rodriguez, Carlos",RF,SD,\N,[],\N,\N,\N,\N,\N,\N
06c5r,"Bodine, Caden",C,TB,\N,"[""bodine caden""]",\N,\N,\N,\N,\N,\N
06c5s,"Healy, Andrew",SP,MIL,\N,"[""healy andrew""]",\N,\N,\N,\N,\N,\N
06rud,"Lodise, Kyle",SS,CHW,\N,"[""lodise kyle""]",\N,\N,\N,\N,\N,\N
06rua,"Reid, Dominick",SP,CHC,\N,"[""reid dominick""]",\N,\N,\N,\N,\N,\N
06c5q,"Chrest, Evan",SP,CLE,\N,"[""chrest evan""]",\N,\N,\N,\N,\N,\N
06c5n,"Mayers, Jacob",RP,BOS,\N,"[""mayers jacob""]",\N,\N,\N,\N,\N,\N
06c5l,"Silva, Anthony",2B,CLE,\N,"[""silva anthony""]",\N,\N,\N,\N,\N,\N
06c5m,"Carmack, Kyler",RP,PHI,\N,"[""carmack kyler""]",\N,\N,\N,\N,\N,\N
0733y,"Tusen, Eduardo",SS,DET,\N,"[""tusen eduardo""]",\N,\N,\N,\N,\N,\N
06c5j,"Peebles, Cannon",C,CLE,\N,"[""peebles cannon""]",\N,\N,\N,\N,\N,\N
06rtz,"Pena, Yassel",3B,ATL,\N,"[""pena yassel""]",\N,\N,\N,\N,\N,\N
0733z,"Ventura, Santiago",CF,DET,\N,"[""ventura santiago""]",\N,\N,\N,\N,\N,\N
06c5k,"Newman, DJ",SP,HOU,\N,"[""newman dj""]",\N,\N,\N,\N,\N,\N
0733w,"Martinez, Carlos",C,CLE,\N,[],\N,\N,\N,\N,\N,\N
06c5h,"Jay, Grant",C,SEA,\N,"[""jay grant""]",\N,\N,\N,\N,\N,\N
06rtx,"Campos, Ulices",SP,(N/A),\N,"[""campos ulices""]",\N,\N,\N,\N,\N,\N
0733x,"Orro, Diego",CF,DET,\N,"[""orro diego""]",\N,\N,\N,\N,\N,\N
06c5i,"Bazzell, Kevin",C,WSH,\N,"[""bazzell kevin""]",\N,\N,\N,\N,\N,\N
06rty,"Fernandez, Malvin",3B,ATL,\N,"[""fernandez malvin""]",\N,\N,\N,\N,\N,\N
06c5f,"Garcia, Jogly",SP,CLE,\N,"[""garcia jogly""]",\N,\N,\N,\N,\N,\N
06rtv,"Sulbaran, Juan",C,TEX,\N,"[""sulbaran juan""]",\N,\N,\N,\N,\N,\N
06rtw,"Campos, Alexander",RP,TB,\N,"[""campos alexander""]",\N,\N,\N,\N,\N,\N
06rtt,"Burgos, Juan",RP,ARI,\N,"[""burgos juan""]",\N,\N,\N,\N,\N,\N
0733t,"Tineo, Oscar",SS,DET,\N,"[""tineo oscar""]",\N,\N,\N,\N,\N,\N
06rtu,"Burgos, Deivid",RP,CIN,\N,"[""burgos deivid""]",\N,\N,\N,\N,\N,\N
06rtr,"Burgos, Roberto",RP,(N/A),\N,"[""burgos roberto""]",\N,\N,\N,\N,\N,\N
04n0o,"Wilcox, Cole",SP,SEA,\N,"[""wilcox cole""]",\N,\N,\N,\N,\N,\N
06rts,"Burgos, Luis",SP,ATH,\N,"[""burgos luis""]",\N,\N,\N,\N,\N,\N
06rtp,"Paredes, Mike",RP,MIN,\N,"[""paredes mike""]",\N,\N,\N,\N,\N,\N
06c5a,"Key, Keythel",SP,LAA,\N,"[""key keythel""]",\N,\N,\N,\N,\N,\N
04n0p,"Thompson, Zack",RP,STL,\N,"[""thompson zack""]",\N,\N,\N,\N,\N,\N
06rtq,"Paredes, Angel",LF,(N/A),\N,"[""paredes angel""]",\N,\N,\N,\N,\N,\N
06rtn,"Caguana, Jose",C,(N/A),\N,"[""caguana jose""]",\N,\N,\N,\N,\N,\N
04n0k,"Hernandez, Carlos",RP,CLE,\N,[],\N,\N,\N,\N,\N,\N
06rto,"Portel, Danny",RP,NYM,\N,"[""portel danny""]",\N,\N,\N,\N,\N,\N
04n0j,"Knowles, DShawn",CF,(N/A),\N,"[""knowles dshawn""]",\N,\N,\N,\N,\N,\N
04n0m,"Gilbert, Logan",SP,SEA,\N,"[""gilbert logan""]",\N,\N,\N,\N,\N,\N
06rtl,"Montilla, Christopher",RP,(N/A),\N,"[""montilla christopher""]",\N,\N,\N,\N,\N,\N
06rtm,"Baez, Manuel",C,SEA,\N,"[""baez manuel""]",\N,\N,\N,\N,\N,\N
04n0l,"Kiyomiya, Kotaro",1B,(N/A),\N,"[""kiyomiya kotaro""]",\N,\N,\N,\N,\N,\N
06c4y,"Correa, Eccel",SP,BAL,\N,"[""correa eccel""]",\N,\N,\N,\N,\N,\N
04n0g,"Martinez, Raidel",SP,(N/A),\N,"[""martinez raidel""]",\N,\N,\N,\N,\N,\N
06rtj,"Mota, Eliseo",RP,DET,\N,"[""mota eliseo""]",\N,\N,\N,\N,\N,\N
06c4z,"Kipp, Grant",SP,CHC,\N,"[""kipp grant""]",\N,\N,\N,\N,\N,\N
06rtk,"Mota, Alberto",RP,TEX,\N,"[""mota alberto""]",\N,\N,\N,\N,\N,\N
06rth,"De Los Santos, Eliazar",RP,(N/A),\N,"[""de los santos eliazar""]",\N,\N,\N,\N,\N,\N
06c4x,"Texido, Francis",SP,LAA,\N,"[""texido francis""]",\N,\N,\N,\N,\N,\N
04n0h,"Lugo, Moises",RP,(N/A),\N,"[""lugo moises""]",\N,\N,\N,\N,\N,\N
06rti,"De Los Santos, David",SP,BAL,\N,"[""de los santos david""]",\N,\N,\N,\N,\N,\N
05oqe,"Madden, Ty",SP,DET,\N,"[""madden ty""]",\N,\N,\N,\N,\N,\N
06c4v,"Almonte, Hancel",1B,(N/A),\N,"[""almonte hancel""]",\N,\N,\N,\N,\N,\N
06rtd,"Benavides, Carlos",C,DET,\N,"[""benavides carlos""]",\N,\N,\N,\N,\N,\N
06c4t,"Tovar, Deward",RF,TEX,\N,"[""tovar deward""]",\N,\N,\N,\N,\N,\N
06rtb,"Bruno, Alam",SS,ARI,\N,"[""bruno alam""]",\N,\N,\N,\N,\N,\N
06rtc,"Barreto, Yulian",2B,SF,\N,"[""barreto yulian""]",\N,\N,\N,\N,\N,\N
06at1,"Rodriguez, Yariel",RP,TOR,\N,"[""rodriguez yariel""]",\N,\N,\N,\N,\N,\N
06at2,"Copen, Patrick",SP,LAD,\N,"[""copen patrick""]",\N,\N,\N,\N,\N,\N
06rta,"Abreu, Anthony",3B,MIA,\N,"[""abreu anthony""]",\N,\N,\N,\N,\N,\N
03zlf,"Medina, Luis",SP,ATH,\N,"[""medina luis""]",\N,\N,\N,\N,\N,\N
04lo8,"Rojas, Jose",LF,NYM,\N,"[""rojas jose""]",\N,\N,\N,\N,\N,\N
06rsy,"De La Rosa, Mayki",LF,ARI,\N,"[""de la rosa mayki""]",\N,\N,\N,\N,\N,\N
06rsz,"Chavez, Isais",C,(N/A),\N,"[""chavez isais""]",\N,\N,\N,\N,\N,\N
03zlh,"Cruz, Oneil",CF,PIT,\N,"[""cruz oneil""]",\N,\N,\N,\N,\N,\N
06rsw,"King, Luis Steven",SS,KC,\N,"[""king luis steven""]",\N,\N,\N,\N,\N,\N
06ru9,"Hanley, Jake",1B,(N/A),\N,"[""hanley jake""]",\N,\N,\N,\N,\N,\N
06rsx,"Balzer, Bryan",SP,SD,\N,"[""balzer bryan""]",\N,\N,\N,\N,\N,\N
06c4e,"Cuevas, Candido",SP,NYM,\N,"[""cuevas candido""]",\N,\N,\N,\N,\N,\N
06rsu,"Reynolds, Cole",RP,CHC,\N,"[""reynolds cole""]",\N,\N,\N,\N,\N,\N
06ru7,"Pina, Rudit",SP,(N/A),\N,"[""pina rudit""]",\N,\N,\N,\N,\N,\N
06ru8,"Pinto, Jose",SP,(N/A),\N,"[""pinto jose""]",\N,\N,\N,\N,\N,\N
06rsv,"Acosta, Julio",LF,CHC,\N,"[""acosta julio""]",\N,\N,\N,\N,\N,\N
06ru5,"Pinango, Fidel",3B,NYM,\N,"[""pinango fidel""]",\N,\N,\N,\N,\N,\N
06rss,"Severino, Lluveres",RP,TOR,\N,"[""severino lluveres""]",\N,\N,\N,\N,\N,\N
06c4d,"Garcia, Saul",RP,NYM,\N,"[""garcia saul""]",\N,\N,\N,\N,\N,\N
06ru6,"Pinto, Santiago",LF,DET,\N,"[""pinto santiago""]",\N,\N,\N,\N,\N,\N
06rst,"Goldmann, Jordan",SP,(N/A),\N,"[""goldmann jordan""]",\N,\N,\N,\N,\N,\N
07342,"Ohman, Jack",SP,(N/A),\N,"[""ohman jack""]",\N,\N,\N,\N,\N,\N
06rsq,"Macias, Johan",2B,LAA,\N,"[""macias johan""]",\N,\N,\N,\N,\N,\N
06ru3,"Arguelles, Anthony",RP,(N/A),\N,"[""arguelles anthony""]",\N,\N,\N,\N,\N,\N
06ru4,"Almonte, Keuri",SP,PIT,\N,"[""almonte keuri""]",\N,\N,\N,\N,\N,\N
06rsr,"Severino, Frailyn",3B,(N/A),\N,"[""severino frailyn""]",\N,\N,\N,\N,\N,\N
07340,"Miranda, Jesus",SP,DET,\N,"[""miranda jesus""]",\N,\N,\N,\N,\N,\N
06ru1,"Mendoza, Edwin",RP,ATH,\N,"[""mendoza edwin""]",\N,\N,\N,\N,\N,\N
06rso,"De Los Santos, Raudy",2B,(N/A),\N,"[""de los santos raudy""]",\N,\N,\N,\N,\N,\N
07341,"Padilla, Alexander",SP,DET,\N,"[""padilla alexander""]",\N,\N,\N,\N,\N,\N
06rsp,"De Los Santos, Weslin",RP,(N/A),\N,"[""de los santos weslin""]",\N,\N,\N,\N,\N,\N
06ru2,"Roman, Angel",RP,(N/A),\N,"[""roman angel""]",\N,\N,\N,\N,\N,\N
01cdf,"Stanton, Giancarlo",DH,NYY,\N,"[""stanton giancarlo""]",\N,\N,\N,\N,\N,\N
06rsm,"De Los Santos, Joldelanio",RP,LAD,\N,"[""de los santos joldelanio""]",\N,\N,\N,\N,\N,\N
06rsn,"De Los Santos, Raimundo",SS,TOR,\N,"[""de los santos raimundo""]",\N,\N,\N,\N,\N,\N
06ru0,"Campos, Manuel",SS,ATL,\N,"[""campos manuel""]",\N,\N,\N,\N,\N,\N
06rsk,"De Los Santos, Greudis",SP,ARI,\N,"[""de los santos greudis""]",\N,\N,\N,\N,\N,\N
06rsl,"De Los Santos, Jefrey",RF,(N/A),\N,"[""de los santos jefrey""]",\N,\N,\N,\N,\N,\N
06rsi,"Pence, Striker",3B,(N/A),\N,"[""pence striker""]",\N,\N,\N,\N,\N,\N
06rsj,"Wheeler, Ethan",SP,(N/A),\N,"[""wheeler ethan""]",\N,\N,\N,\N,\N,\N
06c3v,"Cabrera, Yeremy",CF,WSH,\N,"[""cabrera yeremy""]",\N,\N,\N,\N,\N,\N
06rsg,"Diaz, Anderson",SP,DET,\N,"[""diaz anderson""]",\N,\N,\N,\N,\N,\N
06c59,"Dominguez, Eric",RP,(N/A),\N,"[""dominguez eric""]",\N,\N,\N,\N,\N,\N
06rsh,"Villoria, Geremy",SP,MIN,\N,"[""villoria geremy""]",\N,\N,\N,\N,\N,\N
06c7y,"Vargas, Giovanni",RP,STL,\N,"[""vargas giovanni""]",\N,\N,\N,\N,\N,\N
06rwj,"Gomez, Daniel",SP,STL,\N,"[""gomez daniel""]",\N,\N,\N,\N,\N,\N
06c7w,"Junco, Yoerny",3B,(N/A),\N,"[""junco yoerny""]",\N,\N,\N,\N,\N,\N
06rwe,"Terrero, Ronald",2B,BAL,\N,"[""terrero ronald""]",\N,\N,\N,\N,\N,\N
06c7u,"Johnson, Paris",RF,(N/A),\N,"[""johnson paris""]",\N,\N,\N,\N,\N,\N
06aw7,"Perez, Andy",SS,COL,\N,"[""perez andy""]",\N,\N,\N,\N,\N,\N
06aw4,"Martinez, Omar",C,LAA,\N,"[""martinez omar""]",\N,\N,\N,\N,\N,\N
06rwc,"Delgado, Jesus",SP,ATH,\N,[],\N,\N,\N,\N,\N,\N
06rwd,"Zapata, Kelvin",SP,BAL,\N,"[""zapata kelvin""]",\N,\N,\N,\N,\N,\N
06aw2,"Aldegheri, Samuel",SP,LAA,\N,"[""aldegheri samuel""]",\N,\N,\N,\N,\N,\N
06rwa,"Barazarte, Aiverson",1B,ATH,\N,"[""barazarte aiverson""]",\N,\N,\N,\N,\N,\N
06aw3,"Wetherholt, JJ",SS,STL,\N,"[""wetherholt jj""]",\N,\N,\N,\N,\N,\N
06rwb,"Salmeron, Carlos",RF,ATH,\N,"[""salmeron carlos""]",\N,\N,\N,\N,\N,\N
06c7n,"Velasquez, Facundo",CF,STL,\N,"[""velasquez facundo""]",\N,\N,\N,\N,\N,\N
06c7o,"Roquez, Fernando",LF,(N/A),\N,"[""roquez fernando""]",\N,\N,\N,\N,\N,\N
06c7l,"Ynfante, Nelfy",SP,STL,\N,"[""ynfante nelfy""]",\N,\N,\N,\N,\N,\N
06c7j,"Zhang Carter, Alan",RP,(N/A),\N,"[""zhang carter alan""]",\N,\N,\N,\N,\N,\N
06c7k,"Taveras, Bracewell",2B,STL,\N,"[""taveras bracewell""]",\N,\N,\N,\N,\N,\N
06c7h,"De Leon, Luis",2B,SD,\N,[],\N,\N,\N,\N,\N,\N
06rvx,"Rodriguez, Maikol",RF,SEA,\N,"[""rodriguez maikol""]",\N,\N,\N,\N,\N,\N
06c7i,"Peete, Tai",CF,STL,\N,"[""peete tai""]",\N,\N,\N,\N,\N,\N
06rvy,"Aquino, Derik",RP,LAD,\N,"[""aquino derik""]",\N,\N,\N,\N,\N,\N
06c7f,"Cornwell, Alex",SP,STL,\N,"[""cornwell alex""]",\N,\N,\N,\N,\N,\N
06rvv,"Perez, Joyner",LF,MIN,\N,"[""perez joyner""]",\N,\N,\N,\N,\N,\N
01cgt,"Flores, Wilmer",DH,(N/A),\N,[],\N,\N,\N,\N,\N,\N
06rvw,"Reyes, Jhomnardo",RF,BAL,\N,"[""reyes jhomnardo""]",\N,\N,\N,\N,\N,\N
06c7d,"Jimenez, Frederik",1B,BOS,\N,"[""jimenez frederik""]",\N,\N,\N,\N,\N,\N
06rvt,"Davalan, Charles",CF,LAD,\N,"[""davalan charles""]",\N,\N,\N,\N,\N,\N
06rvu,"Barrios, Jose",2B,MIN,\N,"[""barrios jose""]",\N,\N,\N,\N,\N,\N
01cgo,"Freeman, Freddie",1B,LAD,\N,"[""freeman freddie""]",\N,\N,\N,\N,\N,\N
06c7b,"Aloy, Wehiwa",SS,BAL,\N,"[""aloy wehiwa""]",\N,\N,\N,\N,\N,\N
06c7c,"Moran, Jefferson",SP,STL,\N,"[""moran jefferson""]",\N,\N,\N,\N,\N,\N
06c7a,"Tillero, Jesus",SP,LAD,\N,"[""tillero jesus""]",\N,\N,\N,\N,\N,\N
06c89,"Williamson, Guillermo",1B,(N/A),\N,"[""williamson guillermo""]",\N,\N,\N,\N,\N,\N
06c87,"Batista, Yadiel",RP,STL,\N,"[""batista yadiel""]",\N,\N,\N,\N,\N,\N
06c88,"Terrero, Gabriel",2B,(N/A),\N,"[""terrero gabriel""]",\N,\N,\N,\N,\N,\N
06av8,"McCoy, Kyle",SP,CIN,\N,"[""mccoy kyle""]",\N,\N,\N,\N,\N,\N
06c6s,"Rosario, Ronald",C,BOS,\N,"[""rosario ronald""]",\N,\N,\N,\N,\N,\N
06c85,"Bolivar, Andrew",RP,STL,\N,"[""bolivar andrew""]",\N,\N,\N,\N,\N,\N
06av6,"Yanez, Gabriel",RP,(N/A),\N,"[""yanez gabriel""]",\N,\N,\N,\N,\N,\N
06c86,"Carrera, Emisael",SP,(N/A),\N,"[""carrera emisael""]",\N,\N,\N,\N,\N,\N
06c83,"Dominguez, Diego",RP,TOR,\N,"[""dominguez diego""]",\N,\N,\N,\N,\N,\N
06c84,"Cruz, Xavier",SP,STL,\N,"[""cruz xavier""]",\N,\N,\N,\N,\N,\N
06c81,"Paulino, Brailyn",RP,STL,\N,"[""paulino brailyn""]",\N,\N,\N,\N,\N,\N
06c82,"Oliver, Ronny",SP,(N/A),\N,"[""oliver ronny""]",\N,\N,\N,\N,\N,\N
06c80,"Rojas, Stiveen",RP,MIA,\N,"[""rojas stiveen""]",\N,\N,\N,\N,\N,\N
04n1t,"Hendrick, Austin",RF,CIN,\N,"[""hendrick austin""]",\N,\N,\N,\N,\N,\N
06rw9,"Severino, Carlos",SS,PHI,\N,"[""severino carlos""]",\N,\N,\N,\N,\N,\N
01cfr,"Santana, Carlos",1B,ATL,\N,"[""santana carlos""]",\N,\N,\N,\N,\N,\N
04n1v,"Consuegra, Stanley",CF,(N/A),\N,"[""consuegra stanley""]",\N,\N,\N,\N,\N,\N
06rw7,"Oropeza, Rafael",SS,(N/A),\N,"[""oropeza rafael""]",\N,\N,\N,\N,\N,\N
06rw8,"Duran, Carlos",SP,(N/A),\N,[],\N,\N,\N,\N,\N,\N
06rw5,"Baptista, Gustavo",C,CLE,\N,"[""baptista gustavo""]",\N,\N,\N,\N,\N,\N
04n1p,"Banfield, Will",C,CIN,\N,"[""banfield will""]",\N,\N,\N,\N,\N,\N
06rw6,"Abreu, Ranciel",SP,NYY,\N,"[""abreu ranciel""]",\N,\N,\N,\N,\N,\N
06rw3,"McKenzie, Briggs",SP,ATL,\N,"[""mckenzie briggs""]",\N,\N,\N,\N,\N,\N
06rw4,"Marrero, Adriano",SP,LAD,\N,"[""marrero adriano""]",\N,\N,\N,\N,\N,\N
04n1l,"OLoughlin, Jack",SP,(N/A),\N,"[""oloughlin jack""]",\N,\N,\N,\N,\N,\N
06rw1,"Weinstein, Cole",SS,(N/A),\N,"[""weinstein cole""]",\N,\N,\N,\N,\N,\N
06ruo,"Fraide, Juan",SP,HOU,\N,"[""fraide juan""]",\N,\N,\N,\N,\N,\N
06rw2,"Hall, Steele",SS,CIN,\N,"[""hall steele""]",\N,\N,\N,\N,\N,\N
06rum,"Hernandez, Yoslaniel",SP,PIT,\N,"[""hernandez yoslaniel""]",\N,\N,\N,\N,\N,\N
04n1n,"Davidson, Logan",LF,TB,\N,"[""davidson logan""]",\N,\N,\N,\N,\N,\N
06run,"Volantis, Dylan",RP,(N/A),\N,"[""volantis dylan""]",\N,\N,\N,\N,\N,\N
06ruk,"Pinales, Yostin",SP,ATL,\N,"[""pinales yostin""]",\N,\N,\N,\N,\N,\N
06rul,"Coronado, Elaineiker",2B,TOR,\N,"[""coronado elaineiker""]",\N,\N,\N,\N,\N,\N
0734h,"Chavez, Jesus",RF,TEX,\N,"[""chavez jesus""]",\N,\N,\N,\N,\N,\N
06c34,"Medina, Yorfran",1B,(N/A),\N,"[""medina yorfran""]",\N,\N,\N,\N,\N,\N
06aq4,"Valor, Andres",RF,MIA,\N,"[""valor andres""]",\N,\N,\N,\N,\N,\N
06rqc,"Smith, Robinson",SP,PIT,\N,"[""smith robinson""]",\N,\N,\N,\N,\N,\N
0730c,"Cristino, John",C,NYY,\N,"[""cristino john""]",\N,\N,\N,\N,\N,\N
06c35,"Pirela, Jose",RF,CLE,\N,"[""pirela jose""]",\N,\N,\N,\N,\N,\N
06aq2,"Morao, Francisco",SP,BAL,\N,"[""morao francisco""]",\N,\N,\N,\N,\N,\N
06aop,"Guerrero, Luis",RP,TB,\N,"[""guerrero luis""]",\N,\N,\N,\N,\N,\N
06c1p,"Wong, Williams",2B,(N/A),\N,"[""wong williams""]",\N,\N,\N,\N,\N,\N
0730a,"McCarthy, Kaiden",SP,ATL,\N,"[""mccarthy kaiden""]",\N,\N,\N,\N,\N,\N
06aq3,"Hernandez, Angelo",DH,(N/A),\N,"[""hernandez angelo""]",\N,\N,\N,\N,\N,\N
06c33,"Jacques, Joe",SP,NYM,\N,"[""jacques joe""]",\N,\N,\N,\N,\N,\N
06aoq,"Guzman, Emilker",RP,(N/A),\N,"[""guzman emilker""]",\N,\N,\N,\N,\N,\N
06rqb,"Charles, Eddison",RF,NYY,\N,"[""charles eddison""]",\N,\N,\N,\N,\N,\N
06c30,"Palacios, Johan",RP,(N/A),\N,"[""palacios johan""]",\N,\N,\N,\N,\N,\N
06c1o,"Reyes, Yeiker",CF,COL,\N,"[""reyes yeiker""]",\N,\N,\N,\N,\N,\N
06aq1,"Perez, Erigaldi",SP,CLE,\N,"[""perez erigaldi""]",\N,\N,\N,\N,\N,\N
06c1l,"Whitman, Joe",SP,SF,\N,"[""whitman joe""]",\N,\N,\N,\N,\N,\N
06c1m,"Stafura, Sammy",SS,NYM,\N,"[""stafura sammy""]",\N,\N,\N,\N,\N,\N
06c1j,"Cannarella, Cam",CF,MIA,\N,"[""cannarella cam""]",\N,\N,\N,\N,\N,\N
06rpz,"Lancaster, Jackson",RP,TB,\N,"[""lancaster jackson""]",\N,\N,\N,\N,\N,\N
06c1k,"Wolters, Blake",SP,KC,\N,"[""wolters blake""]",\N,\N,\N,\N,\N,\N
07319,"Lovera, Enrique",LF,MIL,\N,"[""lovera enrique""]",\N,\N,\N,\N,\N,\N
06c1h,"Togo, Shosei",SP,(N/A),\N,"[""togo shosei""]",\N,\N,\N,\N,\N,\N
06rpx,"Torres, Adrian",SP,LAD,\N,"[""torres adrian""]",\N,\N,\N,\N,\N,\N
06c1i,"Scott, Matt",SP,CLE,\N,"[""scott matt""]",\N,\N,\N,\N,\N,\N
06rpy,"Costello, Chase",RP,MIL,\N,"[""costello chase""]",\N,\N,\N,\N,\N,\N
06rr8,"Koo, Ja Wook",RF,(N/A),\N,"[""koo ja wook""]",\N,\N,\N,\N,\N,\N
07318,"Veras, Marcos",SP,MIL,\N,"[""veras marcos""]",\N,\N,\N,\N,\N,\N
06rr9,"Gu Lin, Ruei Yang",SP,(N/A),\N,"[""gu lin ruei yang""]",\N,\N,\N,\N,\N,\N
06rr6,"Eui Song, Chan",2B,(N/A),\N,"[""eui song chan""]",\N,\N,\N,\N,\N,\N
06rr7,"Yeup Na, Seung",1B,(N/A),\N,"[""yeup na seung""]",\N,\N,\N,\N,\N,\N
06c1b,"Miyagi, Hiroya",SP,(N/A),\N,"[""miyagi hiroya""]",\N,\N,\N,\N,\N,\N
06rr4,"Ota, Taisei",SP,(N/A),\N,"[""ota taisei""]",\N,\N,\N,\N,\N,\N
06rr2,"Yoon, Dong Hee",RF,(N/A),\N,"[""yoon dong hee""]",\N,\N,\N,\N,\N,\N
06rpq,"Macares, Djean",CF,SF,\N,"[""macares djean""]",\N,\N,\N,\N,\N,\N
06rr3,"Won, Tae In",SP,(N/A),\N,"[""won tae in""]",\N,\N,\N,\N,\N,\N
06rpo,"Apker, Garrett",RP,HOU,\N,"[""apker garrett""]",\N,\N,\N,\N,\N,\N
06rr1,"Gwak, Been",SP,(N/A),\N,"[""gwak been""]",\N,\N,\N,\N,\N,\N
06c0y,"Lemos, Kleimir",1B,(N/A),\N,"[""lemos kleimir""]",\N,\N,\N,\N,\N,\N
06c0z,"Taylor, Devin",RF,ATH,\N,"[""taylor devin""]",\N,\N,\N,\N,\N,\N
06c29,"Sha, Tzu-Chen",SP,ATH,\N,"[""sha tzu chen""]",\N,\N,\N,\N,\N,\N
06rpf,"Jenkins, Sean",SP,(N/A),\N,"[""jenkins sean""]",\N,\N,\N,\N,\N,\N
06c28,"Monegro, Yordanny",SP,BOS,\N,"[""monegro yordanny""]",\N,\N,\N,\N,\N,\N
06rpd,"Avila, Luis",RP,PHI,\N,"[""avila luis""]",\N,\N,\N,\N,\N,\N
06rpe,"Clark, Levi",C,(N/A),\N,"[""clark levi""]",\N,\N,\N,\N,\N,\N
071ma,"Berroteran, Wilner",SP,LAA,\N,"[""berroteran wilner""]",\N,\N,\N,\N,\N,\N
06rpb,"Cabrera, Jan",SP,STL,\N,"[""cabrera jan""]",\N,\N,\N,\N,\N,\N
06rpc,"Diaz, Yorvit",3B,ATH,\N,"[""diaz yorvit""]",\N,\N,\N,\N,\N,\N
06rpa,"Alford, Peyton",RP,SEA,\N,"[""alford peyton""]",\N,\N,\N,\N,\N,\N
06roy,"Curley, Brian",SP,STL,\N,"[""curley brian""]",\N,\N,\N,\N,\N,\N
06roz,"Rodriguez, Adrian",3B,(N/A),\N,[],\N,\N,\N,\N,\N,\N
07308,"George, Kingston",RF,(N/A),\N,"[""george kingston""]",\N,\N,\N,\N,\N,\N
07309,"Landry, Bowen",SP,(N/A),\N,"[""landry bowen""]",\N,\N,\N,\N,\N,\N
07306,"Hadnot, Carter",SS,(N/A),\N,"[""hadnot carter""]",\N,\N,\N,\N,\N,\N
06rou,"Ventura, Ezequiel",RP,(N/A),\N,"[""ventura ezequiel""]",\N,\N,\N,\N,\N,\N
07307,"Tuiasosopo, Amani",SS,(N/A),\N,"[""tuiasosopo amani""]",\N,\N,\N,\N,\N,\N
07304,"Bell, Greyson",SP,(N/A),\N,"[""bell greyson""]",\N,\N,\N,\N,\N,\N
06rq5,"Francis, Dale",1B,(N/A),\N,"[""francis dale""]",\N,\N,\N,\N,\N,\N
06ros,"Hallquist, Mike",3B,CHC,\N,"[""hallquist mike""]",\N,\N,\N,\N,\N,\N
07305,"Turner, Jake",RF,(N/A),\N,"[""turner jake""]",\N,\N,\N,\N,\N,\N
06rot,"Mejia, Jose",SP,KC,\N,[],\N,\N,\N,\N,\N,\N
07302,"Rodriguez, Jose",SS,MIL,\N,[],\N,\N,\N,\N,\N,\N
06rq3,"Machado, Diago",RF,SEA,\N,"[""machado diago""]",\N,\N,\N,\N,\N,\N
06roq,"Vu, Kien",LF,CIN,\N,"[""vu kien""]",\N,\N,\N,\N,\N,\N
07303,"Westphal, Grant",LF,(N/A),\N,"[""westphal grant""]",\N,\N,\N,\N,\N,\N
06rq4,"Frias, Alexander",RF,STL,\N,"[""frias alexander""]",\N,\N,\N,\N,\N,\N
06ror,"Dernedde, Kyle",2B,CLE,\N,"[""dernedde kyle""]",\N,\N,\N,\N,\N,\N
07300,"Brito, Dawvris",SS,BOS,\N,"[""brito dawvris""]",\N,\N,\N,\N,\N,\N
06rq1,"Jimenez, Damian",SP,(N/A),\N,"[""jimenez damian""]",\N,\N,\N,\N,\N,\N
06roo,"LaPour, Tommy",SP,MIN,\N,"[""lapour tommy""]",\N,\N,\N,\N,\N,\N
07301,"Duran, Ricky",SS,ATH,\N,"[""duran ricky""]",\N,\N,\N,\N,\N,\N
06rop,"Flora, Jackson",SP,SF,\N,"[""flora jackson""]",\N,\N,\N,\N,\N,\N
06rom,"Williams, Max",LF,MIA,\N,"[""williams max""]",\N,\N,\N,\N,\N,\N
06ron,"Ligon, Karson",SP,TOR,\N,"[""ligon karson""]",\N,\N,\N,\N,\N,\N
06rok,"Belyeu, Cade",LF,(N/A),\N,"[""belyeu cade""]",\N,\N,\N,\N,\N,\N
06rol,"Iredale, Brent",3B,PIT,\N,"[""iredale brent""]",\N,\N,\N,\N,\N,\N
049dt,"James, Josh",RP,(N/A),\N,"[""james josh""]",\N,\N,\N,\N,\N,\N
06amt,"Schroedle, Kyle",RF,(N/A),\N,"[""schroedle kyle""]",\N,\N,\N,\N,\N,\N
06roe,"Forbes, Patrick",SP,ARI,\N,"[""forbes patrick""]",\N,\N,\N,\N,\N,\N
06roc,"Doyle, Liam",SP,STL,\N,"[""doyle liam""]",\N,\N,\N,\N,\N,\N
06ams,"Castillo, Byron",CF,LAA,\N,"[""castillo byron""]",\N,\N,\N,\N,\N,\N
06c3t,"Baez, Mario",2B,ATL,\N,"[""baez mario""]",\N,\N,\N,\N,\N,\N
06rse,"Ramirez, Jose",RF,DET,\N,[],\N,\N,\N,\N,\N,\N
06c3r,"Gaitor, Daniel",RF,(N/A),\N,"[""gaitor daniel""]",\N,\N,\N,\N,\N,\N
06rsc,"Lunceford, Logan",SP,LAD,\N,"[""lunceford logan""]",\N,\N,\N,\N,\N,\N
06c3s,"Zayas, Julio",C,NYM,\N,"[""zayas julio""]",\N,\N,\N,\N,\N,\N
06rsd,"Norby, Ethan",SP,CIN,\N,"[""norby ethan""]",\N,\N,\N,\N,\N,\N
06c3p,"Mijares, Yaikel",3B,CLE,\N,"[""mijares yaikel""]",\N,\N,\N,\N,\N,\N
06c3q,"Uribe, Juan",2B,(N/A),\N,"[""uribe juan""]",\N,\N,\N,\N,\N,\N
06rsb,"Mombetsu, Keito",SP,(N/A),\N,"[""mombetsu keito""]",\N,\N,\N,\N,\N,\N
06c50,"Taveras, Emilio",1B,(N/A),\N,"[""taveras emilio""]",\N,\N,\N,\N,\N,\N
06aqo,"Bunnell, Cade",1B,(N/A),\N,"[""bunnell cade""]",\N,\N,\N,\N,\N,\N
06c3o,"Liranzo, Joshua",3B,BAL,\N,"[""liranzo joshua""]",\N,\N,\N,\N,\N,\N
06c3l,"Prins, Connor",SP,(N/A),\N,"[""prins connor""]",\N,\N,\N,\N,\N,\N
06aql,"Darvish, Shoei",LF,(N/A),\N,"[""darvish shoei""]",\N,\N,\N,\N,\N,\N
06c3m,"Cohen, Luis",SP,BOS,\N,"[""cohen luis""]",\N,\N,\N,\N,\N,\N
06aqm,"Vasquez, Wardquelin",RP,(N/A),\N,"[""vasquez wardquelin""]",\N,\N,\N,\N,\N,\N
0731y,"Castillo, Carlos",CF,LAA,\N,[],\N,\N,\N,\N,\N,\N
06aqj,"McLoughlin, Trey",RP,HOU,\N,"[""mcloughlin trey""]",\N,\N,\N,\N,\N,\N
06rrz,"King, Aidan",RP,(N/A),\N,"[""king aidan""]",\N,\N,\N,\N,\N,\N
06aqk,"Baumann, Garrett",SP,ATL,\N,"[""baumann garrett""]",\N,\N,\N,\N,\N,\N
0731w,"Robbins, Aiden",RF,NYM,\N,"[""robbins aiden""]",\N,\N,\N,\N,\N,\N
06aqh,"Barvosa, Andersson",RP,TB,\N,"[""barvosa andersson""]",\N,\N,\N,\N,\N,\N
06c3h,"Wynyard, Kai",RP,TEX,\N,"[""wynyard kai""]",\N,\N,\N,\N,\N,\N
06rrx,"Genao, Jhostin",CF,TEX,\N,"[""genao jhostin""]",\N,\N,\N,\N,\N,\N
0731x,"Mendez, Sebastian",SS,HOU,\N,"[""mendez sebastian""]",\N,\N,\N,\N,\N,\N
06c3i,"Robles, Kay",CF,(N/A),\N,"[""robles kay""]",\N,\N,\N,\N,\N,\N
06aqi,"Ciriaco, Jeremy",CF,COL,\N,"[""ciriaco jeremy""]",\N,\N,\N,\N,\N,\N
06rry,"Southisene, Tate",SS,ATL,\N,"[""southisene tate""]",\N,\N,\N,\N,\N,\N
06c3f,"De La Cruz, Alessander",RF,COL,\N,"[""de la cruz alessander""]",\N,\N,\N,\N,\N,\N
06rrv,"Salio, Angel",3B,CIN,\N,"[""salio angel""]",\N,\N,\N,\N,\N,\N
06rt8,"Nunez, Pedro",SP,COL,\N,"[""nunez pedro""]",\N,\N,\N,\N,\N,\N
0731v,"Leta, Jhoseph",SS,CLE,\N,"[""leta jhoseph""]",\N,\N,\N,\N,\N,\N
06c3g,"Lara, Gabriel",LF,NYY,\N,"[""lara gabriel""]",\N,\N,\N,\N,\N,\N
04llv,"Sosa, Lenyn",2B,TOR,\N,"[""sosa lenyn""]",\N,\N,\N,\N,\N,\N
06rrw,"Cruceta, Dayber",CF,PHI,\N,"[""cruceta dayber""]",\N,\N,\N,\N,\N,\N
06rt9,"Cedeno, Emmanuel",2B,TB,\N,"[""cedeno emmanuel""]",\N,\N,\N,\N,\N,\N
0731s,"Severino, Aneudi",LF,TOR,\N,"[""severino aneudi""]",\N,\N,\N,\N,\N,\N
06c3d,"Guerra, Jose",1B,(N/A),\N,"[""guerra jose""]",\N,\N,\N,\N,\N,\N
06rt6,"Alfonzo, Eliezer",2B,BOS,\N,[],\N,\N,\N,\N,\N,\N
0731t,"Casanova, Sebastian",SS,TOR,\N,"[""casanova sebastian""]",\N,\N,\N,\N,\N,\N
06rt7,"Tiburcio, Brian",RP,COL,\N,"[""tiburcio brian""]",\N,\N,\N,\N,\N,\N
0731q,"Nivar, Cesar",LF,CLE,\N,"[""nivar cesar""]",\N,\N,\N,\N,\N,\N
06c3b,"Felix, Diego",CF,(N/A),\N,"[""felix diego""]",\N,\N,\N,\N,\N,\N
06rt4,"Perez, Josh",SP,CLE,\N,"[""perez josh""]",\N,\N,\N,\N,\N,\N
0731r,"Bracho, Oswaldo",LF,CLE,\N,"[""bracho oswaldo""]",\N,\N,\N,\N,\N,\N
06c3c,"Chacon, Adan",1B,(N/A),\N,"[""chacon adan""]",\N,\N,\N,\N,\N,\N
06rt5,"Marrero, Elias",DH,(N/A),\N,"[""marrero elias""]",\N,\N,\N,\N,\N,\N
06rrs,"Pena, Sebastian",CF,SD,\N,"[""pena sebastian""]",\N,\N,\N,\N,\N,\N
0731o,"Guerrero, Yhon",LF,CLE,\N,"[""guerrero yhon""]",\N,\N,\N,\N,\N,\N
06rrp,"Cropper, Jack",RP,(N/A),\N,"[""cropper jack""]",\N,\N,\N,\N,\N,\N
06rt2,"Rodriguez, Yordan",RP,NYM,\N,"[""rodriguez yordan""]",\N,\N,\N,\N,\N,\N
0731p,"Reinoso, Wilber",SS,CLE,\N,"[""reinoso wilber""]",\N,\N,\N,\N,\N,\N
06c3a,"Zacarias, Alison",SP,COL,\N,"[""zacarias alison""]",\N,\N,\N,\N,\N,\N
06rt3,"Cordero, Christopher",SP,BOS,\N,"[""cordero christopher""]",\N,\N,\N,\N,\N,\N
0731m,"Reinoso, Svert",SS,CLE,\N,"[""reinoso svert""]",\N,\N,\N,\N,\N,\N
06rrn,"Sanchez, Lisandro",CF,BAL,\N,"[""sanchez lisandro""]",\N,\N,\N,\N,\N,\N
06rt0,"Velasquez, Deivis",C,PHI,\N,"[""velasquez deivis""]",\N,\N,\N,\N,\N,\N
0731n,"Naranjo, Karel",SS,CLE,\N,"[""naranjo karel""]",\N,\N,\N,\N,\N,\N
06rt1,"Garcia, Isaac",LF,CIN,\N,"[""garcia isaac""]",\N,\N,\N,\N,\N,\N
06rro,"Gomez, Johanse",RF,BAL,\N,"[""gomez johanse""]",\N,\N,\N,\N,\N,\N
0731k,"Vasquez, Freyerso",LF,BOS,\N,"[""vasquez freyerso""]",\N,\N,\N,\N,\N,\N
06rrl,"Quick, Riley",SP,MIN,\N,"[""quick riley""]",\N,\N,\N,\N,\N,\N
0731l,"Velasquez, Isaac",SS,BOS,\N,"[""velasquez isaac""]",\N,\N,\N,\N,\N,\N
06c2y,"Rojas, Gilberto",C,(N/A),\N,"[""rojas gilberto""]",\N,\N,\N,\N,\N,\N
0731j,"Ramirez, Joskairo",LF,BOS,\N,"[""ramirez joskairo""]",\N,\N,\N,\N,\N,\N
06c2z,"Santana, Yohanfer",SP,MIA,\N,"[""santana yohanfer""]",\N,\N,\N,\N,\N,\N
0731g,"Moreti, Alexandre",SP,PHI,\N,"[""moreti alexandre""]",\N,\N,\N,\N,\N,\N
06c2w,"Arias, Chalniel",RP,NYY,\N,"[""arias chalniel""]",\N,\N,\N,\N,\N,\N
06rrh,"Narvaez, Brayan",SP,SF,\N,"[""narvaez brayan""]",\N,\N,\N,\N,\N,\N
06c2x,"Espinoza, Leonel",CF,CHC,\N,"[""espinoza leonel""]",\N,\N,\N,\N,\N,\N
06apx,"Yesavage, Trey",SP,TOR,\N,"[""yesavage trey""]",\N,\N,\N,\N,\N,\N
0731e,"Silva, Patrick",3B,PHI,\N,"[""silva patrick""]",\N,\N,\N,\N,\N,\N
0731f,"Burgos, Justin",SP,PHI,\N,"[""burgos justin""]",\N,\N,\N,\N,\N,\N
06c2v,"Batista, Carlos",LF,(N/A),\N,"[""batista carlos""]",\N,\N,\N,\N,\N,\N
0731c,"Casanova, Esterlin",SS,BOS,\N,"[""casanova esterlin""]",\N,\N,\N,\N,\N,\N
06c2s,"Scull, Anthony",CF,LAA,\N,"[""scull anthony""]",\N,\N,\N,\N,\N,\N
06rrd,"Woong Kim, Young",3B,(N/A),\N,"[""woong kim young""]",\N,\N,\N,\N,\N,\N
0731d,"Saenz, Sebastian",C,PHI,\N,"[""saenz sebastian""]",\N,\N,\N,\N,\N,\N
06c2t,"Ortiz, Capri",SS,LAA,\N,"[""ortiz capri""]",\N,\N,\N,\N,\N,\N
06rre,"Dzierwa, Joseph",SP,BAL,\N,"[""dzierwa joseph""]",\N,\N,\N,\N,\N,\N
0731a,"Pacheco, Diego",C,CIN,\N,"[""pacheco diego""]",\N,\N,\N,\N,\N,\N
06rrb,"Hwang, Jun Seo",SP,(N/A),\N,"[""hwang jun seo""]",\N,\N,\N,\N,\N,\N
0731b,"Upchurch, Myles",SP,(N/A),\N,"[""upchurch myles""]",\N,\N,\N,\N,\N,\N
06rrc,"Cheol Yoon, Young",SP,(N/A),\N,"[""cheol yoon young""]",\N,\N,\N,\N,\N,\N
06rra,"Jun So, Hyeong",SP,(N/A),\N,"[""jun so hyeong""]",\N,\N,\N,\N,\N,\N
0730z,"Jhon, Wensloby",SP,ATH,\N,"[""jhon wensloby""]",\N,\N,\N,\N,\N,\N
0730x,"Olivo, Douglas",RF,DET,\N,"[""olivo douglas""]",\N,\N,\N,\N,\N,\N
06c2i,"Arthur, Andru",CF,(N/A),\N,"[""arthur andru""]",\N,\N,\N,\N,\N,\N
06rqy,"Abreu, Cristobal",RP,ATL,\N,"[""abreu cristobal""]",\N,\N,\N,\N,\N,\N
0730y,"Martinez, Santiago",SS,HOU,\N,[],\N,\N,\N,\N,\N,\N
06c2g,"Torres, Rafhlmil",2B,CIN,\N,"[""torres rafhlmil""]",\N,\N,\N,\N,\N,\N
06rqw,"Aybar, Junior",LF,BAL,\N,"[""aybar junior""]",\N,\N,\N,\N,\N,\N
06rs9,"Go, Seung Min",2B,(N/A),\N,"[""go seung min""]",\N,\N,\N,\N,\N,\N
0730w,"Silgado, Roman",C,DET,\N,"[""silgado roman""]",\N,\N,\N,\N,\N,\N
06c2h,"Delancey, Chad",LF,(N/A),\N,"[""delancey chad""]",\N,\N,\N,\N,\N,\N
06rqx,"Carmona, Kelvin",RP,(N/A),\N,"[""carmona kelvin""]",\N,\N,\N,\N,\N,\N
0730t,"Tomas, Luis",SS,CHC,\N,"[""tomas luis""]",\N,\N,\N,\N,\N,\N
06c2e,"Oduber, Shawndrick",RP,(N/A),\N,"[""oduber shawndrick""]",\N,\N,\N,\N,\N,\N
06rs7,"Yoon, Jeong Bin",RF,(N/A),\N,"[""yoon jeong bin""]",\N,\N,\N,\N,\N,\N
06rqu,"Cordero, Daris",3B,(N/A),\N,"[""cordero daris""]",\N,\N,\N,\N,\N,\N
06rs8,"Park, Ji Hwan",2B,(N/A),\N,"[""park ji hwan""]",\N,\N,\N,\N,\N,\N
06rqv,"Tejada, DAngelo",SS,(N/A),\N,"[""tejada dangelo""]",\N,\N,\N,\N,\N,\N
0730r,"Almanzar, Franyel",SS,CHC,\N,"[""almanzar franyel""]",\N,\N,\N,\N,\N,\N
06c2c,"Lin, Sheng-En",DH,CIN,\N,"[""lin sheng en""]",\N,\N,\N,\N,\N,\N
06rs5,"Huang, Pao Lo",SP,(N/A),\N,"[""huang pao lo""]",\N,\N,\N,\N,\N,\N
06rqs,"Aloy, Kuhio",1B,NYM,\N,"[""aloy kuhio""]",\N,\N,\N,\N,\N,\N
0730s,"Cadiz, Xavier",SS,CHC,\N,"[""cadiz xavier""]",\N,\N,\N,\N,\N,\N
06c2d,"Tejeda, Dashyll",RF,WSH,\N,"[""tejeda dashyll""]",\N,\N,\N,\N,\N,\N
06rqt,"Niazoa, Roiber",1B,(N/A),\N,"[""niazoa roiber""]",\N,\N,\N,\N,\N,\N
06rs6,"Wang, Nian Hao",1B,(N/A),\N,"[""wang nian hao""]",\N,\N,\N,\N,\N,\N
0730p,"Geraldo, Johan",SS,CHC,\N,"[""geraldo johan""]",\N,\N,\N,\N,\N,\N
06c2a,"Hurtado, Daviel",SP,NYM,\N,"[""hurtado daviel""]",\N,\N,\N,\N,\N,\N
06rs3,"Diaz, Gleiner",RP,SEA,\N,"[""diaz gleiner""]",\N,\N,\N,\N,\N,\N
06rqq,"Perez, Elias",RF,SEA,\N,"[""perez elias""]",\N,\N,\N,\N,\N,\N
0730q,"Gonzalez, Eduardo",SS,CHC,\N,"[""gonzalez eduardo""]",\N,\N,\N,\N,\N,\N
06c2b,"Baez, Juan",3B,MIL,\N,"[""baez juan""]",\N,\N,\N,\N,\N,\N
06rqr,"Castillo, Isaias",LF,NYY,\N,"[""castillo isaias""]",\N,\N,\N,\N,\N,\N
06rs4,"Patino, Marco",SP,(N/A),\N,"[""patino marco""]",\N,\N,\N,\N,\N,\N
0730n,"Torrealba, Osmar Abel",CF,ATL,\N,"[""torrealba osmar abel""]",\N,\N,\N,\N,\N,\N
06rs1,"Cruz, Juan",CF,(N/A),\N,[],\N,\N,\N,\N,\N,\N
0730o,"Martinez, Jaims",SS,CHC,\N,"[""martinez jaims""]",\N,\N,\N,\N,\N,\N
06rs2,"Lora, Aneury",RP,SEA,\N,"[""lora aneury""]",\N,\N,\N,\N,\N,\N
06rqp,"Jimenez, Aiden",RP,KC,\N,"[""jimenez aiden""]",\N,\N,\N,\N,\N,\N
0730l,"Caminero, Efrailin",SP,ATL,\N,"[""caminero efrailin""]",\N,\N,\N,\N,\N,\N
0730m,"Gomez, Geowin",SP,ATL,\N,"[""gomez geowin""]",\N,\N,\N,\N,\N,\N
06rs0,"Mendez, Bryant",2B,SEA,\N,"[""mendez bryant""]",\N,\N,\N,\N,\N,\N
0730k,"Lara, Rafeliz",SS,CLE,\N,"[""lara rafeliz""]",\N,\N,\N,\N,\N,\N
0730h,"Garcia, Jawel",RF,WSH,\N,"[""garcia jawel""]",\N,\N,\N,\N,\N,\N
06rqj,"Lee, Hyun Seung",3B,MIA,\N,"[""lee hyun seung""]",\N,\N,\N,\N,\N,\N
0730f,"Clark, James",SS,(N/A),\N,"[""clark james""]",\N,\N,\N,\N,\N,\N
06aq8,"Rivero, Jonathan",C,PIT,\N,"[""rivero jonathan""]",\N,\N,\N,\N,\N,\N
06c38,"Medina, Jhon",SP,COL,\N,"[""medina jhon""]",\N,\N,\N,\N,\N,\N
06rqg,"Bravo, Jhorman",SS,BOS,\N,"[""bravo jhorman""]",\N,\N,\N,\N,\N,\N
0730g,"Comeau, Connor",SS,TEX,\N,"[""comeau connor""]",\N,\N,\N,\N,\N,\N
06aq9,"Monteverde, Carlos",1B,(N/A),\N,"[""monteverde carlos""]",\N,\N,\N,\N,\N,\N
06c39,"Pena, Eliezer",SP,COL,\N,"[""pena eliezer""]",\N,\N,\N,\N,\N,\N
06rqh,"Brito, Heins",SS,CLE,\N,"[""brito heins""]",\N,\N,\N,\N,\N,\N
0730d,"Reddemann, Logan",2B,COL,\N,"[""reddemann logan""]",\N,\N,\N,\N,\N,\N
06aq6,"Lopez, Fabian",SS,(N/A),\N,"[""lopez fabian""]",\N,\N,\N,\N,\N,\N
06aot,"Estevez, John",RF,ATL,\N,"[""estevez john""]",\N,\N,\N,\N,\N,\N
06c36,"Matthews, Brice",2B,HOU,\N,"[""matthews brice""]",\N,\N,\N,\N,\N,\N
0730e,"Marohn, Ryan",SP,PIT,\N,"[""marohn ryan""]",\N,\N,\N,\N,\N,\N
06c37,"Cedeno, Keywill",RP,(N/A),\N,"[""cedeno keywill""]",\N,\N,\N,\N,\N,\N
06aq7,"Meran, Richard",RF,NYY,\N,"[""meran richard""]",\N,\N,\N,\N,\N,\N
01te5,"Solano, Donovan",1B,(N/A),\N,"[""solano donovan""]",\N,\N,\N,\N,\N,\N
06rqf,"Villar, Kamuel",SS,COL,\N,"[""villar kamuel""]",\N,\N,\N,\N,\N,\N
03zuo,"Oviedo, Luis",SP,(N/A),\N,"[""oviedo luis""]",\N,\N,\N,\N,\N,\N
04n8z,"Edwards, Xavier",2B,MIA,\N,"[""edwards xavier""]",\N,\N,\N,\N,\N,\N
05oyw,"Davila, Nick",RP,SEA,\N,"[""davila nick""]",\N,\N,\N,\N,\N,\N
05oyx,"Gray, Peyton",RP,TEX,\N,"[""gray peyton""]",\N,\N,\N,\N,\N,\N
04n8x,"Groshans, Jordan",3B,ATL,\N,"[""groshans jordan""]",\N,\N,\N,\N,\N,\N
03ztv,"Wells, Lachlan",SP,(N/A),\N,"[""wells lachlan""]",\N,\N,\N,\N,\N,\N
05oz7,"Butto, Jose",RP,SF,\N,"[""butto jose""]",\N,\N,\N,\N,\N,\N
04n96,"Peroza, Jose",3B,(N/A),\N,"[""peroza jose""]",\N,\N,\N,\N,\N,\N
06sb3,"Ventura, Melky",SP,COL,\N,"[""ventura melky""]",\N,\N,\N,\N,\N,\N
06sb4,"Lopez, Jesus",SP,SF,\N,[],\N,\N,\N,\N,\N,\N
06sa0,"Martinez, Emil",SS,(N/A),\N,"[""martinez emil""]",\N,\N,\N,\N,\N,\N
06c9z,"Castillo, Carlos",SP,PIT,\N,[],\N,\N,\N,\N,\N,\N
02y27,"Peraza, Jose",2B,(N/A),\N,"[""peraza jose""]",\N,\N,\N,\N,\N,\N
06aww,"Cousin, Josimar",RP,(N/A),\N,"[""cousin josimar""]",\N,\N,\N,\N,\N,\N
0738d,"Crisostomo, Franchel",SP,CHW,\N,"[""crisostomo franchel""]",\N,\N,\N,\N,\N,\N
06awr,"Cohen, Harrison",RP,NYY,\N,"[""cohen harrison""]",\N,\N,\N,\N,\N,\N
06awo,"Pestana, Leonardo",RP,(N/A),\N,"[""pestana leonardo""]",\N,\N,\N,\N,\N,\N
06awm,"Sanchez, Rafael",SP,(N/A),\N,"[""sanchez rafael""]",\N,\N,\N,\N,\N,\N
071w9,"Hernandez, Luis",SS,SF,\N,[],\N,\N,\N,\N,\N,\N
0737x,"Zhang, Mingxuan",SP,PIT,\N,"[""zhang mingxuan""]",\N,\N,\N,\N,\N,\N
0737u,"Salazar, Moises",C,MIL,\N,"[""salazar moises""]",\N,\N,\N,\N,\N,\N
06awf,"Merejo, Luis",1B,CLE,\N,"[""merejo luis""]",\N,\N,\N,\N,\N,\N
0737v,"Reyes, Raibel",SP,TB,\N,"[""reyes raibel""]",\N,\N,\N,\N,\N,\N
0737s,"Serrano, Yanfri",LF,CHC,\N,"[""serrano yanfri""]",\N,\N,\N,\N,\N,\N
0737t,"Ramirez, Osiris",SS,MIL,\N,"[""ramirez osiris""]",\N,\N,\N,\N,\N,\N
0737q,"Rizy, Mavrick",RP,(N/A),\N,"[""rizy mavrick""]",\N,\N,\N,\N,\N,\N
0737r,"Suazo, Edward",SS,ATH,\N,"[""suazo edward""]",\N,\N,\N,\N,\N,\N
0737o,"Gomez, Jarvis",CF,SEA,\N,"[""gomez jarvis""]",\N,\N,\N,\N,\N,\N
0737p,"Braun, Mason",1B,(N/A),\N,"[""braun mason""]",\N,\N,\N,\N,\N,\N
0737m,"Mendez, Brayan",LF,HOU,\N,"[""mendez brayan""]",\N,\N,\N,\N,\N,\N
0737n,"Feliz, Imanol",LF,HOU,\N,"[""feliz imanol""]",\N,\N,\N,\N,\N,\N
0737k,"Hernandez, Yohendi",CF,ARI,\N,"[""hernandez yohendi""]",\N,\N,\N,\N,\N,\N
0737l,"Hernandez, Joscar",CF,ARI,\N,"[""hernandez joscar""]",\N,\N,\N,\N,\N,\N
06c8y,"Zielinski, Eli",SP,(N/A),\N,"[""zielinski eli""]",\N,\N,\N,\N,\N,\N
06avy,"Santy, Marino",RP,CHC,\N,"[""santy marino""]",\N,\N,\N,\N,\N,\N
0737j,"Amaya, Loidel",CF,ARI,\N,"[""amaya loidel""]",\N,\N,\N,\N,\N,\N
06avz,"Landaeta, Ramon",C,ATH,\N,"[""landaeta ramon""]",\N,\N,\N,\N,\N,\N
0737g,"Samudio, Yilmar",SP,PHI,\N,"[""samudio yilmar""]",\N,\N,\N,\N,\N,\N
06ax9,"Geber, Jordan",SP,NYM,\N,"[""geber jordan""]",\N,\N,\N,\N,\N,\N
06c8w,"Herrera, Yordy",RP,STL,\N,"[""herrera yordy""]",\N,\N,\N,\N,\N,\N
0737h,"Almanzar, Luis",RF,TB,\N,"[""almanzar luis""]",\N,\N,\N,\N,\N,\N
06avx,"Brito, Erick",3B,PHI,\N,"[""brito erick""]",\N,\N,\N,\N,\N,\N
06c8x,"Sinnard, Luke",SP,ATL,\N,"[""sinnard luke""]",\N,\N,\N,\N,\N,\N
06ax7,"Ramirez, Abrahan",3B,MIA,\N,"[""ramirez abrahan""]",\N,\N,\N,\N,\N,\N
06c8v,"Cabral, Aiven",SP,ATL,\N,"[""cabral aiven""]",\N,\N,\N,\N,\N,\N
06c8s,"Severino, Juan",RP,(N/A),\N,"[""severino juan""]",\N,\N,\N,\N,\N,\N
06c8t,"Ferrer, Andinson",SP,(N/A),\N,"[""ferrer andinson""]",\N,\N,\N,\N,\N,\N
06ax6,"Peavyhouse, Shaddon",RP,(N/A),\N,"[""peavyhouse shaddon""]",\N,\N,\N,\N,\N,\N
06c8q,"Baez, Jarol",RP,STL,\N,"[""baez jarol""]",\N,\N,\N,\N,\N,\N
06c8r,"Asprilla, Paulo",C,STL,\N,"[""asprilla paulo""]",\N,\N,\N,\N,\N,\N
06ax1,"Orellana, Douglas",RP,NYM,\N,"[""orellana douglas""]",\N,\N,\N,\N,\N,\N
06ax2,"Takahashi, Kona",SP,(N/A),\N,"[""takahashi kona""]",\N,\N,\N,\N,\N,\N
06c8p,"Hernandez, Justin",RP,(N/A),\N,"[""hernandez justin""]",\N,\N,\N,\N,\N,\N
06ax0,"Arias, Michael",SP,NYY,\N,"[""arias michael""]",\N,\N,\N,\N,\N,\N
01tji,"DeShields, Delino",CF,(N/A),\N,"[""deshields delino""]",\N,\N,\N,\N,\N,\N
0603r,"Bastidas, Jesus",3B,(N/A),\N,"[""bastidas jesus""]",\N,\N,\N,\N,\N,\N
06rws,"Damian, Omar",SP,HOU,\N,"[""damian omar""]",\N,\N,\N,\N,\N,\N
0603s,"McGeary, Haydn",1B,(N/A),\N,"[""mcgeary haydn""]",\N,\N,\N,\N,\N,\N
06c8a,"Guzman, Angel",1B,SF,\N,[],\N,\N,\N,\N,\N,\N
06ava,"Salas, Anibal",CF,DET,\N,"[""salas anibal""]",\N,\N,\N,\N,\N,\N
06rwq,"Acosta, Yeison",C,BAL,\N,"[""acosta yeison""]",\N,\N,\N,\N,\N,\N
0603n,"Elliott, Clark",LF,ATH,\N,"[""elliott clark""]",\N,\N,\N,\N,\N,\N
0603m,"Staine, Connor",SP,COL,\N,"[""staine connor""]",\N,\N,\N,\N,\N,\N
06rwr,"Zaborowski, Ryland",1B,LAA,\N,"[""zaborowski ryland""]",\N,\N,\N,\N,\N,\N
0603p,"Waldrep, Hurston",SP,ATL,\N,"[""waldrep hurston""]",\N,\N,\N,\N,\N,\N
06ry2,"Guillen, Frandy",3B,BAL,\N,"[""guillen frandy""]",\N,\N,\N,\N,\N,\N
0603o,"Moore, Andrew",RP,PIT,\N,"[""moore andrew""]",\N,\N,\N,\N,\N,\N
0603j,"Maldonado, Nick",RP,MIA,\N,"[""maldonado nick""]",\N,\N,\N,\N,\N,\N
0603i,"Nunez, Elijah",CF,WSH,\N,"[""nunez elijah""]",\N,\N,\N,\N,\N,\N
06c7z,"Suriel, Jose",SP,(N/A),\N,"[""suriel jose""]",\N,\N,\N,\N,\N,\N
0603l,"Schreck, RJ",RF,TOR,\N,"[""schreck rj""]",\N,\N,\N,\N,\N,\N
0603k,"Dugas, Gavin",3B,(N/A),\N,"[""dugas gavin""]",\N,\N,\N,\N,\N,\N
071xb,"Takemoto, Itsuki",SP,ATH,\N,"[""takemoto itsuki""]",\N,\N,\N,\N,\N,\N
05oxc,"Davis, Henry",C,PIT,\N,"[""davis henry""]",\N,\N,\N,\N,\N,\N
071xa,"Kirn, Griffin",SP,ATH,\N,"[""kirn griffin""]",\N,\N,\N,\N,\N,\N
06ayq,"Rodriguez, Manuel",SP,MIL,\N,[],\N,\N,\N,\N,\N,\N
03zu0,"Chirinos, Yonny",SP,(N/A),\N,"[""chirinos yonny""]",\N,\N,\N,\N,\N,\N
071wa,"Asigen, Wandy",SS,NYM,\N,"[""asigen wandy""]",\N,\N,\N,\N,\N,\N
071wb,"Colome, Johenssy",SS,ATH,\N,"[""colome johenssy""]",\N,\N,\N,\N,\N,\N
036ll,"Anraku, Tomohiro",SP,(N/A),\N,"[""anraku tomohiro""]",\N,\N,\N,\N,\N,\N
06rf8,"Hernandez, Julian",C,(N/A),\N,"[""hernandez julian""]",\N,\N,\N,\N,\N,\N
06rf7,"Izaguirre, Nieves",SS,PHI,\N,"[""izaguirre nieves""]",\N,\N,\N,\N,\N,\N
048yd,"Tenerowicz, Robbie",2B,(N/A),\N,"[""tenerowicz robbie""]",\N,\N,\N,\N,\N,\N
01suw,"Perez, Carlos",C,DET,\N,[],\N,\N,\N,\N,\N,\N
0376n,"De Leon, Jose",SP,(N/A),\N,"[""de leon jose""]",\N,\N,\N,\N,\N,\N
0376h,"Alexander, Tyler",RP,TEX,\N,"[""alexander tyler""]",\N,\N,\N,\N,\N,\N
06rfy,"Haugh, Aidan",SP,TB,\N,"[""haugh aidan""]",\N,\N,\N,\N,\N,\N
06rfv,"Flores, Jason",RP,(N/A),\N,"[""flores jason""]",\N,\N,\N,\N,\N,\N
06rh8,"Flores, Jesus",RP,MIL,\N,[],\N,\N,\N,\N,\N,\N
06rh9,"Silva, Manuel",DH,(N/A),\N,"[""silva manuel""]",\N,\N,\N,\N,\N,\N
06rfw,"Barton, Hudson",SP,(N/A),\N,"[""barton hudson""]",\N,\N,\N,\N,\N,\N
071cs,"Morris, Hayden",SP,(N/A),\N,"[""morris hayden""]",\N,\N,\N,\N,\N,\N
06rft,"Marin, Manny",SS,(N/A),\N,"[""marin manny""]",\N,\N,\N,\N,\N,\N
06rh6,"Pineda, Alen",C,(N/A),\N,"[""pineda alen""]",\N,\N,\N,\N,\N,\N
06rh7,"Gonzalez, Joangel",RP,ARI,\N,"[""gonzalez joangel""]",\N,\N,\N,\N,\N,\N
06rfu,"Navarre, Bryce",SP,(N/A),\N,"[""navarre bryce""]",\N,\N,\N,\N,\N,\N
06rh5,"Pineda, Euri",RP,(N/A),\N,"[""pineda euri""]",\N,\N,\N,\N,\N,\N
06rfs,"Mabeus, Burke-Lee",C,(N/A),\N,"[""mabeus burke lee""]",\N,\N,\N,\N,\N,\N
06rfp,"Tomas, Juan",SS,CHC,\N,"[""tomas juan""]",\N,\N,\N,\N,\N,\N
06rh2,"De La Cruz, Jhoan",SS,SD,\N,"[""de la cruz jhoan""]",\N,\N,\N,\N,\N,\N
06rh3,"Rondon, Leonardo",SP,(N/A),\N,"[""rondon leonardo""]",\N,\N,\N,\N,\N,\N
06rh0,"Lopez, Hiverson",C,CLE,\N,"[""lopez hiverson""]",\N,\N,\N,\N,\N,\N
05ocn,"Brzykcy, Zach",RP,MIA,\N,"[""brzykcy zach""]",\N,\N,\N,\N,\N,\N
06rh1,"Hunter, Kenly",CF,STL,\N,"[""hunter kenly""]",\N,\N,\N,\N,\N,\N
06rfo,"Martinez, Kendry",2B,SEA,\N,"[""martinez kendry""]",\N,\N,\N,\N,\N,\N
01sy8,"Hamilton, Billy",CF,(N/A),\N,"[""hamilton billy""]",\N,\N,\N,\N,\N,\N
06af9,"Adams, Gavin",RP,PIT,\N,"[""adams gavin""]",\N,\N,\N,\N,\N,\N
01sy3,"Arenado, Nolan",3B,ARI,\N,"[""arenado nolan""]",\N,\N,\N,\N,\N,\N
06af8,"Simonelli, Anthony",RP,KC,\N,"[""simonelli anthony""]",\N,\N,\N,\N,\N,\N
06af5,"Payton, Jack",C,SF,\N,"[""payton jack""]",\N,\N,\N,\N,\N,\N
06af4,"Roccaforte, Carson",CF,KC,\N,"[""roccaforte carson""]",\N,\N,\N,\N,\N,\N
01svz,"Jansen, Kenley",RP,DET,\N,"[""jansen kenley""]",\N,\N,\N,\N,\N,\N
01svq,"Machado, Manny",3B,SD,\N,"[""machado manny""]",\N,\N,\N,\N,\N,\N
048ye,"Rodriguez, Ramon",C,MIL,\N,"[""rodriguez ramon""]",\N,\N,\N,\N,\N,\N
03yxa,"Marte, Yunior",RP,(N/A),\N,[],\N,\N,\N,\N,\N,\N
03ywx,"Okey, Chris",C,(N/A),\N,"[""okey chris""]",\N,\N,\N,\N,\N,\N
03753,"Smith, Caleb",SP,(N/A),\N,"[""smith caleb""]",\N,\N,\N,\N,\N,\N
048tm,"Fernandez, Juan",C,(N/A),\N,"[""fernandez juan""]",\N,\N,\N,\N,\N,\N
048tn,"Narvaez, Carlos",C,BAL,\N,"[""narvaez carlos""]",\N,\N,\N,\N,\N,\N
06ra9,"Reyes, Josmir",C,NYM,\N,"[""reyes josmir""]",\N,\N,\N,\N,\N,\N
06ra8,"Ortega, Jose",RP,SD,\N,"[""ortega jose""]",\N,\N,\N,\N,\N,\N
06ra3,"Farr, Sawyer",SS,(N/A),\N,"[""farr sawyer""]",\N,\N,\N,\N,\N,\N
06ra4,"Stewart, Zack",RF,(N/A),\N,"[""stewart zack""]",\N,\N,\N,\N,\N,\N
03749,"Greene, Conner",RP,(N/A),\N,"[""greene conner""]",\N,\N,\N,\N,\N,\N
03yx9,"Hernandez, Elieser",RP,ATL,\N,"[""hernandez elieser""]",\N,\N,\N,\N,\N,\N
03740,"Gonsalves, Stephen",RP,(N/A),\N,"[""gonsalves stephen""]",\N,\N,\N,\N,\N,\N
01spo,"Cole, Gerrit",SP,NYY,\N,"[""cole gerrit""]",\N,\N,\N,\N,\N,\N
03742,"Williams, Taylor",RP,(N/A),\N,"[""williams taylor""]",\N,\N,\N,\N,\N,\N
01spl,"Profar, Jurickson",LF,ATL,\N,"[""profar jurickson""]",\N,\N,\N,\N,\N,\N
03yvj,"Armenteros, Lazaro",LF,(N/A),\N,"[""armenteros lazaro""]",\N,\N,\N,\N,\N,\N
048vs,"Querecuto, Juniel",3B,(N/A),\N,"[""querecuto juniel""]",\N,\N,\N,\N,\N,\N
01u75,"Perez, Salvador",C,KC,\N,"[""perez salvador""]",\N,\N,\N,\N,\N,\N
0375c,"Diaz, Edwin",SS,HOU,\N,[],\N,\N,\N,\N,\N,\N
048vd,"Tully, Tanner",SP,(N/A),\N,"[""tully tanner""]",\N,\N,\N,\N,\N,\N
0241y,"Sanchez, Aaron",SP,(N/A),\N,"[""sanchez aaron""]",\N,\N,\N,\N,\N,\N
01srp,"Rodriguez, Wilking",RP,(N/A),\N,"[""rodriguez wilking""]",\N,\N,\N,\N,\N,\N
03yxs,"Harris, Hobie",RP,BOS,\N,"[""harris hobie""]",\N,\N,\N,\N,\N,\N
0374m,"Rogers, Tyler",RP,TOR,\N,"[""rogers tyler""]",\N,\N,\N,\N,\N,\N
06raa,"Aular, Jose",1B,(N/A),\N,"[""aular jose""]",\N,\N,\N,\N,\N,\N
0374o,"Green, Chad",RP,(N/A),\N,"[""green chad""]",\N,\N,\N,\N,\N,\N
01srk,"Singleton, Jon",1B,(N/A),\N,"[""singleton jon""]",\N,\N,\N,\N,\N,\N
03yxh,"Quantrill, Cal",SP,TEX,\N,"[""quantrill cal""]",\N,\N,\N,\N,\N,\N
0374g,"Martin, Jason",LF,(N/A),\N,"[""martin jason""]",\N,\N,\N,\N,\N,\N
01srb,"Taillon, Jameson",SP,TOR,\N,"[""taillon jameson""]",\N,\N,\N,\N,\N,\N
03yxd,"Brujan, Vidal",3B,NYM,\N,"[""brujan vidal""]",\N,\N,\N,\N,\N,\N
06akn,"Soriano, Yeycol",CF,(N/A),\N,"[""soriano yeycol""]",\N,\N,\N,\N,\N,\N
06am0,"Gasper, Mickey",C,BOS,\N,"[""gasper mickey""]",\N,\N,\N,\N,\N,\N
06am1,"Godbout, Henry",2B,BOS,\N,"[""godbout henry""]",\N,\N,\N,\N,\N,\N
06ako,"Catuy, Pedro",CF,ARI,\N,"[""catuy pedro""]",\N,\N,\N,\N,\N,\N
06akl,"Alvero, Xavier",SP,BAL,\N,"[""alvero xavier""]",\N,\N,\N,\N,\N,\N
06akm,"Van Der Schaaf, Stijn",SP,(N/A),\N,"[""van der schaaf stijn""]",\N,\N,\N,\N,\N,\N
06akj,"Lugo, Wilmer",RP,NYM,\N,"[""lugo wilmer""]",\N,\N,\N,\N,\N,\N
06rlz,"Rivero, Gabriel",RP,HOU,\N,"[""rivero gabriel""]",\N,\N,\N,\N,\N,\N
06akk,"Asencio, Enderson",1B,(N/A),\N,"[""asencio enderson""]",\N,\N,\N,\N,\N,\N
06akh,"Alcantara, Alfredo",2B,CIN,\N,"[""alcantara alfredo""]",\N,\N,\N,\N,\N,\N
06rlx,"Sosa, Gabriel",RP,SEA,\N,"[""sosa gabriel""]",\N,\N,\N,\N,\N,\N
06aki,"Rincon, Heriberto",CF,NYM,\N,"[""rincon heriberto""]",\N,\N,\N,\N,\N,\N
06rly,"Rodriguez, Leyvi",RP,NYM,\N,"[""rodriguez leyvi""]",\N,\N,\N,\N,\N,\N
06akf,"Vasquez, Andre",RP,CIN,\N,"[""vasquez andre""]",\N,\N,\N,\N,\N,\N
06rn8,"Gonzalez, Anyelo",C,(N/A),\N,"[""gonzalez anyelo""]",\N,\N,\N,\N,\N,\N
06rlv,"Sosa, Ivan",RF,KC,\N,"[""sosa ivan""]",\N,\N,\N,\N,\N,\N
06akg,"Urbina, Omar",1B,BAL,\N,"[""urbina omar""]",\N,\N,\N,\N,\N,\N
06rlw,"Sosa, Guillermo",2B,(N/A),\N,"[""sosa guillermo""]",\N,\N,\N,\N,\N,\N
06rn9,"Tovar, Jose",C,TB,\N,[],\N,\N,\N,\N,\N,\N
06akd,"Lopez, Christian",RP,CIN,\N,"[""lopez christian""]",\N,\N,\N,\N,\N,\N
06rlt,"Sosa, Yenfri",RP,MIA,\N,"[""sosa yenfri""]",\N,\N,\N,\N,\N,\N
06rn6,"Ramirez, Jorge",C,(N/A),\N,"[""ramirez jorge""]",\N,\N,\N,\N,\N,\N
06ake,"Gonzalez, Irvin",RP,CIN,\N,"[""gonzalez irvin""]",\N,\N,\N,\N,\N,\N
06rlu,"Sosa, Raymond",RP,BAL,\N,"[""sosa raymond""]",\N,\N,\N,\N,\N,\N
06rn7,"Pena, Fernando",1B,SF,\N,"[""pena fernando""]",\N,\N,\N,\N,\N,\N
06akb,"Garcia, Keiver",SS,(N/A),\N,"[""garcia keiver""]",\N,\N,\N,\N,\N,\N
06rn4,"Aponte, Oswaldo",SP,MIA,\N,"[""aponte oswaldo""]",\N,\N,\N,\N,\N,\N
06rlr,"Perez, Angel",RP,CLE,\N,[],\N,\N,\N,\N,\N,\N
06rls,"Sequera, Joseph",C,(N/A),\N,"[""sequera joseph""]",\N,\N,\N,\N,\N,\N
06rn5,"Burgos, David",RP,(N/A),\N,"[""burgos david""]",\N,\N,\N,\N,\N,\N
06rlp,"Acevedo, Eduardo",RF,(N/A),\N,"[""acevedo eduardo""]",\N,\N,\N,\N,\N,\N
06rn2,"LaPorte, Tyler",RP,ATL,\N,"[""laporte tyler""]",\N,\N,\N,\N,\N,\N
06rlq,"Lizardo, Jesus",C,PIT,\N,"[""lizardo jesus""]",\N,\N,\N,\N,\N,\N
06rn3,"Garcia, Carlos",C,TOR,\N,[],\N,\N,\N,\N,\N,\N
06rln,"Durrington, Max",2B,ATH,\N,"[""durrington max""]",\N,\N,\N,\N,\N,\N
06rn0,"Amarante, Juan",SP,PHI,\N,"[""amarante juan""]",\N,\N,\N,\N,\N,\N
06rlo,"Hernandez, Daniel",C,WSH,\N,"[""hernandez daniel""]",\N,\N,\N,\N,\N,\N
06rn1,"Pacheco, Brad",SP,PHI,\N,"[""pacheco brad""]",\N,\N,\N,\N,\N,\N
06rll,"Gonzalez, Yeferson",SP,(N/A),\N,"[""gonzalez yeferson""]",\N,\N,\N,\N,\N,\N
06rlm,"Nunez, Lennyn",RF,(N/A),\N,"[""nunez lennyn""]",\N,\N,\N,\N,\N,\N
06ajz,"Talavera, Roiber",RP,(N/A),\N,"[""talavera roiber""]",\N,\N,\N,\N,\N,\N
06rlk,"Deng Thon, Joseph",RP,LAD,\N,"[""deng thon joseph""]",\N,\N,\N,\N,\N,\N
06al9,"Shelton, Colby",SS,CHW,\N,"[""shelton colby""]",\N,\N,\N,\N,\N,\N
06rlh,"Perez, Darling",SP,NYM,\N,"[""perez darling""]",\N,\N,\N,\N,\N,\N
06aju,"Marcelino, Hansel",RP,(N/A),\N,"[""marcelino hansel""]",\N,\N,\N,\N,\N,\N
06ajs,"Diaz, Joseph",CF,(N/A),\N,"[""diaz joseph""]",\N,\N,\N,\N,\N,\N
06rld,"Lopez, Jose",SP,NYM,\N,[],\N,\N,\N,\N,\N,\N
06ajt,"White, Brandon",SP,MIA,\N,"[""white brandon""]",\N,\N,\N,\N,\N,\N
06rlc,"Lopez, Josue",RP,(N/A),\N,"[""lopez josue""]",\N,\N,\N,\N,\N,\N
06ajo,"Finley, Jackson",SP,ATH,\N,"[""finley jackson""]",\N,\N,\N,\N,\N,\N
06ajp,"Obispo, Juan",RF,WSH,\N,"[""obispo juan""]",\N,\N,\N,\N,\N,\N
06rla,"Gomez, Mario",C,(N/A),\N,"[""gomez mario""]",\N,\N,\N,\N,\N,\N
06ajk,"Serrano, Eli",CF,NYM,\N,"[""serrano eli""]",\N,\N,\N,\N,\N,\N
06rky,"Cabral, Ismael",SP,TB,\N,"[""cabral ismael""]",\N,\N,\N,\N,\N,\N
06rkz,"Speirs, Declan",C,(N/A),\N,"[""speirs declan""]",\N,\N,\N,\N,\N,\N
06rkw,"Taveras, Carlos",CF,MIN,\N,"[""taveras carlos""]",\N,\N,\N,\N,\N,\N
06rku,"Patino, Orlando",CF,CHW,\N,"[""patino orlando""]",\N,\N,\N,\N,\N,\N
06rkv,"Feliz, Wandi",CF,COL,\N,"[""feliz wandi""]",\N,\N,\N,\N,\N,\N
06rks,"Suero, Larry",3B,COL,\N,"[""suero larry""]",\N,\N,\N,\N,\N,\N
06rm5,"Castellanos, Santiago",SP,MIN,\N,"[""castellanos santiago""]",\N,\N,\N,\N,\N,\N
06rm6,"Chourio, Kendry",SP,KC,\N,"[""chourio kendry""]",\N,\N,\N,\N,\N,\N
06rkt,"Muhoozi, Armstrong",CF,PIT,\N,"[""muhoozi armstrong""]",\N,\N,\N,\N,\N,\N
06rm4,"De Paula, Yilver",SS,LAA,\N,"[""de paula yilver""]",\N,\N,\N,\N,\N,\N
06rm1,"Rodriguez, Carlos",SP,DET,\N,[],\N,\N,\N,\N,\N,\N
06rm2,"Mendez, Juan",RP,(N/A),\N,"[""mendez juan""]",\N,\N,\N,\N,\N,\N
03zcy,"Vientos, Mark",3B,NYM,\N,"[""vientos mark""]",\N,\N,\N,\N,\N,\N
06rkm,"De La Cruz, Jose",C,COL,\N,[],\N,\N,\N,\N,\N,\N
03zcx,"Benson, Will",RF,CIN,\N,"[""benson will""]",\N,\N,\N,\N,\N,\N
06rkn,"Cruz, Alejandro",3B,CHW,\N,"[""cruz alejandro""]",\N,\N,\N,\N,\N,\N
06rm0,"Mendez, Wuilberth",SP,DET,\N,"[""mendez wuilberth""]",\N,\N,\N,\N,\N,\N
06rkk,"Valencia, Eduardo",1B,DET,\N,"[""valencia eduardo""]",\N,\N,\N,\N,\N,\N
06rkl,"Hurtado, Ricardo",C,DET,\N,"[""hurtado ricardo""]",\N,\N,\N,\N,\N,\N
06rki,"Tamara, Martin",C,DET,\N,"[""tamara martin""]",\N,\N,\N,\N,\N,\N
071hf,"Canelon, Edelson",RP,MIA,\N,"[""canelon edelson""]",\N,\N,\N,\N,\N,\N
06ak8,"Bolivar, Mason",CF,(N/A),\N,"[""bolivar mason""]",\N,\N,\N,\N,\N,\N
06rkg,"Lao, Armando",1B,DET,\N,"[""lao armando""]",\N,\N,\N,\N,\N,\N
06ak9,"Silva, Heribert",CF,CLE,\N,"[""silva heribert""]",\N,\N,\N,\N,\N,\N
06rkh,"Gudino, Jeiker",C,DET,\N,"[""gudino jeiker""]",\N,\N,\N,\N,\N,\N
06ak6,"Uribe, Isaias",RP,PIT,\N,"[""uribe isaias""]",\N,\N,\N,\N,\N,\N
06rke,"Rodriguez, Angel",C,DET,\N,[],\N,\N,\N,\N,\N,\N
06ak7,"Ogando, Adrian",RP,(N/A),\N,"[""ogando adrian""]",\N,\N,\N,\N,\N,\N
06rkf,"Estrada, Johan",1B,(N/A),\N,"[""estrada johan""]",\N,\N,\N,\N,\N,\N
06ak5,"Tseng, Jyun Yue",RP,(N/A),\N,"[""tseng jyun yue""]",\N,\N,\N,\N,\N,\N
06rkd,"Marin, Nelson",1B,(N/A),\N,"[""marin nelson""]",\N,\N,\N,\N,\N,\N
06ak2,"Alcantara, Kelvin",RF,SEA,\N,"[""alcantara kelvin""]",\N,\N,\N,\N,\N,\N
06ak0,"Castano, Blas",RP,COL,\N,"[""castano blas""]",\N,\N,\N,\N,\N,\N
06amp,"Fisher, Cam",RF,(N/A),\N,"[""fisher cam""]",\N,\N,\N,\N,\N,\N
06roa,"Vasquez, Daury",SP,ARI,\N,"[""vasquez daury""]",\N,\N,\N,\N,\N,\N
06amq,"Fritton, Dom",SP,TB,\N,"[""fritton dom""]",\N,\N,\N,\N,\N,\N
06rob,"Brima, Juan",2B,ARI,\N,"[""brima juan""]",\N,\N,\N,\N,\N,\N
06c10,"Irish, Ike",RF,BAL,\N,"[""irish ike""]",\N,\N,\N,\N,\N,\N
06amn,"Molero, Moises",CF,(N/A),\N,"[""molero moises""]",\N,\N,\N,\N,\N,\N
06aml,"Lantigua, Lisnerkin",RP,CIN,\N,"[""lantigua lisnerkin""]",\N,\N,\N,\N,\N,\N
06amm,"Matos, Delvis",LF,(N/A),\N,"[""matos delvis""]",\N,\N,\N,\N,\N,\N
06amj,"Mendlinger, Noah",2B,STL,\N,"[""mendlinger noah""]",\N,\N,\N,\N,\N,\N
06rnz,"Antonio, Rayven",SP,ATL,\N,"[""antonio rayven""]",\N,\N,\N,\N,\N,\N
06amk,"Baro, Sadiel",RP,(N/A),\N,"[""baro sadiel""]",\N,\N,\N,\N,\N,\N
06amh,"De Los Santos, Luis",SS,(N/A),\N,"[""de los santos luis""]",\N,\N,\N,\N,\N,\N
06rnx,"Garcia, Luis",SS,CLE,\N,[],\N,\N,\N,\N,\N,\N
06ami,"Keisel, Janzen",SP,(N/A),\N,"[""keisel janzen""]",\N,\N,\N,\N,\N,\N
06rny,"Romero, Brayan",SP,(N/A),\N,"[""romero brayan""]",\N,\N,\N,\N,\N,\N
06rnv,"Rodriguez, Gabriel",CF,PIT,\N,[],\N,\N,\N,\N,\N,\N
06rp8,"Lopez, Chris",C,STL,\N,"[""lopez chris""]",\N,\N,\N,\N,\N,\N
06rnw,"Garces, Eliomar",SS,TB,\N,"[""garces eliomar""]",\N,\N,\N,\N,\N,\N
06rp9,"Loaiza, Alejandro",1B,(N/A),\N,"[""loaiza alejandro""]",\N,\N,\N,\N,\N,\N
06rp6,"Cabrera, J.P.",C,STL,\N,"[""cabrera j p""]",\N,\N,\N,\N,\N,\N
06rnt,"Ramos, Hector",SS,BOS,\N,"[""ramos hector""]",\N,\N,\N,\N,\N,\N
06rnu,"Blanco, Sebastian",SS,COL,\N,"[""blanco sebastian""]",\N,\N,\N,\N,\N,\N
06rp7,"Lopez, Carlos",RP,CLE,\N,"[""lopez carlos""]",\N,\N,\N,\N,\N,\N
06t24,"Romero, Shai",RP,LAD,\N,"[""romero shai""]",\N,\N,\N,\N,\N,\N
06rp4,"Caraballo, Brandy",LF,(N/A),\N,"[""caraballo brandy""]",\N,\N,\N,\N,\N,\N
06rp5,"Grant, Frenny",SP,DET,\N,"[""grant frenny""]",\N,\N,\N,\N,\N,\N
06rp2,"Hernandez, Maikel",C,(N/A),\N,[],\N,\N,\N,\N,\N,\N
06rnp,"Castillo, Haritzon",SS,MIN,\N,"[""castillo haritzon""]",\N,\N,\N,\N,\N,\N
071m2,"Garcia, Daniel",SP,MIL,\N,"[""garcia daniel""]",\N,\N,\N,\N,\N,\N
06rp3,"Caraballo, Heriberto",C,STL,\N,"[""caraballo heriberto""]",\N,\N,\N,\N,\N,\N
06t23,"Gillis, Tanner",SP,MIL,\N,"[""gillis tanner""]",\N,\N,\N,\N,\N,\N
06rp0,"De La Cruz, Luis",RP,MIA,\N,[],\N,\N,\N,\N,\N,\N
06rp1,"Cabrera, Jose",RP,(N/A),\N,[],\N,\N,\N,\N,\N,\N
06rno,"Aponte, Liberts",SS,CIN,\N,"[""aponte liberts""]",\N,\N,\N,\N,\N,\N
06rnl,"Linares, Winder",CF,(N/A),\N,"[""linares winder""]",\N,\N,\N,\N,\N,\N
06aly,"Benge, Carson",CF,NYM,\N,"[""benge carson""]",\N,\N,\N,\N,\N,\N
06rnj,"Castro, Jesus",C,(N/A),\N,[],\N,\N,\N,\N,\N,\N
06alz,"Cano, Gregori",1B,(N/A),\N,"[""cano gregori""]",\N,\N,\N,\N,\N,\N
06rnk,"Linarez, Yohander",3B,(N/A),\N,"[""linarez yohander""]",\N,\N,\N,\N,\N,\N
06alw,"James, Coy",SS,WSH,\N,"[""james coy""]",\N,\N,\N,\N,\N,\N
06rnh,"Ponce, Isaac",C,SD,\N,"[""ponce isaac""]",\N,\N,\N,\N,\N,\N
06alx,"Franco, Lucas",SS,(N/A),\N,"[""franco lucas""]",\N,\N,\N,\N,\N,\N
06rni,"Downer, Jhojan",C,SD,\N,"[""downer jhojan""]",\N,\N,\N,\N,\N,\N
06alu,"Granillo, Andre",RP,DET,\N,"[""granillo andre""]",\N,\N,\N,\N,\N,\N
06rnf,"Garza, Andres",C,(N/A),\N,"[""garza andres""]",\N,\N,\N,\N,\N,\N
06alv,"Grady, Clay",SS,(N/A),\N,"[""grady clay""]",\N,\N,\N,\N,\N,\N
06rng,"Guzman, Walfrent",1B,(N/A),\N,"[""guzman walfrent""]",\N,\N,\N,\N,\N,\N
06als,"Ohtani-P, Shohei",SP,LAD,\N,"[""ohtani p shohei""]",\N,\N,\N,\N,\N,\N
06rnd,"Duran, Juan",RP,BAL,\N,[],\N,\N,\N,\N,\N,\N
06alt,"Ohtani-H, Shohei",DH,LAD,\N,"[""ohtani h shohei""]",\N,\N,\N,\N,\N,\N
06alq,"Carlson, Billy",SS,CHW,\N,"[""carlson billy""]",\N,\N,\N,\N,\N,\N
06rnb,"Tovar, Geremy",RP,(N/A),\N,"[""tovar geremy""]",\N,\N,\N,\N,\N,\N
06alr,"Ebel, Brady",SS,MIL,\N,"[""ebel brady""]",\N,\N,\N,\N,\N,\N
06rnc,"Tovar, Anderson",LF,(N/A),\N,"[""tovar anderson""]",\N,\N,\N,\N,\N,\N
06alo,"Mora, Chase",2B,MIL,\N,"[""mora chase""]",\N,\N,\N,\N,\N,\N
06alp,"McCabe, Ben",C,COL,\N,"[""mccabe ben""]",\N,\N,\N,\N,\N,\N
06rna,"Tovar, Jhemiangel",RP,(N/A),\N,"[""tovar jhemiangel""]",\N,\N,\N,\N,\N,\N
06alk,"Condon, Charlie",1B,COL,\N,"[""condon charlie""]",\N,\N,\N,\N,\N,\N
06all,"Yu Chiang, Kun",SS,(N/A),\N,"[""yu chiang kun""]",\N,\N,\N,\N,\N,\N
06rmy,"Ciprian, Junior",SP,ARI,\N,"[""ciprian junior""]",\N,\N,\N,\N,\N,\N
06rmz,"Perez, Kenyi",RP,CHC,\N,"[""perez kenyi""]",\N,\N,\N,\N,\N,\N
06rmw,"Rodriguez, Yobal",SP,CHW,\N,"[""rodriguez yobal""]",\N,\N,\N,\N,\N,\N
06ro9,"Rosario, Kelvin",RP,ARI,\N,"[""rosario kelvin""]",\N,\N,\N,\N,\N,\N
06alh,"Hebbert, Duque",RP,DET,\N,"[""hebbert duque""]",\N,\N,\N,\N,\N,\N
06rmx,"Lin, Po-Chun",SP,SEA,\N,"[""lin po chun""]",\N,\N,\N,\N,\N,\N
06ro7,"Guedez, Breyson",LF,ATH,\N,"[""guedez breyson""]",\N,\N,\N,\N,\N,\N
06ro8,"Suarez, Ronny",RF,ARI,\N,"[""suarez ronny""]",\N,\N,\N,\N,\N,\N
06alc,"Klecker, Kole",SP,MIN,\N,"[""klecker kole""]",\N,\N,\N,\N,\N,\N
04lgp,"Witt Jr., Bobby",SS,KC,\N,"[""witt jr bobby""]",\N,\N,\N,\N,\N,\N
06ro6,"Spivey, Carter",RP,CLE,\N,"[""spivey carter""]",\N,\N,\N,\N,\N,\N
06ala,"Bido, Osvaldo",RP,(N/A),\N,"[""bido osvaldo""]",\N,\N,\N,\N,\N,\N
06ro3,"Ramirez, Yeuri",SP,DET,\N,"[""ramirez yeuri""]",\N,\N,\N,\N,\N,\N
06ro4,"Rivero, Eryks",RF,MIL,\N,"[""rivero eryks""]",\N,\N,\N,\N,\N,\N
06ro2,"Acosta, Cristopher",SS,MIL,\N,"[""acosta cristopher""]",\N,\N,\N,\N,\N,\N
06ro0,"Carson, Andrew",RP,(N/A),\N,"[""carson andrew""]",\N,\N,\N,\N,\N,\N
05ojj,"Mervis, Matt",1B,(N/A),\N,"[""mervis matt""]",\N,\N,\N,\N,\N,\N
06akz,"Ramos, Raylin",RF,BAL,\N,"[""ramos raylin""]",\N,\N,\N,\N,\N,\N
06rml,"Simon, Jhon",3B,TEX,\N,"[""simon jhon""]",\N,\N,\N,\N,\N,\N
06akx,"Cepeda, Geisel",CF,(N/A),\N,"[""cepeda geisel""]",\N,\N,\N,\N,\N,\N
06aky,"Lee, Chen-Hsun",SP,SF,\N,"[""lee chen hsun""]",\N,\N,\N,\N,\N,\N
06akv,"Morfe, Keeler",SP,BAL,\N,"[""morfe keeler""]",\N,\N,\N,\N,\N,\N
06akw,"Gonzalez, Asbel",CF,KC,\N,"[""gonzalez asbel""]",\N,\N,\N,\N,\N,\N
06akt,"Scheffler, Dominic",RP,CIN,\N,"[""scheffler dominic""]",\N,\N,\N,\N,\N,\N
06am6,"Lara, Wilfredo",SS,MIA,\N,"[""lara wilfredo""]",\N,\N,\N,\N,\N,\N
06rme,"Millan, Anthony",CF,HOU,\N,"[""millan anthony""]",\N,\N,\N,\N,\N,\N
06aku,"Perez, Eduardo",DH,HOU,\N,"[""perez eduardo""]",\N,\N,\N,\N,\N,\N
06am7,"Sanchez, Juan",RP,(N/A),\N,[],\N,\N,\N,\N,\N,\N
06rmf,"Cervantes, Angel",SP,(N/A),\N,"[""cervantes angel""]",\N,\N,\N,\N,\N,\N
06akr,"Guzman, David",RF,TOR,\N,"[""guzman david""]",\N,\N,\N,\N,\N,\N
06rmc,"Payano, Gerlyn",RF,MIL,\N,"[""payano gerlyn""]",\N,\N,\N,\N,\N,\N
06am5,"Avila, Luinder",RP,KC,\N,"[""avila luinder""]",\N,\N,\N,\N,\N,\N
06aks,"Rivas, Yosneiker",2B,SF,\N,"[""rivas yosneiker""]",\N,\N,\N,\N,\N,\N
06rmd,"Baro, Meykel",SS,BAL,\N,"[""baro meykel""]",\N,\N,\N,\N,\N,\N
06akp,"Buten, Anielson",LF,CIN,\N,"[""buten anielson""]",\N,\N,\N,\N,\N,\N
06am2,"Brito, Biembenido",SP,(N/A),\N,"[""brito biembenido""]",\N,\N,\N,\N,\N,\N
06akq,"Matoma, David",RP,PIT,\N,"[""matoma david""]",\N,\N,\N,\N,\N,\N
06am3,"Guedez, Jose",SP,HOU,\N,"[""guedez jose""]",\N,\N,\N,\N,\N,\N
06rmb,"Pena, Jose",SS,BAL,\N,"[""pena jose""]",\N,\N,\N,\N,\N,\N
06agj,"De La Cruz, Nicolas",RP,BOS,\N,"[""de la cruz nicolas""]",\N,\N,\N,\N,\N,\N
06rhz,"Arias, Cruzmel",1B,COL,\N,"[""arias cruzmel""]",\N,\N,\N,\N,\N,\N
06agk,"Fisher, Cade",SP,BOS,\N,"[""fisher cade""]",\N,\N,\N,\N,\N,\N
06agh,"Diaz, Yilber",SP,DET,\N,"[""diaz yilber""]",\N,\N,\N,\N,\N,\N
06rhx,"Carmona, Angel",SS,ATL,\N,"[""carmona angel""]",\N,\N,\N,\N,\N,\N
06agi,"Dombkowski, Nick",RP,PIT,\N,"[""dombkowski nick""]",\N,\N,\N,\N,\N,\N
06rhy,"Lopez, Gabriel",C,COL,\N,"[""lopez gabriel""]",\N,\N,\N,\N,\N,\N
06rj8,"Hernandez, Hojans",1B,(N/A),\N,"[""hernandez hojans""]",\N,\N,\N,\N,\N,\N
06rhv,"Marchan, Moises",C,KC,\N,"[""marchan moises""]",\N,\N,\N,\N,\N,\N
06agg,"De Andrade, Sebastian",C,SEA,\N,"[""de andrade sebastian""]",\N,\N,\N,\N,\N,\N
06rhw,"Medina, Raymer",SS,TB,\N,"[""medina raymer""]",\N,\N,\N,\N,\N,\N
06rj9,"Dos Passos, Manuel",C,ATL,\N,"[""dos passos manuel""]",\N,\N,\N,\N,\N,\N
06agd,"OConnor, Jack",RP,LAD,\N,"[""oconnor jack""]",\N,\N,\N,\N,\N,\N
06rht,"Melendez, Anderson",RP,(N/A),\N,"[""melendez anderson""]",\N,\N,\N,\N,\N,\N
06rj6,"Hernandez, Brayan",C,(N/A),\N,"[""hernandez brayan""]",\N,\N,\N,\N,\N,\N
06rj7,"Baez, Michael",1B,(N/A),\N,"[""baez michael""]",\N,\N,\N,\N,\N,\N
06rhu,"Castillo, Ruben",CF,NYY,\N,[],\N,\N,\N,\N,\N,\N
06rj4,"Ortega, Juan",C,BAL,\N,"[""ortega juan""]",\N,\N,\N,\N,\N,\N
06rhr,"Seijas, Kegnnalex",1B,MIL,\N,"[""seijas kegnnalex""]",\N,\N,\N,\N,\N,\N
06agc,"Wegner, Jared",RF,(N/A),\N,"[""wegner jared""]",\N,\N,\N,\N,\N,\N
06rhs,"Lugo, Yoneiker",C,MIL,\N,"[""lugo yoneiker""]",\N,\N,\N,\N,\N,\N
06rj5,"Nolaya, Andres",C,BAL,\N,"[""nolaya andres""]",\N,\N,\N,\N,\N,\N
06rhp,"Walther, Yannic",C,MIL,\N,"[""walther yannic""]",\N,\N,\N,\N,\N,\N
06rj2,"Frias, Wander",2B,(N/A),\N,"[""frias wander""]",\N,\N,\N,\N,\N,\N
022vw,"Barnhart, Tucker",C,(N/A),\N,"[""barnhart tucker""]",\N,\N,\N,\N,\N,\N
06aga,"Moinelo, Livan",SP,(N/A),\N,"[""moinelo livan""]",\N,\N,\N,\N,\N,\N
06rhq,"Rojas, Freider",C,MIL,\N,"[""rojas freider""]",\N,\N,\N,\N,\N,\N
06rj3,"Robain, Jhonanderson",C,(N/A),\N,"[""robain jhonanderson""]",\N,\N,\N,\N,\N,\N
06rhn,"Ordonez, Edgardo",C,MIL,\N,"[""ordonez edgardo""]",\N,\N,\N,\N,\N,\N
06rho,"Martinez, Eric",C,MIL,\N,"[""martinez eric""]",\N,\N,\N,\N,\N,\N
05oek,"Green, Elijah",CF,WSH,\N,"[""green elijah""]",\N,\N,\N,\N,\N,\N
06rhl,"Linarez, Carlos",C,(N/A),\N,"[""linarez carlos""]",\N,\N,\N,\N,\N,\N
06rhm,"Gonzalez, Jose",LF,(N/A),\N,[],\N,\N,\N,\N,\N,\N
06rhk,"Leon, Santiago",SS,MIN,\N,"[""leon santiago""]",\N,\N,\N,\N,\N,\N
06rhh,"Abreu, Jesus",C,(N/A),\N,"[""abreu jesus""]",\N,\N,\N,\N,\N,\N
06rhf,"Novoa, Kevin",1B,(N/A),\N,"[""novoa kevin""]",\N,\N,\N,\N,\N,\N
06rhg,"Almonte, Jeremy",C,MIA,\N,"[""almonte jeremy""]",\N,\N,\N,\N,\N,\N
022vt,"Ortega, Rafael",CF,(N/A),\N,"[""ortega rafael""]",\N,\N,\N,\N,\N,\N
06rhd,"Requena, Alexander",C,MIA,\N,"[""requena alexander""]",\N,\N,\N,\N,\N,\N
06rhe,"Bello, Adrian",C,MIA,\N,"[""bello adrian""]",\N,\N,\N,\N,\N,\N
06rhb,"Chirinos, Nixon",C,MIA,\N,"[""chirinos nixon""]",\N,\N,\N,\N,\N,\N
06rhc,"Rios, Nestor",C,MIA,\N,"[""rios nestor""]",\N,\N,\N,\N,\N,\N
06rha,"Sanchez, Carlos",C,MIA,\N,[],\N,\N,\N,\N,\N,\N
06afk,"Parker, Erik",SS,(N/A),\N,"[""parker erik""]",\N,\N,\N,\N,\N,\N
06rgw,"Sanchez, Juan",3B,TOR,\N,[],\N,\N,\N,\N,\N,\N
06ri9,"Mora, Angelo",C,(N/A),\N,"[""mora angelo""]",\N,\N,\N,\N,\N,\N
06rgu,"Martinez, Luis",1B,(N/A),\N,"[""martinez luis""]",\N,\N,\N,\N,\N,\N
06ri7,"Legito, Qyshawn",C,(N/A),\N,"[""legito qyshawn""]",\N,\N,\N,\N,\N,\N
06ri8,"Gomes, Gabriel",C,(N/A),\N,"[""gomes gabriel""]",\N,\N,\N,\N,\N,\N
06ri5,"Rivas, Kevin",1B,CLE,\N,"[""rivas kevin""]",\N,\N,\N,\N,\N,\N
06rgs,"Sanchez, Dikember",RP,(N/A),\N,"[""sanchez dikember""]",\N,\N,\N,\N,\N,\N
06rgt,"Jauregui, Cristian",LF,PIT,\N,"[""jauregui cristian""]",\N,\N,\N,\N,\N,\N
06ri6,"Leon, David",C,(N/A),\N,"[""leon david""]",\N,\N,\N,\N,\N,\N
06afa,"Bates, Charlie",SS,(N/A),\N,"[""bates charlie""]",\N,\N,\N,\N,\N,\N
06rgq,"Villavicencio, Juan",SS,PHI,\N,"[""villavicencio juan""]",\N,\N,\N,\N,\N,\N
06ri3,"Ordonez, Jesus",C,(N/A),\N,"[""ordonez jesus""]",\N,\N,\N,\N,\N,\N
06rgr,"Cardoza, Victor",CF,PHI,\N,"[""cardoza victor""]",\N,\N,\N,\N,\N,\N
06ri4,"Herrera, Reiner",C,CLE,\N,"[""herrera reiner""]",\N,\N,\N,\N,\N,\N
06rgo,"Cortesia, Brayan",SS,WSH,\N,"[""cortesia brayan""]",\N,\N,\N,\N,\N,\N
06ri1,"Mendez, Jorge",C,(N/A),\N,"[""mendez jorge""]",\N,\N,\N,\N,\N,\N
06rgp,"Gomez, Vladi",2B,NYM,\N,"[""gomez vladi""]",\N,\N,\N,\N,\N,\N
06ri2,"Castillo, Juan",C,COL,\N,"[""castillo juan""]",\N,\N,\N,\N,\N,\N
06rgm,"Roman, Javier",1B,(N/A),\N,"[""roman javier""]",\N,\N,\N,\N,\N,\N
06ri0,"Lantigua, Andriel",C,(N/A),\N,"[""lantigua andriel""]",\N,\N,\N,\N,\N,\N
06rgn,"Dannelley, Jackson",RP,WSH,\N,"[""dannelley jackson""]",\N,\N,\N,\N,\N,\N
06rgk,"Vasquez, Amilcar",CF,(N/A),\N,"[""vasquez amilcar""]",\N,\N,\N,\N,\N,\N
06rgl,"Cervantes, Michel",SS,(N/A),\N,[],\N,\N,\N,\N,\N,\N
06rgi,"Camacho, Angel",RP,(N/A),\N,"[""camacho angel""]",\N,\N,\N,\N,\N,\N
06rgj,"Nunez, Irvin",C,MIN,\N,"[""nunez irvin""]",\N,\N,\N,\N,\N,\N
06ag8,"Taveras, Jonathan",2B,(N/A),\N,"[""taveras jonathan""]",\N,\N,\N,\N,\N,\N
06ag9,"Taira, Kaima",SP,(N/A),\N,"[""taira kaima""]",\N,\N,\N,\N,\N,\N
06rgh,"Defrank, Kevin",SP,MIA,\N,"[""defrank kevin""]",\N,\N,\N,\N,\N,\N
06ag6,"Green, Rodney",CF,ATH,\N,"[""green rodney""]",\N,\N,\N,\N,\N,\N
06ag7,"Meza, Kendal",RP,SEA,\N,"[""meza kendal""]",\N,\N,\N,\N,\N,\N
06ag3,"Nunez, Abraham",CF,CHW,\N,"[""nunez abraham""]",\N,\N,\N,\N,\N,\N
06ag0,"Jimenez, Estibenzon",SP,PHI,\N,"[""jimenez estibenzon""]",\N,\N,\N,\N,\N,\N
06rfz,"Terrero, Marcos",C,(N/A),\N,"[""terrero marcos""]",\N,\N,\N,\N,\N,\N
06rjz,"Silva, Gabriel",C,KC,\N,"[""silva gabriel""]",\N,\N,\N,\N,\N,\N
06rjx,"Hayes, Kyle",C,WSH,\N,"[""hayes kyle""]",\N,\N,\N,\N,\N,\N
05ogx,"Maguire, Solomon",CF,(N/A),\N,"[""maguire solomon""]",\N,\N,\N,\N,\N,\N
06rjy,"Salon, Dionmy",C,(N/A),\N,"[""salon dionmy""]",\N,\N,\N,\N,\N,\N
05ogu,"Branche, Stevie",RP,(N/A),\N,"[""branche stevie""]",\N,\N,\N,\N,\N,\N
06rjv,"Vasquez, Yosweld",C,HOU,\N,"[""vasquez yosweld""]",\N,\N,\N,\N,\N,\N
06rl8,"Marinez, Luis",1B,(N/A),\N,"[""marinez luis""]",\N,\N,\N,\N,\N,\N
05ogv,"Skirrow, Noah",SP,(N/A),\N,"[""skirrow noah""]",\N,\N,\N,\N,\N,\N
06rjw,"Campos, Diego",C,(N/A),\N,"[""campos diego""]",\N,\N,\N,\N,\N,\N
06rl9,"Pariguan, Javier",C,(N/A),\N,"[""pariguan javier""]",\N,\N,\N,\N,\N,\N
05ogs,"Jensen, Wil",RP,(N/A),\N,"[""jensen wil""]",\N,\N,\N,\N,\N,\N
06rjt,"Flores, Miguel",C,(N/A),\N,[],\N,\N,\N,\N,\N,\N
06rl6,"Betances, Jhostin",SP,LAA,\N,"[""betances jhostin""]",\N,\N,\N,\N,\N,\N
06rju,"Caldera, Francisco",DH,(N/A),\N,"[""caldera francisco""]",\N,\N,\N,\N,\N,\N
06rl7,"Pereira, Alejandro",C,ATH,\N,"[""pereira alejandro""]",\N,\N,\N,\N,\N,\N
06rjr,"Puello, Luis",RF,NYY,\N,"[""puello luis""]",\N,\N,\N,\N,\N,\N
06rl4,"Silva, Brahian",C,(N/A),\N,"[""silva brahian""]",\N,\N,\N,\N,\N,\N
06rl5,"Caicuto, Luis",C,PHI,\N,"[""caicuto luis""]",\N,\N,\N,\N,\N,\N
06rjs,"Contreras, Johan",1B,(N/A),\N,"[""contreras johan""]",\N,\N,\N,\N,\N,\N
06rl2,"Loreto, Francisco",3B,PIT,\N,"[""loreto francisco""]",\N,\N,\N,\N,\N,\N
06rjp,"Vivas, Edison",DH,(N/A),\N,"[""vivas edison""]",\N,\N,\N,\N,\N,\N
05ogp,"Wilson, Ethan",RF,(N/A),\N,"[""wilson ethan""]",\N,\N,\N,\N,\N,\N
06rl3,"Escalona, Yhoan",3B,PHI,\N,"[""escalona yhoan""]",\N,\N,\N,\N,\N,\N
06rjq,"Palencia, Manuel",C,NYY,\N,"[""palencia manuel""]",\N,\N,\N,\N,\N,\N
06rl0,"Prado, Santiago",2B,(N/A),\N,"[""prado santiago""]",\N,\N,\N,\N,\N,\N
06rjn,"Sinclair, Jack",RP,WSH,\N,"[""sinclair jack""]",\N,\N,\N,\N,\N,\N
06rjo,"Sosa, Andres",C,(N/A),\N,"[""sosa andres""]",\N,\N,\N,\N,\N,\N
06rl1,"Andrade, Kleyderve",RP,PHI,\N,"[""andrade kleyderve""]",\N,\N,\N,\N,\N,\N
06rjl,"Pena, Adrian",SP,MIA,\N,"[""pena adrian""]",\N,\N,\N,\N,\N,\N
06rjm,"Silvestre, Engel",RP,(N/A),\N,"[""silvestre engel""]",\N,\N,\N,\N,\N,\N
06rjj,"Cassiani, Estanlin",CF,(N/A),\N,"[""cassiani estanlin""]",\N,\N,\N,\N,\N,\N
06rjk,"Castillo, Wilkelma",RP,(N/A),\N,"[""castillo wilkelma""]",\N,\N,\N,\N,\N,\N
06rjh,"Rios, Alejandro",C,ARI,\N,"[""rios alejandro""]",\N,\N,\N,\N,\N,\N
06ahu,"Sullivan, Sean",SP,COL,\N,[],\N,\N,\N,\N,\N,\N
06rjf,"Urbina, Jose",C,ARI,\N,[],\N,\N,\N,\N,\N,\N
06ahv,"Shliger, Luke",C,DET,\N,"[""shliger luke""]",\N,\N,\N,\N,\N,\N
06rjg,"De Leon, Adrian",C,ARI,\N,"[""de leon adrian""]",\N,\N,\N,\N,\N,\N
06ahs,"Garcia, Roy",RP,(N/A),\N,"[""garcia roy""]",\N,\N,\N,\N,\N,\N
03zbp,"Fermin, Jose",2B,STL,\N,[],\N,\N,\N,\N,\N,\N
06rjd,"Fernandez, Johan",C,ARI,\N,"[""fernandez johan""]",\N,\N,\N,\N,\N,\N
06aht,"McCoy, Ryan",RF,TB,\N,"[""mccoy ryan""]",\N,\N,\N,\N,\N,\N
06rje,"Lantigua, Robert",C,ARI,\N,"[""lantigua robert""]",\N,\N,\N,\N,\N,\N
06rjb,"Molina, Carlos",C,(N/A),\N,"[""molina carlos""]",\N,\N,\N,\N,\N,\N
06ahr,"Tejada, Abrahan",SP,(N/A),\N,"[""tejada abrahan""]",\N,\N,\N,\N,\N,\N
06rjc,"Rodriguez, Jose",C,ARI,\N,[],\N,\N,\N,\N,\N,\N
06ahp,"Cordoba, Jose",RF,(N/A),\N,"[""cordoba jose""]",\N,\N,\N,\N,\N,\N
06rja,"Orellana, Josnaider",C,BAL,\N,"[""orellana josnaider""]",\N,\N,\N,\N,\N,\N
06ahn,"Kash, Gavin",1B,(N/A),\N,"[""kash gavin""]",\N,\N,\N,\N,\N,\N
03zbh,"Tatis Jr., Fernando",RF,SD,\N,"[""tatis jr fernando""]",\N,\N,\N,\N,\N,\N
03zbj,"Graterol, Brusdar",RP,LAD,\N,"[""graterol brusdar""]",\N,\N,\N,\N,\N,\N
06riy,"Viloria, Diego",RP,(N/A),\N,"[""viloria diego""]",\N,\N,\N,\N,\N,\N
06riz,"Kiest, Tanner",RP,(N/A),\N,"[""kiest tanner""]",\N,\N,\N,\N,\N,\N
06ahg,"Evans, Casan",SS,(N/A),\N,"[""evans casan""]",\N,\N,\N,\N,\N,\N
06riw,"Rivera, Miguel",C,(N/A),\N,"[""rivera miguel""]",\N,\N,\N,\N,\N,\N
06ahh,"Takahashi, Hiroto",SP,(N/A),\N,"[""takahashi hiroto""]",\N,\N,\N,\N,\N,\N
06rix,"Mambel, Alexander",1B,BOS,\N,"[""mambel alexander""]",\N,\N,\N,\N,\N,\N
06ahe,"Alderman, Kemp",RF,MIA,\N,"[""alderman kemp""]",\N,\N,\N,\N,\N,\N
06rk7,"Rondon, Newremberg",1B,DET,\N,"[""rondon newremberg""]",\N,\N,\N,\N,\N,\N
06riu,"Granadillo, Dilan",C,CHC,\N,"[""granadillo dilan""]",\N,\N,\N,\N,\N,\N
06ahf,"DeLeo, Jake",CF,(N/A),\N,"[""deleo jake""]",\N,\N,\N,\N,\N,\N
06riv,"Marin, Liosward",DH,BOS,\N,"[""marin liosward""]",\N,\N,\N,\N,\N,\N
06ahc,"Mauricio, Alex",RP,(N/A),\N,"[""mauricio alex""]",\N,\N,\N,\N,\N,\N
06rk5,"Marte, Angel",C,(N/A),\N,"[""marte angel""]",\N,\N,\N,\N,\N,\N
06ahd,"Keener, Seth",SP,CHW,\N,"[""keener seth""]",\N,\N,\N,\N,\N,\N
06rk6,"Caldera, Fernando",C,(N/A),\N,"[""caldera fernando""]",\N,\N,\N,\N,\N,\N
06rit,"Pabon, Miguel",C,(N/A),\N,"[""pabon miguel""]",\N,\N,\N,\N,\N,\N
06rk3,"Gonzalez, Ricson",C,KC,\N,"[""gonzalez ricson""]",\N,\N,\N,\N,\N,\N
06riq,"Diaz, Jairo",C,CHC,\N,"[""diaz jairo""]",\N,\N,\N,\N,\N,\N
04lcq,"Bae, Ji-Hwan",LF,MIL,\N,"[""bae ji hwan""]",\N,\N,\N,\N,\N,\N
06rir,"Diaz, Yidel",C,(N/A),\N,"[""diaz yidel""]",\N,\N,\N,\N,\N,\N
06rk4,"Castellano, Alejandro",C,(N/A),\N,"[""castellano alejandro""]",\N,\N,\N,\N,\N,\N
06rk1,"Morales, Jesus",C,KC,\N,"[""morales jesus""]",\N,\N,\N,\N,\N,\N
06rio,"Cespedes, Ivan",C,CHC,\N,"[""cespedes ivan""]",\N,\N,\N,\N,\N,\N
06rip,"Alcala, Henniel",C,CHC,\N,"[""alcala henniel""]",\N,\N,\N,\N,\N,\N
06rk2,"Mota, Edgar",1B,(N/A),\N,"[""mota edgar""]",\N,\N,\N,\N,\N,\N
06rim,"Campos, Daniel",C,CHC,\N,"[""campos daniel""]",\N,\N,\N,\N,\N,\N
06rk0,"Zue, Jhosmmel",C,KC,\N,"[""zue jhosmmel""]",\N,\N,\N,\N,\N,\N
06rin,"Nunez, Vicent",C,(N/A),\N,"[""nunez vicent""]",\N,\N,\N,\N,\N,\N
03zc9,"Senzel, Nick",3B,(N/A),\N,"[""senzel nick""]",\N,\N,\N,\N,\N,\N
06rik,"Gonzalez, Juan",C,(N/A),\N,"[""gonzalez juan""]",\N,\N,\N,\N,\N,\N
06ril,"De Leon, Abel",C,(N/A),\N,"[""de leon abel""]",\N,\N,\N,\N,\N,\N
06rii,"Sillet, Renny",C,(N/A),\N,"[""sillet renny""]",\N,\N,\N,\N,\N,\N
06rij,"Rios, Alvaro",C,(N/A),\N,"[""rios alvaro""]",\N,\N,\N,\N,\N,\N
06rig,"Garcia, Juan",C,(N/A),\N,[],\N,\N,\N,\N,\N,\N
06rih,"Michael Faile, John",1B,CIN,\N,"[""michael faile john""]",\N,\N,\N,\N,\N,\N
06agt,"Carter, Greysen",SP,NYY,\N,"[""carter greysen""]",\N,\N,\N,\N,\N,\N
06rie,"Takahashi, Keiji",SP,(N/A),\N,"[""takahashi keiji""]",\N,\N,\N,\N,\N,\N
06rif,"Jaime, Brandon",C,CIN,\N,"[""jaime brandon""]",\N,\N,\N,\N,\N,\N
06agr,"Caldwell, Slade",CF,ARI,\N,"[""caldwell slade""]",\N,\N,\N,\N,\N,\N
06ric,"Medina, Ramcell",SS,KC,\N,"[""medina ramcell""]",\N,\N,\N,\N,\N,\N
06ags,"Cyr, Blake",SS,NYY,\N,"[""cyr blake""]",\N,\N,\N,\N,\N,\N
06rid,"Torres, Enry",C,CIN,\N,"[""torres enry""]",\N,\N,\N,\N,\N,\N
06ria,"Rosillo, Emdys",1B,CIN,\N,"[""rosillo emdys""]",\N,\N,\N,\N,\N,\N
06agq,"Juarez, Daniel",RP,(N/A),\N,"[""juarez daniel""]",\N,\N,\N,\N,\N,\N
06rib,"Rodriguez, Elorky",CF,TEX,\N,"[""rodriguez elorky""]",\N,\N,\N,\N,\N,\N
06agm,"Bugarin, Jesus",RF,(N/A),\N,"[""bugarin jesus""]",\N,\N,\N,\N,\N,\N
05r6h,"Abad, Dailoui",RP,LAD,\N,"[""abad dailoui""]",\N,\N,\N,\N,\N,\N
05r6e,"Ramirez, Kelvin",RP,LAD,\N,"[""ramirez kelvin""]",\N,\N,\N,\N,\N,\N
05r6f,"Doncon, Rayne",3B,MIN,\N,"[""doncon rayne""]",\N,\N,\N,\N,\N,\N
05r6c,"Vilchez, Michael",RP,(N/A),\N,"[""vilchez michael""]",\N,\N,\N,\N,\N,\N
05r6b,"Santillan, Pedro",RP,(N/A),\N,"[""santillan pedro""]",\N,\N,\N,\N,\N,\N
04o2x,"Schneider, Davis",LF,TOR,\N,"[""schneider davis""]",\N,\N,\N,\N,\N,\N
06149,"Knarr, Brandon",SP,(N/A),\N,"[""knarr brandon""]",\N,\N,\N,\N,\N,\N
04o2w,"Brown, Ben",SP,CHC,\N,"[""brown ben""]",\N,\N,\N,\N,\N,\N
0612z,"Lipscomb, Trey",3B,WSH,\N,"[""lipscomb trey""]",\N,\N,\N,\N,\N,\N
05r5y,"Ariza, Luis",SS,(N/A),\N,"[""ariza luis""]",\N,\N,\N,\N,\N,\N
06146,"Cox, Jackson",SP,COL,\N,"[""cox jackson""]",\N,\N,\N,\N,\N,\N
05r5t,"Perez, Jose",3B,TB,\N,[],\N,\N,\N,\N,\N,\N
06148,"Castillo, Moises",SS,(N/A),\N,"[""castillo moises""]",\N,\N,\N,\N,\N,\N
04mr8,"Negret, Juan Carlos",CF,(N/A),\N,"[""negret juan carlos""]",\N,\N,\N,\N,\N,\N
05r5r,"Richardson, Alonzo",RP,(N/A),\N,"[""richardson alonzo""]",\N,\N,\N,\N,\N,\N
05r5p,"Van Belle, Brian",RP,TB,\N,"[""van belle brian""]",\N,\N,\N,\N,\N,\N
06144,"Caceres, Kelvin",RP,(N/A),\N,"[""caceres kelvin""]",\N,\N,\N,\N,\N,\N
05r5l,"Montero, Hans",1B,NYY,\N,"[""montero hans""]",\N,\N,\N,\N,\N,\N
05r5m,"Montero, Juan",C,BOS,\N,"[""montero juan""]",\N,\N,\N,\N,\N,\N
05r5i,"Brown, Blake",RP,WSH,\N,"[""brown blake""]",\N,\N,\N,\N,\N,\N
05r5f,"Velasquez, Diego",2B,SF,\N,"[""velasquez diego""]",\N,\N,\N,\N,\N,\N
05r5d,"Perez, Rickardo",1B,(N/A),\N,"[""perez rickardo""]",\N,\N,\N,\N,\N,\N
05r5e,"Genao, Angel",SS,CLE,\N,"[""genao angel""]",\N,\N,\N,\N,\N,\N
06suz,"Encarnacion, Lorenzo",SP,(N/A),\N,"[""encarnacion lorenzo""]",\N,\N,\N,\N,\N,\N
0744z,"Zayac, Bradley",SP,(N/A),\N,"[""zayac bradley""]",\N,\N,\N,\N,\N,\N
04o38,"Castillo, Neyfy",1B,(N/A),\N,"[""castillo neyfy""]",\N,\N,\N,\N,\N,\N
05r69,"Lasso, Roger",CF,(N/A),\N,"[""lasso roger""]",\N,\N,\N,\N,\N,\N
06sux,"Johnson, Colton",RP,(N/A),\N,"[""johnson colton""]",\N,\N,\N,\N,\N,\N
0744x,"Nadeau, Wyatt",SP,(N/A),\N,"[""nadeau wyatt""]",\N,\N,\N,\N,\N,\N
06suy,"Minyety, Jorge",RP,(N/A),\N,"[""minyety jorge""]",\N,\N,\N,\N,\N,\N
0744u,"Contreras, Ismael",SP,COL,\N,"[""contreras ismael""]",\N,\N,\N,\N,\N,\N
06suv,"Jackson, Gabriel",RP,(N/A),\N,"[""jackson gabriel""]",\N,\N,\N,\N,\N,\N
05r68,"Avila, Carlos",C,(N/A),\N,"[""avila carlos""]",\N,\N,\N,\N,\N,\N
06suw,"McSteen, Jake",RP,(N/A),\N,"[""mcsteen jake""]",\N,\N,\N,\N,\N,\N
05r65,"Jimenez, Jhonny",RP,LAD,\N,"[""jimenez jhonny""]",\N,\N,\N,\N,\N,\N
06sut,"Deschamps, Nicolas",C,(N/A),\N,"[""deschamps nicolas""]",\N,\N,\N,\N,\N,\N
05r66,"Alonso, Juan",CF,(N/A),\N,"[""alonso juan""]",\N,\N,\N,\N,\N,\N
06suu,"Cabrera, Yovanny",RP,(N/A),\N,"[""cabrera yovanny""]",\N,\N,\N,\N,\N,\N
0744q,"Ortiz, Samuel",SP,PHI,\N,"[""ortiz samuel""]",\N,\N,\N,\N,\N,\N
06sur,"Rosas, Juan",C,TOR,\N,"[""rosas juan""]",\N,\N,\N,\N,\N,\N
05r64,"Liranzo, Thayron",C,DET,\N,"[""liranzo thayron""]",\N,\N,\N,\N,\N,\N
0744r,"Brujan, Cristofer",SP,CLE,\N,"[""brujan cristofer""]",\N,\N,\N,\N,\N,\N
06sus,"Minoso, Maykel",C,(N/A),\N,"[""minoso maykel""]",\N,\N,\N,\N,\N,\N
04o30,"Arocho, Jeremy",3B,(N/A),\N,"[""arocho jeremy""]",\N,\N,\N,\N,\N,\N
0744o,"Garces, Luis",SP,KC,\N,"[""garces luis""]",\N,\N,\N,\N,\N,\N
05r61,"Campos, Elio",2B,(N/A),\N,"[""campos elio""]",\N,\N,\N,\N,\N,\N
06sup,"Maricuto, Jermaine",1B,(N/A),\N,"[""maricuto jermaine""]",\N,\N,\N,\N,\N,\N
0744p,"De La Cruz, Michael",CF,MIA,\N,[],\N,\N,\N,\N,\N,\N
05r62,"Romero, Christian",SP,LAD,\N,"[""romero christian""]",\N,\N,\N,\N,\N,\N
06suq,"Marcano, Agustin",C,(N/A),\N,"[""marcano agustin""]",\N,\N,\N,\N,\N,\N
0744m,"Franganten, Jhon",LF,STL,\N,"[""franganten jhon""]",\N,\N,\N,\N,\N,\N
06sun,"Rodriguez, Alfredo",C,TB,\N,"[""rodriguez alfredo""]",\N,\N,\N,\N,\N,\N
0744n,"Acosta, Maikel",SS,MIA,\N,"[""acosta maikel""]",\N,\N,\N,\N,\N,\N
06suo,"Rosario, Helder",C,(N/A),\N,"[""rosario helder""]",\N,\N,\N,\N,\N,\N
06sul,"Montero, Neurelin",C,TEX,\N,"[""montero neurelin""]",\N,\N,\N,\N,\N,\N
0744l,"Carrion, Carlos",SS,STL,\N,"[""carrion carlos""]",\N,\N,\N,\N,\N,\N
06sum,"De Sousa, Carlos",C,TB,\N,"[""de sousa carlos""]",\N,\N,\N,\N,\N,\N
06suj,"Santos, Steven",1B,(N/A),\N,"[""santos steven""]",\N,\N,\N,\N,\N,\N
06suk,"Leen, Klendy",C,(N/A),\N,"[""leen klendy""]",\N,\N,\N,\N,\N,\N
06suh,"Stark, Cal",C,TEX,\N,"[""stark cal""]",\N,\N,\N,\N,\N,\N
06sui,"Martinez, Felix",RP,(N/A),\N,"[""martinez felix""]",\N,\N,\N,\N,\N,\N
02z0t,"Conforto, Michael",LF,CHC,\N,"[""conforto michael""]",\N,\N,\N,\N,\N,\N
05r8d,"Tavarez, Ambioris",2B,ATL,\N,"[""tavarez ambioris""]",\N,\N,\N,\N,\N,\N
02z0s,"Judge, Aaron",RF,NYY,\N,"[""judge aaron""]",\N,\N,\N,\N,\N,\N
02z0e,"Garcia, Yimi",RP,TOR,\N,"[""garcia yimi""]",\N,\N,\N,\N,\N,\N
05r96,"Acosta, Victor",2B,CIN,\N,"[""acosta victor""]",\N,\N,\N,\N,\N,\N
04o64,"Mejia, J.C.",RP,(N/A),\N,"[""mejia j c""]",\N,\N,\N,\N,\N,\N
04o4r,"De La Cruz, Carlos",RF,(N/A),\N,"[""de la cruz carlos""]",\N,\N,\N,\N,\N,\N
04o63,"Colina, Edwar",SP,(N/A),\N,"[""colina edwar""]",\N,\N,\N,\N,\N,\N
04o4s,"Langeliers, Shea",C,ATH,\N,"[""langeliers shea""]",\N,\N,\N,\N,\N,\N
07492,"Rubecindo, Carlos",CF,BAL,\N,"[""rubecindo carlos""]",\N,\N,\N,\N,\N,\N
04mrn,"Naylor, Bo",C,MIL,\N,"[""naylor bo""]",\N,\N,\N,\N,\N,\N
07493,"Castillo, Joshddy",CF,BAL,\N,"[""castillo joshddy""]",\N,\N,\N,\N,\N,\N
04o62,"Vega, Alfred",RP,(N/A),\N,"[""vega alfred""]",\N,\N,\N,\N,\N,\N
0614f,"Lopez, Jose",RP,(N/A),\N,[],\N,\N,\N,\N,\N,\N
0614e,"Burnette, Jimmy",RP,(N/A),\N,"[""burnette jimmy""]",\N,\N,\N,\N,\N,\N
0614b,"Simpson, Josh",RP,SEA,\N,"[""simpson josh""]",\N,\N,\N,\N,\N,\N
04mrb,"Barrosa, Jorge",CF,HOU,\N,"[""barrosa jorge""]",\N,\N,\N,\N,\N,\N
0614a,"Romero, Noelberth",LF,(N/A),\N,"[""romero noelberth""]",\N,\N,\N,\N,\N,\N
04mra,"Tovar, Ezequiel",SS,COL,\N,"[""tovar ezequiel""]",\N,\N,\N,\N,\N,\N
0614d,"Zwack, Nick",SP,SF,\N,"[""zwack nick""]",\N,\N,\N,\N,\N,\N
0614c,"Leasure, Jordan",RP,CHW,\N,"[""leasure jordan""]",\N,\N,\N,\N,\N,\N
05r6k,"Aldeano, Austin",SP,(N/A),\N,"[""aldeano austin""]",\N,\N,\N,\N,\N,\N
06bs5,"Delgado, Enderson",C,DET,\N,"[""delgado enderson""]",\N,\N,\N,\N,\N,\N
072pa,"Frontado, Diego",SS,MIL,\N,"[""frontado diego""]",\N,\N,\N,\N,\N,\N
072pb,"Roque, Ariel",CF,BAL,\N,"[""roque ariel""]",\N,\N,\N,\N,\N,\N
06bs4,"Schneemann, Daniel",2B,CLE,\N,"[""schneemann daniel""]",\N,\N,\N,\N,\N,\N
06bs2,"Hernandez, Maikel",SP,(N/A),\N,[],\N,\N,\N,\N,\N,\N
072oz,"Santana, Randy",RF,DET,\N,"[""santana randy""]",\N,\N,\N,\N,\N,\N
05r1z,"Kelly, Zack",RP,BOS,\N,"[""kelly zack""]",\N,\N,\N,\N,\N,\N
04mlx,"Liberatore, Matthew",SP,STL,\N,"[""liberatore matthew""]",\N,\N,\N,\N,\N,\N
072oy,"Munoz, Ronny",SS,MIA,\N,"[""munoz ronny""]",\N,\N,\N,\N,\N,\N
04mlt,"McClanahan, Shane",SP,TB,\N,"[""mcclanahan shane""]",\N,\N,\N,\N,\N,\N
04mls,"Eierman, Jeremy",SS,(N/A),\N,"[""eierman jeremy""]",\N,\N,\N,\N,\N,\N
04mn5,"Bohm, Alec",3B,PHI,\N,"[""bohm alec""]",\N,\N,\N,\N,\N,\N
05r1t,"Castro, Kervin",RP,NYY,\N,"[""castro kervin""]",\N,\N,\N,\N,\N,\N
07434,"Lopez, Enyel",SP,TEX,\N,"[""lopez enyel""]",\N,\N,\N,\N,\N,\N
04mn2,"Conine, Griffin",LF,MIA,\N,"[""conine griffin""]",\N,\N,\N,\N,\N,\N
04mn4,"Bart, Joey",C,CHW,\N,"[""bart joey""]",\N,\N,\N,\N,\N,\N
04mlr,"Springs, Jeffrey",SP,ATH,\N,"[""springs jeffrey""]",\N,\N,\N,\N,\N,\N
04mn3,"Swaggerty, Travis",LF,(N/A),\N,"[""swaggerty travis""]",\N,\N,\N,\N,\N,\N
0741n,"Puche, Sebastian",C,CLE,\N,"[""puche sebastian""]",\N,\N,\N,\N,\N,\N
072on,"Pereira, Claudio",SP,BOS,\N,"[""pereira claudio""]",\N,\N,\N,\N,\N,\N
04mll,"Mendoza, Damian",RP,(N/A),\N,"[""mendoza damian""]",\N,\N,\N,\N,\N,\N
0741o,"Radel, Jack",SP,HOU,\N,"[""radel jack""]",\N,\N,\N,\N,\N,\N
04mln,"Verdugo, Luis",3B,SD,\N,"[""verdugo luis""]",\N,\N,\N,\N,\N,\N
0741m,"Jose, Yordi",RP,MIN,\N,"[""jose yordi""]",\N,\N,\N,\N,\N,\N
05r1m,"Lawlar, Jordan",3B,ARI,\N,"[""lawlar jordan""]",\N,\N,\N,\N,\N,\N
04mlm,"Rodriguez, Keyber",3B,TEX,\N,"[""rodriguez keyber""]",\N,\N,\N,\N,\N,\N
0741j,"Head, JP",LF,(N/A),\N,"[""head jp""]",\N,\N,\N,\N,\N,\N
06bpz,"Ibarguen, Pedro",RF,MIL,\N,"[""ibarguen pedro""]",\N,\N,\N,\N,\N,\N
04mlh,"Rolison, Ryan",RP,CHC,\N,"[""rolison ryan""]",\N,\N,\N,\N,\N,\N
0741k,"Coats, Quinton",1B,(N/A),\N,"[""coats quinton""]",\N,\N,\N,\N,\N,\N
04mlg,"Kowar, Jackson",RP,BAL,\N,"[""kowar jackson""]",\N,\N,\N,\N,\N,\N
0741h,"Glauber, Caden",RP,(N/A),\N,"[""glauber caden""]",\N,\N,\N,\N,\N,\N
06bpx,"Cortez, Enniel",SP,MIL,\N,"[""cortez enniel""]",\N,\N,\N,\N,\N,\N
0741i,"Blachowicz, Gavin",SP,(N/A),\N,"[""blachowicz gavin""]",\N,\N,\N,\N,\N,\N
06bpy,"Flores, Roderick",2B,MIL,\N,"[""flores roderick""]",\N,\N,\N,\N,\N,\N
0741f,"Stuetzer, John",SS,(N/A),\N,"[""stuetzer john""]",\N,\N,\N,\N,\N,\N
06bpv,"Gutierrez, Albert",1B,(N/A),\N,"[""gutierrez albert""]",\N,\N,\N,\N,\N,\N
0741g,"Laya, Angel",CF,(N/A),\N,"[""laya angel""]",\N,\N,\N,\N,\N,\N
06bpw,"Ramirez, Keiverson",SP,STL,\N,"[""ramirez keiverson""]",\N,\N,\N,\N,\N,\N
05r1d,"Wicks, Jordan",RP,CHC,\N,"[""wicks jordan""]",\N,\N,\N,\N,\N,\N
06bpt,"Martinez, Anthony",DH,CLE,\N,"[""martinez anthony""]",\N,\N,\N,\N,\N,\N
04mlf,"Mize, Casey",SP,SD,\N,"[""mize casey""]",\N,\N,\N,\N,\N,\N
05r1e,"Cerantola, Eric",SP,SF,\N,"[""cerantola eric""]",\N,\N,\N,\N,\N,\N
06bpu,"Madeira, Emannoel",SP,(N/A),\N,"[""madeira emannoel""]",\N,\N,\N,\N,\N,\N
072ob,"Blanco, Fabricio",SS,TB,\N,"[""blanco fabricio""]",\N,\N,\N,\N,\N,\N
06bpr,"Cartaya, Yeiber",SP,BAL,\N,"[""cartaya yeiber""]",\N,\N,\N,\N,\N,\N
06bps,"Oschell, Fran",RP,(N/A),\N,"[""oschell fran""]",\N,\N,\N,\N,\N,\N
072oa,"Parra, Juan",SS,PHI,\N,"[""parra juan""]",\N,\N,\N,\N,\N,\N
06bpq,"Kelly, Antwone",SP,PIT,\N,"[""kelly antwone""]",\N,\N,\N,\N,\N,\N
04mkz,"Devers, Jose",2B,(N/A),\N,[],\N,\N,\N,\N,\N,\N
05r0y,"Nittoli, Vinny",RP,(N/A),\N,"[""nittoli vinny""]",\N,\N,\N,\N,\N,\N
072nz,"Santana, Sandro",RP,STL,\N,"[""santana sandro""]",\N,\N,\N,\N,\N,\N
04mkv,"Gonzalez, Alvaro",2B,(N/A),\N,"[""gonzalez alvaro""]",\N,\N,\N,\N,\N,\N
072p5,"Fermin, Albert",SS,HOU,\N,"[""fermin albert""]",\N,\N,\N,\N,\N,\N
072p6,"Cabral, Evan",3B,(N/A),\N,"[""cabral evan""]",\N,\N,\N,\N,\N,\N
05r0t,"Severino, Anderson",RP,NYM,\N,"[""severino anderson""]",\N,\N,\N,\N,\N,\N
04mkt,"Blanco, Dairon",CF,(N/A),\N,"[""blanco dairon""]",\N,\N,\N,\N,\N,\N
072nq,"McDonald, Caden",RP,(N/A),\N,"[""mcdonald caden""]",\N,\N,\N,\N,\N,\N
05r0r,"De Jesus, Enmanuel",SP,DET,\N,"[""de jesus enmanuel""]",\N,\N,\N,\N,\N,\N
072p4,"Lunar, Adrian",C,KC,\N,"[""lunar adrian""]",\N,\N,\N,\N,\N,\N
04mm0,"Acuna, Francisco",SS,SD,\N,"[""acuna francisco""]",\N,\N,\N,\N,\N,\N
072no,"Hawk, Easton",RP,(N/A),\N,"[""hawk easton""]",\N,\N,\N,\N,\N,\N
072np,"Fernsler, Uli",SP,(N/A),\N,"[""fernsler uli""]",\N,\N,\N,\N,\N,\N
072nn,"Townsend, Cade",SP,CHC,\N,"[""townsend cade""]",\N,\N,\N,\N,\N,\N
04mkm,"Rodriguez, Osiel",SP,(N/A),\N,"[""rodriguez osiel""]",\N,\N,\N,\N,\N,\N
05a07,"Murfee, Penn",RP,(N/A),\N,"[""murfee penn""]",\N,\N,\N,\N,\N,\N
05a06,"Mears, Nick",RP,KC,\N,"[""mears nick""]",\N,\N,\N,\N,\N,\N
0744e,"Mercedes, Alexander",SP,MIL,\N,"[""mercedes alexander""]",\N,\N,\N,\N,\N,\N
06suf,"Reyes, Ricardo",SP,ATH,\N,"[""reyes ricardo""]",\N,\N,\N,\N,\N,\N
0744f,"Batista, Justin",SP,MIA,\N,"[""batista justin""]",\N,\N,\N,\N,\N,\N
06sug,"Brea, Jhose",RP,ATH,\N,"[""brea jhose""]",\N,\N,\N,\N,\N,\N
06sud,"Peguero, Esmerlin",SP,(N/A),\N,"[""peguero esmerlin""]",\N,\N,\N,\N,\N,\N
06u7d,"Velez, Ricardo",RP,(N/A),\N,"[""velez ricardo""]",\N,\N,\N,\N,\N,\N
0744d,"Victorino, Jose",SS,LAD,\N,"[""victorino jose""]",\N,\N,\N,\N,\N,\N
06sue,"Sanchez, Angel",RP,(N/A),\N,"[""sanchez angel""]",\N,\N,\N,\N,\N,\N
06u7e,"Sims, Hale",RP,(N/A),\N,"[""sims hale""]",\N,\N,\N,\N,\N,\N
06u7b,"Pena, Isaac",3B,(N/A),\N,"[""pena isaac""]",\N,\N,\N,\N,\N,\N
06sub,"Brooks, Robert",C,(N/A),\N,"[""brooks robert""]",\N,\N,\N,\N,\N,\N
06suc,"Rose, Nathan",3B,(N/A),\N,"[""rose nathan""]",\N,\N,\N,\N,\N,\N
06u7c,"Wosinski, Jacob",RP,(N/A),\N,"[""wosinski jacob""]",\N,\N,\N,\N,\N,\N
06sua,"Osorio, Ricardo",RP,ATH,\N,"[""osorio ricardo""]",\N,\N,\N,\N,\N,\N
04o0z,"Tokar, Heitor",RP,(N/A),\N,"[""tokar heitor""]",\N,\N,\N,\N,\N,\N
072qz,"Hechavarria, Jonathan",SP,ATL,\N,"[""hechavarria jonathan""]",\N,\N,\N,\N,\N,\N
072qx,"Ramirez, Roderic",RP,CHW,\N,"[""ramirez roderic""]",\N,\N,\N,\N,\N,\N
072qy,"Perdomo, Jose",C,ATH,\N,[],\N,\N,\N,\N,\N,\N
06bsg,"Ysalla, Fabian",SP,CHW,\N,"[""ysalla fabian""]",\N,\N,\N,\N,\N,\N
072qw,"Pineda, Frandel",RP,TEX,\N,"[""pineda frandel""]",\N,\N,\N,\N,\N,\N
06bsh,"Mogollon, Javier",2B,CHW,\N,"[""mogollon javier""]",\N,\N,\N,\N,\N,\N
04mnw,"Weathers, Ryan",SP,NYY,\N,"[""weathers ryan""]",\N,\N,\N,\N,\N,\N
05r56,"Horne, Bryson",1B,(N/A),\N,"[""horne bryson""]",\N,\N,\N,\N,\N,\N
06bse,"Rivera, Raudy",RP,(N/A),\N,"[""rivera raudy""]",\N,\N,\N,\N,\N,\N
072qu,"Tsunematsu, Kotaro",RF,CHC,\N,"[""tsunematsu kotaro""]",\N,\N,\N,\N,\N,\N
06bsf,"Ugueto, Eyke",LF,(N/A),\N,"[""ugueto eyke""]",\N,\N,\N,\N,\N,\N
06bsc,"Lopez, Moises",2B,(N/A),\N,"[""lopez moises""]",\N,\N,\N,\N,\N,\N
05r3s,"Osuna, Alejandro",LF,TEX,\N,"[""osuna alejandro""]",\N,\N,\N,\N,\N,\N
06bsd,"Crisostomo, Yatner",RP,CLE,\N,"[""crisostomo yatner""]",\N,\N,\N,\N,\N,\N
05a2d,"Meyer, Max",SP,MIA,\N,"[""meyer max""]",\N,\N,\N,\N,\N,\N
06bsa,"Lara, Erick",3B,TB,\N,"[""lara erick""]",\N,\N,\N,\N,\N,\N
06bsb,"Tait, Eduardo",C,MIN,\N,"[""tait eduardo""]",\N,\N,\N,\N,\N,\N
06u6o,"Mendez, Alejandro",RP,(N/A),\N,"[""mendez alejandro""]",\N,\N,\N,\N,\N,\N
05r3o,"Vellojin, Daniel",C,TB,\N,"[""vellojin daniel""]",\N,\N,\N,\N,\N,\N
06u6p,"Martinez, Juan",SP,(N/A),\N,[],\N,\N,\N,\N,\N,\N
05r3l,"Chen, Po-Yu",SP,PIT,\N,"[""chen po yu""]",\N,\N,\N,\N,\N,\N
06u6m,"Alcantara, Eudry",RP,CLE,\N,"[""alcantara eudry""]",\N,\N,\N,\N,\N,\N
06u6n,"Oviedo, Adolfo",RP,PIT,\N,"[""oviedo adolfo""]",\N,\N,\N,\N,\N,\N
06u6k,"Garcia, Engert",SP,(N/A),\N,"[""garcia engert""]",\N,\N,\N,\N,\N,\N
05r3k,"Spiers, Carson",SP,CIN,\N,"[""spiers carson""]",\N,\N,\N,\N,\N,\N
06u6l,"Escalante, Estarlin",RP,(N/A),\N,"[""escalante estarlin""]",\N,\N,\N,\N,\N,\N
06u6i,"Noble, Jack",RP,(N/A),\N,"[""noble jack""]",\N,\N,\N,\N,\N,\N
05a1v,"Montero, Keider",SP,DET,\N,"[""montero keider""]",\N,\N,\N,\N,\N,\N
05r3i,"Painter, Andrew",SP,PHI,\N,"[""painter andrew""]",\N,\N,\N,\N,\N,\N
06u6j,"Hernandez, Leandro",RP,(N/A),\N,"[""hernandez leandro""]",\N,\N,\N,\N,\N,\N
05r3f,"Cusick, Ryan",RP,PHI,\N,"[""cusick ryan""]",\N,\N,\N,\N,\N,\N
06u6g,"Vergara, Brayan",RP,LAA,\N,"[""vergara brayan""]",\N,\N,\N,\N,\N,\N
05r3g,"Black, Mason",SP,KC,\N,"[""black mason""]",\N,\N,\N,\N,\N,\N
06u6h,"Fabian, Samuel",RP,(N/A),\N,"[""fabian samuel""]",\N,\N,\N,\N,\N,\N
06u6e,"Brizuela, Ricardo",SP,(N/A),\N,"[""brizuela ricardo""]",\N,\N,\N,\N,\N,\N
04o0b,"Pertuz, Fabian",SS,(N/A),\N,"[""pertuz fabian""]",\N,\N,\N,\N,\N,\N
06u6f,"Mercedes, Miqueas",SP,MIL,\N,"[""mercedes miqueas""]",\N,\N,\N,\N,\N,\N
04o0a,"Charles, Wandisson",RP,DET,\N,"[""charles wandisson""]",\N,\N,\N,\N,\N,\N
06bt4,"Manrique, Renair",SS,(N/A),\N,"[""manrique renair""]",\N,\N,\N,\N,\N,\N
06u6c,"Rademacher, Shane",SP,SF,\N,"[""rademacher shane""]",\N,\N,\N,\N,\N,\N
05a1t,"Vivas, Jorbit",2B,WSH,\N,"[""vivas jorbit""]",\N,\N,\N,\N,\N,\N
06bt5,"Arias, Luis",3B,WSH,\N,"[""arias luis""]",\N,\N,\N,\N,\N,\N
06u6d,"Lorduy, David",SP,CIN,\N,"[""lorduy david""]",\N,\N,\N,\N,\N,\N
05a1s,"Yean, Eddy",RP,WSH,\N,"[""yean eddy""]",\N,\N,\N,\N,\N,\N
05r3a,"Young, Brandon",SP,BAL,\N,"[""young brandon""]",\N,\N,\N,\N,\N,\N
06u6b,"Blewett, Scott",Default,(N/A),\N,[],\N,\N,\N,\N,\N,\N
06bt0,"Yeager, R.J.",1B,(N/A),\N,"[""yeager r j""]",\N,\N,\N,\N,\N,\N
02xih,"Fujinami, Shintaro",RP,(N/A),\N,"[""fujinami shintaro""]",\N,\N,\N,\N,\N,\N
02xic,"Hernandez, Teoscar",RF,LAD,\N,"[""hernandez teoscar""]",\N,\N,\N,\N,\N,\N
02xid,"Suarez, Albert",RP,BAL,\N,"[""suarez albert""]",\N,\N,\N,\N,\N,\N
06su8,"Burgos, Yerlin",RP,ATH,\N,"[""burgos yerlin""]",\N,\N,\N,\N,\N,\N
06u78,"Diaz, Kelvin",SS,(N/A),\N,[],\N,\N,\N,\N,\N,\N
06u79,"Boadas, Miguelangel",SP,MIN,\N,"[""boadas miguelangel""]",\N,\N,\N,\N,\N,\N
04mmv,"Patino, Wilderd",CF,(N/A),\N,"[""patino wilderd""]",\N,\N,\N,\N,\N,\N
06su9,"Cuevas, Luis",DH,ATH,\N,"[""cuevas luis""]",\N,\N,\N,\N,\N,\N
072ps,"Gemma, Michael",SP,(N/A),\N,"[""gemma michael""]",\N,\N,\N,\N,\N,\N
06u76,"Gil, Igor",RP,SD,\N,"[""gil igor""]",\N,\N,\N,\N,\N,\N
06su6,"Nolan, Chance",RP,(N/A),\N,"[""nolan chance""]",\N,\N,\N,\N,\N,\N
072pt,"Stasio, Cole",SP,TEX,\N,"[""stasio cole""]",\N,\N,\N,\N,\N,\N
06su7,"Pacheco, Luis",RP,(N/A),\N,"[""pacheco luis""]",\N,\N,\N,\N,\N,\N
072pq,"Hernandez, Emmanuel",SP,TB,\N,"[""hernandez emmanuel""]",\N,\N,\N,\N,\N,\N
04mms,"Martinez, Orelvis",2B,(N/A),\N,"[""martinez orelvis""]",\N,\N,\N,\N,\N,\N
06u74,"Hoffman, Wyatt",LF,SD,\N,"[""hoffman wyatt""]",\N,\N,\N,\N,\N,\N
06su4,"Cuevas, Melvin",RP,(N/A),\N,"[""cuevas melvin""]",\N,\N,\N,\N,\N,\N
06su5,"Peguero, Jeremy",RP,(N/A),\N,"[""peguero jeremy""]",\N,\N,\N,\N,\N,\N
06u75,"Mercedes, Jorge",RP,(N/A),\N,"[""mercedes jorge""]",\N,\N,\N,\N,\N,\N
05a1c,"Liu, Chih-Jung",SP,(N/A),\N,"[""liu chih jung""]",\N,\N,\N,\N,\N,\N
072r1,"Gallego, Alexis",SP,SF,\N,"[""gallego alexis""]",\N,\N,\N,\N,\N,\N
06su2,"Carias, Luis",SP,LAD,\N,"[""carias luis""]",\N,\N,\N,\N,\N,\N
06u72,"Castro, Ricky",SP,MIN,\N,"[""castro ricky""]",\N,\N,\N,\N,\N,\N
06u73,"Cesar, Joel",RP,(N/A),\N,"[""cesar joel""]",\N,\N,\N,\N,\N,\N
06su3,"Nieves, Marlon",SP,LAD,\N,"[""nieves marlon""]",\N,\N,\N,\N,\N,\N
072r0,"Duarte, Yoel",SP,SD,\N,"[""duarte yoel""]",\N,\N,\N,\N,\N,\N
04o10,"Peguero, Joel",RP,SF,\N,"[""peguero joel""]",\N,\N,\N,\N,\N,\N
06bs9,"Benitez, Keyner",SP,MIA,\N,"[""benitez keyner""]",\N,\N,\N,\N,\N,\N
05a29,"Mlodzinski, Carmen",RP,PIT,\N,"[""mlodzinski carmen""]",\N,\N,\N,\N,\N,\N
0260v,"Gray, Sonny",SP,BOS,\N,"[""gray sonny""]",\N,\N,\N,\N,\N,\N
024nt,"Escobar, Edwin",RP,(N/A),\N,"[""escobar edwin""]",\N,\N,\N,\N,\N,\N
02610,"Evans, Phillip",3B,(N/A),\N,"[""evans phillip""]",\N,\N,\N,\N,\N,\N
02611,"Lindor, Francisco",SS,NYM,\N,"[""lindor francisco""]",\N,\N,\N,\N,\N,\N
02i3x,"Garrett, Amir",RP,(N/A),\N,"[""garrett amir""]",\N,\N,\N,\N,\N,\N
02i3z,"Reyes, Franmil",LF,(N/A),\N,"[""reyes franmil""]",\N,\N,\N,\N,\N,\N
072zy,"Fana, Kendri",SP,LAA,\N,"[""fana kendri""]",\N,\N,\N,\N,\N,\N
072zz,"Gallego, Ruben",SS,ARI,\N,"[""gallego ruben""]",\N,\N,\N,\N,\N,\N
072zw,"Suarez, Isaias",LF,WSH,\N,"[""suarez isaias""]",\N,\N,\N,\N,\N,\N
02i3v,"Gallo, Joey",1B,(N/A),\N,"[""gallo joey""]",\N,\N,\N,\N,\N,\N
072zx,"Merlo, Enmanuel",SS,MIN,\N,"[""merlo enmanuel""]",\N,\N,\N,\N,\N,\N
072zu,"Knowles, Robbie",RP,STL,\N,"[""knowles robbie""]",\N,\N,\N,\N,\N,\N
072zv,"Colina, Jose",CF,CIN,\N,"[""colina jose""]",\N,\N,\N,\N,\N,\N
04my4,"Raleigh, Cal",C,SEA,\N,"[""raleigh cal""]",\N,\N,\N,\N,\N,\N
072zt,"Bothwell, Ty",SP,WSH,\N,"[""bothwell ty""]",\N,\N,\N,\N,\N,\N
072zq,"Fernandez, Angeni",SS,MIL,\N,"[""fernandez angeni""]",\N,\N,\N,\N,\N,\N
02i3l,"Andujar, Miguel",3B,SD,\N,"[""andujar miguel""]",\N,\N,\N,\N,\N,\N
02i3m,"Ramirez, Harold",DH,(N/A),\N,"[""ramirez harold""]",\N,\N,\N,\N,\N,\N
02i3o,"Nola, Aaron",SP,PHI,\N,"[""nola aaron""]",\N,\N,\N,\N,\N,\N
01usr,"Higashioka, Kyle",C,TEX,\N,"[""higashioka kyle""]",\N,\N,\N,\N,\N,\N
01usi,"Ozuna, Marcell",DH,PIT,\N,"[""ozuna marcell""]",\N,\N,\N,\N,\N,\N
02z96,"Smith, Dominic",1B,ATL,\N,"[""smith dominic""]",\N,\N,\N,\N,\N,\N
01ut7,"Eovaldi, Nathan",SP,TEX,\N,"[""eovaldi nathan""]",\N,\N,\N,\N,\N,\N
06tae,"Seelinger, Matt",RP,NYM,\N,"[""seelinger matt""]",\N,\N,\N,\N,\N,\N
06taf,"Matthews, Jason",3B,CHW,\N,"[""matthews jason""]",\N,\N,\N,\N,\N,\N
06tac,"Rojas, Carlos",C,(N/A),\N,"[""rojas carlos""]",\N,\N,\N,\N,\N,\N
06tad,"Paulino, Anderson",RP,(N/A),\N,"[""paulino anderson""]",\N,\N,\N,\N,\N,\N
06tab,"Yamasaki, Iori",SP,(N/A),\N,"[""yamasaki iori""]",\N,\N,\N,\N,\N,\N
06ca0,"Lord, Kiefer",SP,BAL,\N,"[""lord kiefer""]",\N,\N,\N,\N,\N,\N
02i1a,"Guzman, Ronald",1B,(N/A),\N,"[""guzman ronald""]",\N,\N,\N,\N,\N,\N
0749z,"Gonzalez, Fabian",SS,SEA,\N,"[""gonzalez fabian""]",\N,\N,\N,\N,\N,\N
05r9x,"Auerbach, Brett",2B,(N/A),\N,"[""auerbach brett""]",\N,\N,\N,\N,\N,\N
0749x,"Alvarado, Cristian",SP,SEA,\N,[],\N,\N,\N,\N,\N,\N
06byi,"Garcia, Leonard",RP,LAA,\N,"[""garcia leonard""]",\N,\N,\N,\N,\N,\N
0749y,"Arvayo, German",SP,SEA,\N,"[""arvayo german""]",\N,\N,\N,\N,\N,\N
0749w,"Vallenilla, Adan",SP,SEA,\N,"[""vallenilla adan""]",\N,\N,\N,\N,\N,\N
06byh,"Siri, Saul",RP,(N/A),\N,"[""siri saul""]",\N,\N,\N,\N,\N,\N
04mtq,"Burns, Tanner",RP,CLE,\N,"[""burns tanner""]",\N,\N,\N,\N,\N,\N
05r9n,"Kerr, Ray",RP,ATL,\N,"[""kerr ray""]",\N,\N,\N,\N,\N,\N
06szo,"Mercado, Estarling",1B,NYM,\N,"[""mercado estarling""]",\N,\N,\N,\N,\N,\N
072wl,"Ishii, Daichi",RP,(N/A),\N,"[""ishii daichi""]",\N,\N,\N,\N,\N,\N
072wm,"Matsumoto, Haru",RP,(N/A),\N,"[""matsumoto haru""]",\N,\N,\N,\N,\N,\N
0616m,"Theophile, Rodney",SP,(N/A),\N,"[""theophile rodney""]",\N,\N,\N,\N,\N,\N
072wj,"Heard, Jeffery",RF,LAA,\N,"[""heard jeffery""]",\N,\N,\N,\N,\N,\N
05r9j,"Mayer, Marcelo",3B,SF,\N,"[""mayer marcelo""]",\N,\N,\N,\N,\N,\N
072wk,"De Los Santos, Richard",SS,COL,\N,"[""de los santos richard""]",\N,\N,\N,\N,\N,\N
05r9h,"Hurtubise, Jacob",LF,MIL,\N,"[""hurtubise jacob""]",\N,\N,\N,\N,\N,\N
072wh,"Graterol, Fernando",C,CHW,\N,"[""graterol fernando""]",\N,\N,\N,\N,\N,\N
072wi,"Bowery, Jack",SP,SEA,\N,"[""bowery jack""]",\N,\N,\N,\N,\N,\N
05r9e,"Jorge, Dyan",SS,COL,\N,"[""jorge dyan""]",\N,\N,\N,\N,\N,\N
06bxl,"Long, Ryan",SP,BAL,\N,"[""long ryan""]",\N,\N,\N,\N,\N,\N
06bxk,"Ward, Nick",SS,(N/A),\N,"[""ward nick""]",\N,\N,\N,\N,\N,\N
04o78,"Wallner, Matt",RF,MIN,\N,"[""wallner matt""]",\N,\N,\N,\N,\N,\N
02i19,"Hernandez, Elier",CF,(N/A),\N,"[""hernandez elier""]",\N,\N,\N,\N,\N,\N
072vu,"Bolivar, Manuel",C,DET,\N,"[""bolivar manuel""]",\N,\N,\N,\N,\N,\N
072vv,"Sevilla, Leonardo",SS,ARI,\N,"[""sevilla leonardo""]",\N,\N,\N,\N,\N,\N
072vt,"Cabral, Edelson",SS,ATL,\N,"[""cabral edelson""]",\N,\N,\N,\N,\N,\N
04mu1,"Ortiz, Robinson",RP,SEA,\N,"[""ortiz robinson""]",\N,\N,\N,\N,\N,\N
072x2,"Gomez, Pedro",RF,BAL,\N,"[""gomez pedro""]",\N,\N,\N,\N,\N,\N
02i11,"Soler, Jorge",RF,LAA,\N,"[""soler jorge""]",\N,\N,\N,\N,\N,\N
05r8n,"Yamamoto, Yoshinobu",SP,LAD,\N,"[""yamamoto yoshinobu""]",\N,\N,\N,\N,\N,\N
072zi,"Pio, Alexandel",SS,PIT,\N,"[""pio alexandel""]",\N,\N,\N,\N,\N,\N
02i3d,"Margot, Manuel",RF,(N/A),\N,"[""margot manuel""]",\N,\N,\N,\N,\N,\N
072zj,"Perez, Jordan",SP,SD,\N,"[""perez jordan""]",\N,\N,\N,\N,\N,\N
072zh,"Reynoso, Leonardo",SS,SEA,\N,"[""reynoso leonardo""]",\N,\N,\N,\N,\N,\N
02i45,"Ruiz, Jose",RP,(N/A),\N,"[""ruiz jose""]",\N,\N,\N,\N,\N,\N
072yv,"Shibata, Reo",SP,(N/A),\N,"[""shibata reo""]",\N,\N,\N,\N,\N,\N
072yw,"Apfelbaum, Tom",SP,LAD,\N,"[""apfelbaum tom""]",\N,\N,\N,\N,\N,\N
072yt,"Wilson, Noah",RF,(N/A),\N,"[""wilson noah""]",\N,\N,\N,\N,\N,\N
02i2o,"Almora Jr., Albert",LF,(N/A),\N,"[""almora jr albert""]",\N,\N,\N,\N,\N,\N
072yu,"Lichtenberger, Tyler",SS,(N/A),\N,"[""lichtenberger tyler""]",\N,\N,\N,\N,\N,\N
072yr,"OQuinn, Easton",3B,(N/A),\N,"[""oquinn easton""]",\N,\N,\N,\N,\N,\N
02i2q,"Correa, Carlos",SS,HOU,\N,"[""correa carlos""]",\N,\N,\N,\N,\N,\N
072ys,"VanWormer, Macgraw",RF,(N/A),\N,"[""vanwormer macgraw""]",\N,\N,\N,\N,\N,\N
072yp,"Brown, Andrew",CF,(N/A),\N,"[""brown andrew""]",\N,\N,\N,\N,\N,\N
02i2k,"Buxton, Byron",CF,MIN,\N,"[""buxton byron""]",\N,\N,\N,\N,\N,\N
072yq,"Leon, Jordan",SS,(N/A),\N,"[""leon jordan""]",\N,\N,\N,\N,\N,\N
072yn,"Tate, Taegen",SP,(N/A),\N,"[""tate taegen""]",\N,\N,\N,\N,\N,\N
072yo,"Zumwalt, Keelan",1B,(N/A),\N,"[""zumwalt keelan""]",\N,\N,\N,\N,\N,\N
072yl,"Cabrera, Christopher",3B,(N/A),\N,"[""cabrera christopher""]",\N,\N,\N,\N,\N,\N
072ym,"Early, Tyler",1B,(N/A),\N,"[""early tyler""]",\N,\N,\N,\N,\N,\N
072yj,"Salerno, Connor",1B,(N/A),\N,"[""salerno connor""]",\N,\N,\N,\N,\N,\N
072yk,"Bastian, Kinon",2B,(N/A),\N,"[""bastian kinon""]",\N,\N,\N,\N,\N,\N
02i2j,"Fried, Max",SP,NYY,\N,"[""fried max""]",\N,\N,\N,\N,\N,\N
072yi,"OLoughlin, Finnian",CF,(N/A),\N,"[""oloughlin finnian""]",\N,\N,\N,\N,\N,\N
072yf,"Silverio, Garielvin",CF,BOS,\N,"[""silverio garielvin""]",\N,\N,\N,\N,\N,\N
072yg,"Munoz, Yadier",SS,CHC,\N,"[""munoz yadier""]",\N,\N,\N,\N,\N,\N
072ye,"De La Cruz, Starlyn",CF,ATL,\N,"[""de la cruz starlyn""]",\N,\N,\N,\N,\N,\N
024m0,"Altuve, Jose",2B,HOU,\N,"[""altuve jose""]",\N,\N,\N,\N,\N,\N
02i35,"Sanchez, Yolmer",2B,LAA,\N,"[""sanchez yolmer""]",\N,\N,\N,\N,\N,\N
04muw,"Pilkington, Konnor",RP,WSH,\N,"[""pilkington konnor""]",\N,\N,\N,\N,\N,\N
02i37,"Giolito, Lucas",SP,SD,\N,"[""giolito lucas""]",\N,\N,\N,\N,\N,\N
0617q,"Teodosio, Bryce",CF,LAA,\N,"[""teodosio bryce""]",\N,\N,\N,\N,\N,\N
072xt,"Arias, Rubel",CF,LAD,\N,"[""arias rubel""]",\N,\N,\N,\N,\N,\N
02i31,"Devenski, Chris",RP,NYM,\N,"[""devenski chris""]",\N,\N,\N,\N,\N,\N
02i1q,"Arcia, Orlando",SS,CIN,\N,"[""arcia orlando""]",\N,\N,\N,\N,\N,\N
072cv,"Cain, Brandon",RP,PIT,\N,"[""cain brandon""]",\N,\N,\N,\N,\N,\N
072ct,"Cortese, Richie",RP,PHI,\N,"[""cortese richie""]",\N,\N,\N,\N,\N,\N
072cu,"Cantwell, Luke",1B,SD,\N,"[""cantwell luke""]",\N,\N,\N,\N,\N,\N
072cs,"Bolemon, Carson",SP,SF,\N,"[""bolemon carson""]",\N,\N,\N,\N,\N,\N
072cp,"Stevens, Jonathan",RP,MIN,\N,"[""stevens jonathan""]",\N,\N,\N,\N,\N,\N
072cq,"Soldra, AJ",LF,LAD,\N,"[""soldra aj""]",\N,\N,\N,\N,\N,\N
072cn,"Mills, Rylan",C,MIL,\N,"[""mills rylan""]",\N,\N,\N,\N,\N,\N
072e0,"Bentley, Chase",SP,MIL,\N,"[""bentley chase""]",\N,\N,\N,\N,\N,\N
072co,"Smith, JP",1B,MIN,\N,"[""smith jp""]",\N,\N,\N,\N,\N,\N
072e1,"Holden, MaKale",SP,MIL,\N,"[""holden makale""]",\N,\N,\N,\N,\N,\N
072cm,"Moring, Reed",SP,MIN,\N,"[""moring reed""]",\N,\N,\N,\N,\N,\N
072ca,"Su, Lan-Hong",SP,SD,\N,"[""su lan hong""]",\N,\N,\N,\N,\N,\N
072by,"Lanzendorfer, Matt",RP,LAD,\N,"[""lanzendorfer matt""]",\N,\N,\N,\N,\N,\N
072bw,"Dalquist, Matthew",SP,MIN,\N,"[""dalquist matthew""]",\N,\N,\N,\N,\N,\N
072bx,"Hilker, Michael",SP,MIN,\N,"[""hilker michael""]",\N,\N,\N,\N,\N,\N
072bu,"OHara, Connor",RP,TEX,\N,"[""ohara connor""]",\N,\N,\N,\N,\N,\N
072bv,"Chastain, Davis",RP,LAD,\N,"[""chastain davis""]",\N,\N,\N,\N,\N,\N
072bs,"Wallace, Alex",SP,TB,\N,"[""wallace alex""]",\N,\N,\N,\N,\N,\N
06bdd,"Chirino, Harold",RP,(N/A),\N,"[""chirino harold""]",\N,\N,\N,\N,\N,\N
072bt,"Sojka, Andrew",CF,DET,\N,"[""sojka andrew""]",\N,\N,\N,\N,\N,\N
072bq,"Haskins, Trevor",SS,STL,\N,"[""haskins trevor""]",\N,\N,\N,\N,\N,\N
072br,"Jones, Brayden",RP,TB,\N,"[""jones brayden""]",\N,\N,\N,\N,\N,\N
06bdc,"Yamashita, Shunpeita",SP,(N/A),\N,"[""yamashita shunpeita""]",\N,\N,\N,\N,\N,\N
072bo,"Hartlaub, Jacob",SP,TB,\N,"[""hartlaub jacob""]",\N,\N,\N,\N,\N,\N
072bp,"Hanson, Luke",3B,TEX,\N,"[""hanson luke""]",\N,\N,\N,\N,\N,\N
072bm,"Cruz, Juan",1B,WSH,\N,[],\N,\N,\N,\N,\N,\N
072bk,"Wimpelberg, Joey",SP,DET,\N,"[""wimpelberg joey""]",\N,\N,\N,\N,\N,\N
072bl,"Weyrich, Nick",RP,CHW,\N,"[""weyrich nick""]",\N,\N,\N,\N,\N,\N
"10170#50",Team,Tm,\N,\N,[],\N,\N,\N,\N,\N,\N
072bj,"Sentlinger, Andrew",RP,CHW,\N,"[""sentlinger andrew""]",\N,\N,\N,\N,\N,\N
072bg,"Petty, Zane",SP,CLE,\N,"[""petty zane""]",\N,\N,\N,\N,\N,\N
072bh,"Shaffner, Andrew",RP,CIN,\N,"[""shaffner andrew""]",\N,\N,\N,\N,\N,\N
"10080#30",Team Hitting,TmH,\N,\N,[],\N,\N,\N,\N,\N,\N
072be,"Leffew, Meridian",3B,DET,\N,"[""leffew meridian""]",\N,\N,\N,\N,\N,\N
072bf,"Ruzicka, Joe",SP,DET,\N,"[""ruzicka joe""]",\N,\N,\N,\N,\N,\N
072az,"Fernandez, Luke",RP,CLE,\N,"[""fernandez luke""]",\N,\N,\N,\N,\N,\N
072ay,"Freeman, Kaleb",2B,CHW,\N,"[""freeman kaleb""]",\N,\N,\N,\N,\N,\N
072ey,"Gwost, Carter",LF,PIT,\N,"[""gwost carter""]",\N,\N,\N,\N,\N,\N
072ev,"Munoz, Derek",SP,CLE,\N,"[""munoz derek""]",\N,\N,\N,\N,\N,\N
072g8,"Torres, Jose Gabriel",SP,SEA,\N,"[""torres jose gabriel""]",\N,\N,\N,\N,\N,\N
072et,"Tatis, Ivan",SS,LAA,\N,"[""tatis ivan""]",\N,\N,\N,\N,\N,\N
072g6,"Hernandez, Henderson",SP,NYM,\N,"[""hernandez henderson""]",\N,\N,\N,\N,\N,\N
06sj7,"Hernandez, Alex",2B,ATH,\N,"[""hernandez alex""]",\N,\N,\N,\N,\N,\N
072g7,"Otanez, Johan",RP,(N/A),\N,"[""otanez johan""]",\N,\N,\N,\N,\N,\N
072eu,"Wakefield, Josh",RF,HOU,\N,"[""wakefield josh""]",\N,\N,\N,\N,\N,\N
072g4,"Vielma, Jose",SP,NYM,\N,"[""vielma jose""]",\N,\N,\N,\N,\N,\N
072er,"Hebert, Curtis",SS,HOU,\N,"[""hebert curtis""]",\N,\N,\N,\N,\N,\N
06sj5,"Bailey, Smith",SP,(N/A),\N,"[""bailey smith""]",\N,\N,\N,\N,\N,\N
072g5,"Ozuna, Anderson",SP,NYM,\N,"[""ozuna anderson""]",\N,\N,\N,\N,\N,\N
072es,"Saunier, Grayson",SP,HOU,\N,"[""saunier grayson""]",\N,\N,\N,\N,\N,\N
06sj6,"Davis, Tague",1B,(N/A),\N,"[""davis tague""]",\N,\N,\N,\N,\N,\N
072ep,"Cascino, Mikey",SP,LAA,\N,"[""cascino mikey""]",\N,\N,\N,\N,\N,\N
06sj3,"Fralick, Chase",C,(N/A),\N,"[""fralick chase""]",\N,\N,\N,\N,\N,\N
072eq,"Ford, TJ",CF,LAA,\N,"[""ford tj""]",\N,\N,\N,\N,\N,\N
06shr,"Muneyama, Rui",SS,(N/A),\N,"[""muneyama rui""]",\N,\N,\N,\N,\N,\N
072en,"Moody, McLane",SP,PIT,\N,"[""moody mclane""]",\N,\N,\N,\N,\N,\N
072g0,"Fernandez, Ricardo",SP,STL,\N,"[""fernandez ricardo""]",\N,\N,\N,\N,\N,\N
072eo,"Call, Chase",RF,HOU,\N,"[""call chase""]",\N,\N,\N,\N,\N,\N
"10170#40",Team Pitching,TmP,\N,\N,[],\N,\N,\N,\N,\N,\N
072ej,"Reeder, Canon",CF,PIT,\N,"[""reeder canon""]",\N,\N,\N,\N,\N,\N
072ek,"Thibodeaux, Cardell",LF,ATL,\N,"[""thibodeaux cardell""]",\N,\N,\N,\N,\N,\N
072eh,"Schmitt, Tyler",SP,SD,\N,"[""schmitt tyler""]",\N,\N,\N,\N,\N,\N
072ei,"Reed, Ryan",SP,SD,\N,"[""reed ryan""]",\N,\N,\N,\N,\N,\N
072ef,"McCollum, LeTrey",CF,LAA,\N,"[""mccollum letrey""]",\N,\N,\N,\N,\N,\N
06bfv,"Santana, Adrian",SS,MIA,\N,"[""santana adrian""]",\N,\N,\N,\N,\N,\N
072eg,"Rosa, Diego",C,ATH,\N,"[""rosa diego""]",\N,\N,\N,\N,\N,\N
072ed,"Guardado, Jakob",SP,LAA,\N,"[""guardado jakob""]",\N,\N,\N,\N,\N,\N
072ee,"Lott, Qrey",CF,SD,\N,"[""lott qrey""]",\N,\N,\N,\N,\N,\N
06bfu,"Clemmey, Alex",SP,WSH,\N,"[""clemmey alex""]",\N,\N,\N,\N,\N,\N
072ec,"Christo, Drew",RP,ATL,\N,"[""christo drew""]",\N,\N,\N,\N,\N,\N
072f9,"Hidalgo, Andri",SP,BAL,\N,"[""hidalgo andri""]",\N,\N,\N,\N,\N,\N
072f7,"Ramirez, Cleiner",CF,NYM,\N,"[""ramirez cleiner""]",\N,\N,\N,\N,\N,\N
072f8,"Minick, Tyler",3B,(N/A),\N,"[""minick tyler""]",\N,\N,\N,\N,\N,\N
072dv,"Boles, Grayson",SP,KC,\N,"[""boles grayson""]",\N,\N,\N,\N,\N,\N
072ds,"Solarte, Santiago",SS,MIA,\N,"[""solarte santiago""]",\N,\N,\N,\N,\N,\N
072dt,"Brown, Kade",RP,ATH,\N,"[""brown kade""]",\N,\N,\N,\N,\N,\N
072f6,"Contreras, Joseph",SP,(N/A),\N,"[""contreras joseph""]",\N,\N,\N,\N,\N,\N
072dq,"Phelps, Robert",SS,PHI,\N,"[""phelps robert""]",\N,\N,\N,\N,\N,\N
072do,"Pruitt, Jacob",RP,PHI,\N,"[""pruitt jacob""]",\N,\N,\N,\N,\N,\N
072f1,"Roupe, Luke",SP,MIL,\N,"[""roupe luke""]",\N,\N,\N,\N,\N,\N
072dp,"Potok, Matt",RP,PHI,\N,"[""potok matt""]",\N,\N,\N,\N,\N,\N
"10170#30",Team Hitting,TmH,\N,\N,[],\N,\N,\N,\N,\N,\N
072f0,"Rich, Jordan",CF,CHW,\N,"[""rich jordan""]",\N,\N,\N,\N,\N,\N
072dn,"King, Eddie",CF,PIT,\N,"[""king eddie""]",\N,\N,\N,\N,\N,\N
072dk,"Dawson, Logan",SS,PHI,\N,"[""dawson logan""]",\N,\N,\N,\N,\N,\N
072dl,"Jurecka, Landry",SP,SD,\N,"[""jurecka landry""]",\N,\N,\N,\N,\N,\N
072di,"Contreras, Diego",SS,SEA,\N,"[""contreras diego""]",\N,\N,\N,\N,\N,\N
072dj,"Edmondson, Clay",SP,SD,\N,"[""edmondson clay""]",\N,\N,\N,\N,\N,\N
072df,"Gonzalez, Jonathan",SP,PHI,\N,"[""gonzalez jonathan""]",\N,\N,\N,\N,\N,\N
06beq,"Jenkins, Jeremiah",1B,SF,\N,"[""jenkins jeremiah""]",\N,\N,\N,\N,\N,\N
06ber,"Volchko, Joey",RP,CHW,\N,"[""volchko joey""]",\N,\N,\N,\N,\N,\N
06beo,"Peguero, Juanfel",SS,TB,\N,"[""peguero juanfel""]",\N,\N,\N,\N,\N,\N
06sbs,"Medina, Albert",LF,ARI,\N,"[""medina albert""]",\N,\N,\N,\N,\N,\N
06sbt,"Genao, Feliz",1B,ARI,\N,"[""genao feliz""]",\N,\N,\N,\N,\N,\N
06sbq,"Baez, Malvin",SP,ARI,\N,"[""baez malvin""]",\N,\N,\N,\N,\N,\N
06sbr,"Gonzalez, Rodrigo",SS,ARI,\N,"[""gonzalez rodrigo""]",\N,\N,\N,\N,\N,\N
06sbo,"Sanchez, Eybert",SS,ARI,\N,"[""sanchez eybert""]",\N,\N,\N,\N,\N,\N
06sbp,"Vasquez, Keivan",SP,ARI,\N,"[""vasquez keivan""]",\N,\N,\N,\N,\N,\N
06sbm,"Montero, Daonil",3B,ARI,\N,"[""montero daonil""]",\N,\N,\N,\N,\N,\N
06sbn,"Pitre, Jose",CF,ARI,\N,"[""pitre jose""]",\N,\N,\N,\N,\N,\N
06sbk,"Castillo, Raymi",RP,(N/A),\N,"[""castillo raymi""]",\N,\N,\N,\N,\N,\N
06sbl,"Santana, Victor",3B,ARI,\N,"[""santana victor""]",\N,\N,\N,\N,\N,\N
06sbi,"Zambrano, Carlos",RP,(N/A),\N,"[""zambrano carlos""]",\N,\N,\N,\N,\N,\N
06sbg,"Chacon, Paul",RP,ATH,\N,"[""chacon paul""]",\N,\N,\N,\N,\N,\N
06sbh,"Bolivar, Angel",SP,(N/A),\N,"[""bolivar angel""]",\N,\N,\N,\N,\N,\N
06sbe,"Valdez, Miguel",RP,(N/A),\N,[],\N,\N,\N,\N,\N,\N
06sbf,"Gallardo, Moises",RF,(N/A),\N,"[""gallardo moises""]",\N,\N,\N,\N,\N,\N
02y8t,"Diaz, Aledmys",SS,(N/A),\N,"[""diaz aledmys""]",\N,\N,\N,\N,\N,\N
06sbc,"Carreno, Nicolas",RP,NYM,\N,"[""carreno nicolas""]",\N,\N,\N,\N,\N,\N
06sbd,"Olmedo, Kleiber",RP,SD,\N,"[""olmedo kleiber""]",\N,\N,\N,\N,\N,\N
06sba,"Spears, Brayden",RP,CHC,\N,"[""spears brayden""]",\N,\N,\N,\N,\N,\N
06sbb,"Oldham, Billy",SP,MIN,\N,"[""oldham billy""]",\N,\N,\N,\N,\N,\N
049vk,"Garcia, David",C,MIL,\N,"[""garcia david""]",\N,\N,\N,\N,\N,\N
06sav,"Diaz, Dencer",1B,(N/A),\N,"[""diaz dencer""]",\N,\N,\N,\N,\N,\N
06sau,"Valdez, Adrian",LF,BOS,\N,"[""valdez adrian""]",\N,\N,\N,\N,\N,\N
06sar,"Rubio, Kadil",RF,TB,\N,"[""rubio kadil""]",\N,\N,\N,\N,\N,\N
06sas,"Alvarez, Anderson",SP,TB,\N,"[""alvarez anderson""]",\N,\N,\N,\N,\N,\N
06sc2,"Osorio, Manuel",SP,CLE,\N,"[""osorio manuel""]",\N,\N,\N,\N,\N,\N
06sap,"Palacios, Brainerh",C,TB,\N,"[""palacios brainerh""]",\N,\N,\N,\N,\N,\N
06saq,"Torres, Emile",CF,TB,\N,"[""torres emile""]",\N,\N,\N,\N,\N,\N
06sc3,"Bates, Adam",RP,BOS,\N,"[""bates adam""]",\N,\N,\N,\N,\N,\N
01tt9,"Rendon, Anthony",3B,LAA,\N,"[""rendon anthony""]",\N,\N,\N,\N,\N,\N
06sc0,"Ramos, Reynell",SP,KC,\N,"[""ramos reynell""]",\N,\N,\N,\N,\N,\N
06sc1,"Molina, Miguel",SP,DET,\N,[],\N,\N,\N,\N,\N,\N
06sao,"Ortega, Raynerd",2B,(N/A),\N,"[""ortega raynerd""]",\N,\N,\N,\N,\N,\N
06ba7,"Castro, Yon",SP,(N/A),\N,"[""castro yon""]",\N,\N,\N,\N,\N,\N
049ur,"Vieira, Thyago",RP,(N/A),\N,"[""vieira thyago""]",\N,\N,\N,\N,\N,\N
03zxj,"Muzziotti, Simon",LF,(N/A),\N,"[""muzziotti simon""]",\N,\N,\N,\N,\N,\N
03zxi,"Sibrian, Jose",C,(N/A),\N,"[""sibrian jose""]",\N,\N,\N,\N,\N,\N
03zxk,"Navarro, Cristopher",3B,(N/A),\N,"[""navarro cristopher""]",\N,\N,\N,\N,\N,\N
06sb9,"Cabeza, Johan",SP,CIN,\N,"[""cabeza johan""]",\N,\N,\N,\N,\N,\N
03zxg,"Ramirez, Emmanuel",SP,(N/A),\N,"[""ramirez emmanuel""]",\N,\N,\N,\N,\N,\N
06sb7,"Balanta, Yorsua",RP,DET,\N,"[""balanta yorsua""]",\N,\N,\N,\N,\N,\N
06sb8,"Cabeza, Yeremmy",SP,COL,\N,"[""cabeza yeremmy""]",\N,\N,\N,\N,\N,\N
06sb5,"Cabello, Brayan",RP,SF,\N,"[""cabello brayan""]",\N,\N,\N,\N,\N,\N
06sb6,"Lopez, Jesus",SP,(N/A),\N,[],\N,\N,\N,\N,\N,\N
072ar,"Douglas, Kameron",RF,DET,\N,"[""douglas kameron""]",\N,\N,\N,\N,\N,\N
072as,"Christensen, Charlie",SP,DET,\N,"[""christensen charlie""]",\N,\N,\N,\N,\N,\N
02h9r,"Mikolas, Miles",SP,WSH,\N,"[""mikolas miles""]",\N,\N,\N,\N,\N,\N
072ap,"Banks, Max",SP,CHW,\N,"[""banks max""]",\N,\N,\N,\N,\N,\N
072aq,"Cerda, Derek",CF,CHW,\N,"[""cerda derek""]",\N,\N,\N,\N,\N,\N
06bbx,"Rodriguez, Adrian",RP,(N/A),\N,[],\N,\N,\N,\N,\N,\N
"10080#40",Team Pitching,TmP,\N,\N,[],\N,\N,\N,\N,\N,\N
02h9b,"Buchanan, David",SP,(N/A),\N,"[""buchanan david""]",\N,\N,\N,\N,\N,\N
06se8,"Pierce, Daniel",SS,TB,\N,"[""pierce daniel""]",\N,\N,\N,\N,\N,\N
06se6,"Parker, JoJo",SS,TOR,\N,"[""parker jojo""]",\N,\N,\N,\N,\N,\N
06se7,"Lodise, Alex",SS,ATL,\N,"[""lodise alex""]",\N,\N,\N,\N,\N,\N
072b0,"Payne, Landen",RP,CHW,\N,"[""payne landen""]",\N,\N,\N,\N,\N,\N
"10080#50",Team,Tm,\N,\N,[],\N,\N,\N,\N,\N,\N
02h8d,"Matz, Steven",RP,TB,\N,"[""matz steven""]",\N,\N,\N,\N,\N,\N
02h98,"Hernandez, Enrique",1B,LAD,\N,"[""hernandez enrique""]",\N,\N,\N,\N,\N,\N
06sby,"Jimenez, Yaury",SP,ARI,\N,"[""jimenez yaury""]",\N,\N,\N,\N,\N,\N
06sbz,"Calcano, Johan",RP,ARI,\N,"[""calcano johan""]",\N,\N,\N,\N,\N,\N
06sbw,"Mendez, Jeshua",C,ARI,\N,"[""mendez jeshua""]",\N,\N,\N,\N,\N,\N
06sbx,"Valdez, Miguel",RP,ARI,\N,[],\N,\N,\N,\N,\N,\N
06sbu,"Gil, Santiago",C,ARI,\N,"[""gil santiago""]",\N,\N,\N,\N,\N,\N
06sbv,"Mejia, Ismael",1B,ARI,\N,"[""mejia ismael""]",\N,\N,\N,\N,\N,\N
01ual,"Goldschmidt, Paul",1B,NYY,\N,"[""goldschmidt paul""]",\N,\N,\N,\N,\N,\N
037ab,"Leyba, Domingo",2B,(N/A),\N,"[""leyba domingo""]",\N,\N,\N,\N,\N,\N
01ub6,"Ramirez, Jose",3B,CLE,\N,[],\N,\N,\N,\N,\N,\N
"10121#50",Team,Tm,\N,\N,[],\N,\N,\N,\N,\N,\N
01ub8,"Hendriks, Liam",RP,(N/A),\N,"[""hendriks liam""]",\N,\N,\N,\N,\N,\N
06bn4,"Alejos, Eliesbert",3B,ARI,\N,"[""alejos eliesbert""]",\N,\N,\N,\N,\N,\N
06u0c,"Cota, Irving",RP,NYM,\N,"[""cota irving""]",\N,\N,\N,\N,\N,\N
06bn3,"Pascual, Yovannki",RP,(N/A),\N,"[""pascual yovannki""]",\N,\N,\N,\N,\N,\N
06bn0,"Marquez, Gustavo",CF,(N/A),\N,"[""marquez gustavo""]",\N,\N,\N,\N,\N,\N
06bn1,"Romero, Yael",1B,CIN,\N,"[""romero yael""]",\N,\N,\N,\N,\N,\N
06smt,"Ohta, Ryo",2B,(N/A),\N,"[""ohta ryo""]",\N,\N,\N,\N,\N,\N
06sms,"Itoh, Hiromi",SP,(N/A),\N,"[""itoh hiromi""]",\N,\N,\N,\N,\N,\N
072ji,"Mesa, Michael",LF,TOR,\N,"[""mesa michael""]",\N,\N,\N,\N,\N,\N
06bkz,"Gutierrez, Carlos",RF,BOS,\N,[],\N,\N,\N,\N,\N,\N
072jg,"Boudreau, Tyler",RP,NYY,\N,"[""boudreau tyler""]",\N,\N,\N,\N,\N,\N
06bkw,"Montero, Ricardo",RP,LAD,\N,"[""montero ricardo""]",\N,\N,\N,\N,\N,\N
072jh,"Serrano, Samil",CF,WSH,\N,"[""serrano samil""]",\N,\N,\N,\N,\N,\N
06bkx,"Mena, Walvin",RP,ARI,\N,"[""mena walvin""]",\N,\N,\N,\N,\N,\N
"10121#40",Team Pitching,TmP,\N,\N,[],\N,\N,\N,\N,\N,\N
072je,"Garkow, Nate",RP,(N/A),\N,"[""garkow nate""]",\N,\N,\N,\N,\N,\N
06bku,"Sanchez, Samuel",SP,LAD,\N,"[""sanchez samuel""]",\N,\N,\N,\N,\N,\N
06bkv,"Caballero, Jorge",RF,(N/A),\N,"[""caballero jorge""]",\N,\N,\N,\N,\N,\N
06bkt,"Pham, Alex",RP,BAL,\N,"[""pham alex""]",\N,\N,\N,\N,\N,\N
01uci,"Covey, Dylan",RP,(N/A),\N,"[""covey dylan""]",\N,\N,\N,\N,\N,\N
05r16,"Pinto, Jean",SP,(N/A),\N,"[""pinto jean""]",\N,\N,\N,\N,\N,\N
05r14,"Chavez, Santiago",C,(N/A),\N,"[""chavez santiago""]",\N,\N,\N,\N,\N,\N
072mr,"Kelly, Jaitoine",SP,ARI,\N,"[""kelly jaitoine""]",\N,\N,\N,\N,\N,\N
01uca,"Sale, Chris",SP,ATL,\N,"[""sale chris""]",\N,\N,\N,\N,\N,\N
01ucb,"Pomeranz, Drew",RP,(N/A),\N,"[""pomeranz drew""]",\N,\N,\N,\N,\N,\N
072o2,"Caricote, Juan",C,TOR,\N,"[""caricote juan""]",\N,\N,\N,\N,\N,\N
04mjn,"Bazardo, Eduard",RP,SEA,\N,"[""bazardo eduard""]",\N,\N,\N,\N,\N,\N
04ml0,"Kikuchi, Yusei",SP,LAA,\N,"[""kikuchi yusei""]",\N,\N,\N,\N,\N,\N
04mjm,"Newton, Shervyen",SS,(N/A),\N,"[""newton shervyen""]",\N,\N,\N,\N,\N,\N
01ubo,"Bryant, Kris",RF,COL,\N,"[""bryant kris""]",\N,\N,\N,\N,\N,\N
05r01,"Suarez, Robert",RP,ATL,\N,"[""suarez robert""]",\N,\N,\N,\N,\N,\N
01uay,"Shaw, Bryan",RP,(N/A),\N,"[""shaw bryan""]",\N,\N,\N,\N,\N,\N
07400,"Sosa, Abel",RF,MIN,\N,"[""sosa abel""]",\N,\N,\N,\N,\N,\N
01uc9,"Castellanos, Nick",RF,(N/A),\N,"[""castellanos nick""]",\N,\N,\N,\N,\N,\N
06bmz,"Federman, Daniel",RP,(N/A),\N,"[""federman daniel""]",\N,\N,\N,\N,\N,\N
06u1h,"Osterhouse, Justin",2B,(N/A),\N,"[""osterhouse justin""]",\N,\N,\N,\N,\N,\N
06sju,"Taggart, Luke",RP,DET,\N,"[""taggart luke""]",\N,\N,\N,\N,\N,\N
06sjv,"Tellache, Nico",SP,SEA,\N,"[""tellache nico""]",\N,\N,\N,\N,\N,\N
072i4,"Winter, Michael",SP,(N/A),\N,"[""winter michael""]",\N,\N,\N,\N,\N,\N
06sjt,"Salazar, Grabiel",RP,BAL,\N,"[""salazar grabiel""]",\N,\N,\N,\N,\N,\N
072i2,"Brumbaugh, Carson",SS,(N/A),\N,"[""brumbaugh carson""]",\N,\N,\N,\N,\N,\N
06sjq,"Vargas, Mauricio",RP,NYY,\N,"[""vargas mauricio""]",\N,\N,\N,\N,\N,\N
072i3,"Stillman, Aiden",SP,(N/A),\N,"[""stillman aiden""]",\N,\N,\N,\N,\N,\N
06sjo,"Beard, Trey",SP,MIA,\N,"[""beard trey""]",\N,\N,\N,\N,\N,\N
06sjp,"Tejada, Ronald",RP,NYY,\N,"[""tejada ronald""]",\N,\N,\N,\N,\N,\N
06bj8,"Tailor, Joseph",2B,(N/A),\N,"[""tailor joseph""]",\N,\N,\N,\N,\N,\N
06bj6,"Lopez, Daniel",CF,KC,\N,"[""lopez daniel""]",\N,\N,\N,\N,\N,\N
04mdf,"Encarnacion, Jerar",RF,(N/A),\N,"[""encarnacion jerar""]",\N,\N,\N,\N,\N,\N
06bj7,"Heredia, Osvaldo",CF,MIA,\N,"[""heredia osvaldo""]",\N,\N,\N,\N,\N,\N
06bj4,"Marquez, Anyelo",2B,LAA,\N,"[""marquez anyelo""]",\N,\N,\N,\N,\N,\N
06bj5,"Paulino, Jose",CF,(N/A),\N,[],\N,\N,\N,\N,\N,\N
06bj2,"Santos, Enmanuel",RF,KC,\N,"[""santos enmanuel""]",\N,\N,\N,\N,\N,\N
06bj3,"Gomez, Antony",CF,(N/A),\N,"[""gomez antony""]",\N,\N,\N,\N,\N,\N
06bj1,"Cruz, Darvin",CF,(N/A),\N,"[""cruz darvin""]",\N,\N,\N,\N,\N,\N
072fy,"Putnam, Nick",RP,LAD,\N,"[""putnam nick""]",\N,\N,\N,\N,\N,\N
072fz,"Rudis, Brad",RP,MIN,\N,"[""rudis brad""]",\N,\N,\N,\N,\N,\N
072fw,"Hunter, Henry",C,CIN,\N,"[""hunter henry""]",\N,\N,\N,\N,\N,\N
072fx,"Jessee, Chase",RP,KC,\N,"[""jessee chase""]",\N,\N,\N,\N,\N,\N
072fu,"Francis, Ian",C,CIN,\N,"[""francis ian""]",\N,\N,\N,\N,\N,\N
072h7,"Horton, Jeyson",SS,LAA,\N,"[""horton jeyson""]",\N,\N,\N,\N,\N,\N
072fv,"Henriquez, Jean",RP,(N/A),\N,"[""henriquez jean""]",\N,\N,\N,\N,\N,\N
072fs,"Herst, Eli",SP,(N/A),\N,"[""herst eli""]",\N,\N,\N,\N,\N,\N
072ft,"Sides, Cooper",SP,(N/A),\N,"[""sides cooper""]",\N,\N,\N,\N,\N,\N
072h3,"Jeong, Woo Joo",RP,(N/A),\N,"[""jeong woo joo""]",\N,\N,\N,\N,\N,\N
072h1,"Mettert, Sam",RP,CHC,\N,"[""mettert sam""]",\N,\N,\N,\N,\N,\N
072h2,"Sabathia, Carsten",1B,MIL,\N,"[""sabathia carsten""]",\N,\N,\N,\N,\N,\N
072fm,"Arias, Randy",SS,HOU,\N,"[""arias randy""]",\N,\N,\N,\N,\N,\N
072h0,"Thome, Landon",2B,CHW,\N,"[""thome landon""]",\N,\N,\N,\N,\N,\N
072fk,"Waechter, Kaden",SP,SF,\N,"[""waechter kaden""]",\N,\N,\N,\N,\N,\N
072fl,"Suarez, Jaider",SS,KC,\N,"[""suarez jaider""]",\N,\N,\N,\N,\N,\N
072fg,"Mensik, Luke",SP,SF,\N,"[""mensik luke""]",\N,\N,\N,\N,\N,\N
072fh,"Gehr, Connor",SP,BAL,\N,"[""gehr connor""]",\N,\N,\N,\N,\N,\N
072fe,"Bonilla, Fabian",LF,BOS,\N,"[""bonilla fabian""]",\N,\N,\N,\N,\N,\N
072ff,"Franklin, Noah",C,TEX,\N,"[""franklin noah""]",\N,\N,\N,\N,\N,\N
072fc,"Stiltner, Dillon",SP,NYM,\N,"[""stiltner dillon""]",\N,\N,\N,\N,\N,\N
072fd,"Geinzer, Cory",SP,TEX,\N,"[""geinzer cory""]",\N,\N,\N,\N,\N,\N
072fa,"Hirschkorn, Jensen",SP,ATL,\N,"[""hirschkorn jensen""]",\N,\N,\N,\N,\N,\N
072fb,"Arroyos, Landon",SS,HOU,\N,"[""arroyos landon""]",\N,\N,\N,\N,\N,\N
072ez,"McQueen, Jay",RF,TEX,\N,"[""mcqueen jay""]",\N,\N,\N,\N,\N,\N
072ip,"Ramos, Efrailin",SP,TB,\N,"[""ramos efrailin""]",\N,\N,\N,\N,\N,\N
072in,"Santa Cruz de Oviedo, Anthony",1B,LAA,\N,"[""santa cruz de oviedo anthony""]",\N,\N,\N,\N,\N,\N
072io,"Ghisays, Luis",SP,CHC,\N,"[""ghisays luis""]",\N,\N,\N,\N,\N,\N
072il,"Koeninger, Cole",SS,(N/A),\N,"[""koeninger cole""]",\N,\N,\N,\N,\N,\N
072im,"Carlon, Cole",SP,TOR,\N,"[""carlon cole""]",\N,\N,\N,\N,\N,\N
072ij,"Moore, Lucas",CF,CLE,\N,"[""moore lucas""]",\N,\N,\N,\N,\N,\N
072ik,"Ruiz, Aiden",SS,PIT,\N,"[""ruiz aiden""]",\N,\N,\N,\N,\N,\N
072ih,"Jimenez, Hansel",SS,CIN,\N,"[""jimenez hansel""]",\N,\N,\N,\N,\N,\N
072ii,"Pinazzi, Nicolo",RP,LAA,\N,"[""pinazzi nicolo""]",\N,\N,\N,\N,\N,\N
072if,"Melburne, Ezequiel",SS,LAD,\N,"[""melburne ezequiel""]",\N,\N,\N,\N,\N,\N
"10121#30",Team Hitting,TmH,\N,\N,[],\N,\N,\N,\N,\N,\N
072ig,"De La Cruz, Yensi",CF,HOU,\N,"[""de la cruz yensi""]",\N,\N,\N,\N,\N,\N
072id,"Booth Jr, Eric",CF,BAL,\N,"[""booth jr eric""]",\N,\N,\N,\N,\N,\N
072ie,"Condon, Trevor",LF,STL,\N,"[""condon trevor""]",\N,\N,\N,\N,\N,\N
072ib,"Lackey, Vahn",C,MIN,\N,"[""lackey vahn""]",\N,\N,\N,\N,\N,\N
06bl4,"Martinez, Frank",RP,TEX,\N,"[""martinez frank""]",\N,\N,\N,\N,\N,\N
072ic,"Maniscalco, Rocco",SS,STL,\N,"[""maniscalco rocco""]",\N,\N,\N,\N,\N,\N
06bl5,"Gamez, Jesus",RP,TEX,\N,"[""gamez jesus""]",\N,\N,\N,\N,\N,\N
06bl2,"Lara, Davidxon",RP,MIA,\N,"[""lara davidxon""]",\N,\N,\N,\N,\N,\N
06bl3,"Marte, Francis",SP,(N/A),\N,"[""marte francis""]",\N,\N,\N,\N,\N,\N
06bl0,"Rios, Jesus",RP,MIA,\N,"[""rios jesus""]",\N,\N,\N,\N,\N,\N
06bl1,"Hacen, Kevin",3B,(N/A),\N,"[""hacen kevin""]",\N,\N,\N,\N,\N,\N
072hw,"Walker, Edgar",RF,PIT,\N,"[""walker edgar""]",\N,\N,\N,\N,\N,\N
072hu,"Welch, Miguel",SS,BOS,\N,"[""welch miguel""]",\N,\N,\N,\N,\N,\N
072hv,"Sato, Genei",SP,(N/A),\N,"[""sato genei""]",\N,\N,\N,\N,\N,\N
072j5,"Palmeros, Jeronimo",SP,SD,\N,"[""palmeros jeronimo""]",\N,\N,\N,\N,\N,\N
072hs,"Morrissey, MT",RP,PHI,\N,"[""morrissey mt""]",\N,\N,\N,\N,\N,\N
072hq,"Gomez, Yendy",RP,DET,\N,"[""gomez yendy""]",\N,\N,\N,\N,\N,\N
072j4,"Brown, Blaine",RF,(N/A),\N,"[""brown blaine""]",\N,\N,\N,\N,\N,\N
072hr,"Rincon, Hansel",RP,NYY,\N,"[""rincon hansel""]",\N,\N,\N,\N,\N,\N
072j1,"Hernandez, Christopher",SP,TEX,\N,"[""hernandez christopher""]",\N,\N,\N,\N,\N,\N
072ho,"Pio, Gregory",LF,SEA,\N,"[""pio gregory""]",\N,\N,\N,\N,\N,\N
072hp,"Guerrero Jr, Wilton",SS,PIT,\N,"[""guerrero jr wilton""]",\N,\N,\N,\N,\N,\N
06bja,"Tandron, Anthony",1B,SF,\N,"[""tandron anthony""]",\N,\N,\N,\N,\N,\N
072hk,"Moneys, Ricki",SS,MIL,\N,"[""moneys ricki""]",\N,\N,\N,\N,\N,\N
072hi,"Rosario, Gabriel",1B,BAL,\N,"[""rosario gabriel""]",\N,\N,\N,\N,\N,\N
072hj,"Polanco, Eybersson",RP,LAA,\N,"[""polanco eybersson""]",\N,\N,\N,\N,\N,\N
072hg,"Acevedo, Jose Luis",SS,BAL,\N,"[""acevedo jose luis""]",\N,\N,\N,\N,\N,\N
072hh,"Manon, Jose",SS,ATL,\N,"[""manon jose""]",\N,\N,\N,\N,\N,\N
06biu,"Mejia, Jose",3B,ARI,\N,[],\N,\N,\N,\N,\N,\N
072hf,"Hernandez, Joniel",SS,SF,\N,"[""hernandez joniel""]",\N,\N,\N,\N,\N,\N
025j1,"Ray, Robbie",SP,SD,\N,"[""ray robbie""]",\N,\N,\N,\N,\N,\N
06cwv,"Sosa, Andrews",C,(N/A),\N,"[""sosa andrews""]",\N,\N,\N,\N,\N,\N
06cww,"Gomez, Redinson",RP,COL,\N,"[""gomez redinson""]",\N,\N,\N,\N,\N,\N
025hm,"Bauer, Trevor",SP,(N/A),\N,"[""bauer trevor""]",\N,\N,\N,\N,\N,\N
06cwu,"De Leon, Darwin",2B,(N/A),\N,"[""de leon darwin""]",\N,\N,\N,\N,\N,\N
02hma,"Austin, Tyler",1B,CHC,\N,"[""austin tyler""]",\N,\N,\N,\N,\N,\N
025he,"Springer, George",RF,TOR,\N,"[""springer george""]",\N,\N,\N,\N,\N,\N
02hlw,"Drury, Brandon",DH,KC,\N,"[""drury brandon""]",\N,\N,\N,\N,\N,\N
0757q,"Mata, Andy",3B,DET,\N,"[""mata andy""]",\N,\N,\N,\N,\N,\N
04nrs,"Valdez, Dauris",RP,(N/A),\N,"[""valdez dauris""]",\N,\N,\N,\N,\N,\N
025i9,"Realmuto, J.T.",C,PHI,\N,"[""realmuto j t""]",\N,\N,\N,\N,\N,\N
0757e,"Villanueva, Ramiro",SP,MIN,\N,"[""villanueva ramiro""]",\N,\N,\N,\N,\N,\N
0757f,"Frias, Francisco",RP,HOU,\N,"[""frias francisco""]",\N,\N,\N,\N,\N,\N
0757c,"McAuliffe, Nick",RP,MIN,\N,"[""mcauliffe nick""]",\N,\N,\N,\N,\N,\N
073uc,"Partida, Nico",SS,(N/A),\N,"[""partida nico""]",\N,\N,\N,\N,\N,\N
0624a,"Espinoza, Lizandro",SS,ATL,\N,"[""espinoza lizandro""]",\N,\N,\N,\N,\N,\N
0757d,"Victorino, Omar",SP,NYM,\N,"[""victorino omar""]",\N,\N,\N,\N,\N,\N
073ud,"Centeno, Delio",SP,LAD,\N,"[""centeno delio""]",\N,\N,\N,\N,\N,\N
073ua,"Grim, Ethan",SP,(N/A),\N,"[""grim ethan""]",\N,\N,\N,\N,\N,\N
073ub,"Miller, Maddox",RP,(N/A),\N,"[""miller maddox""]",\N,\N,\N,\N,\N,\N
0624b,"Familia, Christopher",LF,(N/A),\N,"[""familia christopher""]",\N,\N,\N,\N,\N,\N
04nqx,"Duran, Ezequiel",SS,TEX,\N,"[""duran ezequiel""]",\N,\N,\N,\N,\N,\N
01vja,"Kepler, Max",LF,ARI,\N,"[""kepler max""]",\N,\N,\N,\N,\N,\N
060qt,"Jimenez, Carlos",CF,SEA,\N,[],\N,\N,\N,\N,\N,\N
060qs,"Pozo, Miguel",SP,(N/A),\N,"[""pozo miguel""]",\N,\N,\N,\N,\N,\N
025gb,"Bogaerts, Xander",SS,SD,\N,"[""bogaerts xander""]",\N,\N,\N,\N,\N,\N
060qq,"Silverio, Jesus",SP,(N/A),\N,"[""silverio jesus""]",\N,\N,\N,\N,\N,\N
01viz,"Abad, Fernando",RP,(N/A),\N,"[""abad fernando""]",\N,\N,\N,\N,\N,\N
02hkk,"Shreve, Chasen",RP,(N/A),\N,"[""shreve chasen""]",\N,\N,\N,\N,\N,\N
060qn,"Pichardo, Kervin",3B,WSH,\N,"[""pichardo kervin""]",\N,\N,\N,\N,\N,\N
060qh,"Fanas, Willy",RF,(N/A),\N,"[""fanas willy""]",\N,\N,\N,\N,\N,\N
060qg,"Martinus, Mairoshendrick",3B,LAD,\N,"[""martinus mairoshendrick""]",\N,\N,\N,\N,\N,\N
025fx,"Pham, Tommy",LF,CHW,\N,"[""pham tommy""]",\N,\N,\N,\N,\N,\N
060qi,"Zebrowski, Adam",C,ATL,\N,"[""zebrowski adam""]",\N,\N,\N,\N,\N,\N
060ug,"Jones, Holt",RP,MIA,\N,"[""jones holt""]",\N,\N,\N,\N,\N,\N
060ui,"Petit, RJ",RP,COL,\N,"[""petit rj""]",\N,\N,\N,\N,\N,\N
060ud,"Carrier, Lorenzo",RF,COL,\N,"[""carrier lorenzo""]",\N,\N,\N,\N,\N,\N
025jv,"Gurriel, Yuli",1B,(N/A),\N,"[""gurriel yuli""]",\N,\N,\N,\N,\N,\N
060uc,"Purify, Jarren",SS,(N/A),\N,"[""purify jarren""]",\N,\N,\N,\N,\N,\N
060uf,"Peck, John",SS,DET,\N,"[""peck john""]",\N,\N,\N,\N,\N,\N
060ue,"Santucci, Jonathan",SP,NYM,\N,"[""santucci jonathan""]",\N,\N,\N,\N,\N,\N
060ub,"Emerson, Colt",SS,SEA,\N,"[""emerson colt""]",\N,\N,\N,\N,\N,\N
06tzx,"Machado, Johan",SS,MIA,\N,"[""machado johan""]",\N,\N,\N,\N,\N,\N
06tzy,"Galan, Luis",3B,CLE,\N,"[""galan luis""]",\N,\N,\N,\N,\N,\N
0626s,"Pope, Bryan",SP,(N/A),\N,"[""pope bryan""]",\N,\N,\N,\N,\N,\N
06tzv,"Paredes, Cesar",SS,LAA,\N,"[""paredes cesar""]",\N,\N,\N,\N,\N,\N
06tzw,"Martinez, Santiago",SP,MIL,\N,[],\N,\N,\N,\N,\N,\N
0626r,"Betancourt, Bryant",C,COL,\N,"[""betancourt bryant""]",\N,\N,\N,\N,\N,\N
06tzt,"Garces, Jonierbis",CF,WSH,\N,"[""garces jonierbis""]",\N,\N,\N,\N,\N,\N
06tzu,"Suriel, Junior",CF,LAA,\N,"[""suriel junior""]",\N,\N,\N,\N,\N,\N
025iy,"Alfaro, Jorge",C,KC,\N,"[""alfaro jorge""]",\N,\N,\N,\N,\N,\N
06tzs,"Hernandez, Freddy",SP,LAA,\N,"[""hernandez freddy""]",\N,\N,\N,\N,\N,\N
02hnm,"Maggi, Drew",2B,(N/A),\N,"[""maggi drew""]",\N,\N,\N,\N,\N,\N
02hna,"Soto, Elliot",SS,(N/A),\N,"[""soto elliot""]",\N,\N,\N,\N,\N,\N
025it,"Adam, Jason",RP,SD,\N,"[""adam jason""]",\N,\N,\N,\N,\N,\N
02yor,"Leal, Erick",SP,(N/A),\N,"[""leal erick""]",\N,\N,\N,\N,\N,\N
02yoi,"Jackson, Alex",C,MIN,\N,"[""jackson alex""]",\N,\N,\N,\N,\N,\N
060u8,"Ferreira, Johan",3B,(N/A),\N,"[""ferreira johan""]",\N,\N,\N,\N,\N,\N
060u9,"Burt, Max",2B,DET,\N,"[""burt max""]",\N,\N,\N,\N,\N,\N
02yog,"Toussaint, Touki",RP,(N/A),\N,"[""toussaint touki""]",\N,\N,\N,\N,\N,\N
060u3,"Alvarez, Andrew",SP,WSH,\N,"[""alvarez andrew""]",\N,\N,\N,\N,\N,\N
073vp,"Rosario, Gerlin",RP,ATH,\N,"[""rosario gerlin""]",\N,\N,\N,\N,\N,\N
073vq,"Kanemaru, Yumeto",SP,(N/A),\N,"[""kanemaru yumeto""]",\N,\N,\N,\N,\N,\N
060u2,"Halligan, Patrick",RP,BOS,\N,"[""halligan patrick""]",\N,\N,\N,\N,\N,\N
060u1,"Hurley, Jack",CF,ARI,\N,"[""hurley jack""]",\N,\N,\N,\N,\N,\N
073vj,"Pulido, Danyony",RP,PHI,\N,"[""pulido danyony""]",\N,\N,\N,\N,\N,\N
073vk,"Sumida, Chihiro",SP,(N/A),\N,"[""sumida chihiro""]",\N,\N,\N,\N,\N,\N
02hia,"Nolin, Sean",RP,(N/A),\N,"[""nolin sean""]",\N,\N,\N,\N,\N,\N
060oc,"Stankiewicz, John",RP,(N/A),\N,"[""stankiewicz john""]",\N,\N,\N,\N,\N,\N
02hhz,"Ravelo, Rangel",1B,(N/A),\N,"[""ravelo rangel""]",\N,\N,\N,\N,\N,\N
025dn,"Yelich, Christian",DH,MIL,\N,"[""yelich christian""]",\N,\N,\N,\N,\N,\N
0620y,"Sarmiento, Dangelo",2B,(N/A),\N,"[""sarmiento dangelo""]",\N,\N,\N,\N,\N,\N
0620x,"Suarez, Santiago",SP,TB,\N,"[""suarez santiago""]",\N,\N,\N,\N,\N,\N
0620t,"Mendez, Luis",1B,COL,\N,"[""mendez luis""]",\N,\N,\N,\N,\N,\N
02hj7,"Kelly, Merrill",SP,ARI,\N,"[""kelly merrill""]",\N,\N,\N,\N,\N,\N
060p8,"Garcia, Cristian",1B,(N/A),\N,"[""garcia cristian""]",\N,\N,\N,\N,\N,\N
060p3,"Antonia, Donovan",2B,(N/A),\N,"[""antonia donovan""]",\N,\N,\N,\N,\N,\N
0620s,"Maldonado, Gerelmi",SP,SF,\N,"[""maldonado gerelmi""]",\N,\N,\N,\N,\N,\N
060p4,"Diaz, Winder",2B,(N/A),\N,"[""diaz winder""]",\N,\N,\N,\N,\N,\N
02hhj,"Stanek, Ryne",RP,STL,\N,"[""stanek ryne""]",\N,\N,\N,\N,\N,\N
060nm,"Rivero, Yoander",2B,(N/A),\N,"[""rivero yoander""]",\N,\N,\N,\N,\N,\N
0620l,"Castro, Manuel",RP,SD,\N,"[""castro manuel""]",\N,\N,\N,\N,\N,\N
060p1,"Bucce, Yasmil",1B,BAL,\N,"[""bucce yasmil""]",\N,\N,\N,\N,\N,\N
060p0,"Otano, Peniel",SP,(N/A),\N,"[""otano peniel""]",\N,\N,\N,\N,\N,\N
0620i,"Mendez, Julio",SP,MIA,\N,"[""mendez julio""]",\N,\N,\N,\N,\N,\N
04p0h,"Cartaya, Diego",C,(N/A),\N,"[""cartaya diego""]",\N,\N,\N,\N,\N,\N
02yk4,"ONeill, Tyler",RF,BAL,\N,"[""oneill tyler""]",\N,\N,\N,\N,\N,\N
025e9,"Brantly, Rob",C,(N/A),\N,"[""brantly rob""]",\N,\N,\N,\N,\N,\N
06v6f,"Carrasco, Luis",RP,ARI,\N,[],\N,\N,\N,\N,\N,\N
02hhd,"Floro, Dylan",RP,(N/A),\N,"[""floro dylan""]",\N,\N,\N,\N,\N,\N
06v6d,"Cruz, Luis",RP,CIN,\N,[],\N,\N,\N,\N,\N,\N
06v6e,"Cepeda, Luis",SP,ARI,\N,"[""cepeda luis""]",\N,\N,\N,\N,\N,\N
06v6b,"Leon, Luis",CF,CHC,\N,[],\N,\N,\N,\N,\N,\N
06v6c,"Cruz, Luis",LF,NYY,\N,[],\N,\N,\N,\N,\N,\N
06v6a,"Paredes, Luis",RP,(N/A),\N,"[""paredes luis""]",\N,\N,\N,\N,\N,\N
02hi7,"Gausman, Kevin",SP,CHC,\N,"[""gausman kevin""]",\N,\N,\N,\N,\N,\N
060o9,"Mejia, Juan",RP,COL,\N,"[""mejia juan""]",\N,\N,\N,\N,\N,\N
060mw,"Guante, Wander",RP,(N/A),\N,"[""guante wander""]",\N,\N,\N,\N,\N,\N
060mz,"Cuas, Jose",RP,KC,\N,"[""cuas jose""]",\N,\N,\N,\N,\N,\N
06v5z,"Wideman, Ryan",CF,SD,\N,"[""wideman ryan""]",\N,\N,\N,\N,\N,\N
060my,"Dickey, Jared",RF,ATH,\N,"[""dickey jared""]",\N,\N,\N,\N,\N,\N
06tu9,"Kim, Seong-Jun",SS,TEX,\N,"[""kim seong jun""]",\N,\N,\N,\N,\N,\N
06tsw,"Quintero, Marlon",C,LAA,\N,"[""quintero marlon""]",\N,\N,\N,\N,\N,\N
060o6,"Robles, Benony",RP,(N/A),\N,"[""robles benony""]",\N,\N,\N,\N,\N,\N
060o8,"Hernandez, Luigi",SP,(N/A),\N,"[""hernandez luigi""]",\N,\N,\N,\N,\N,\N
02hi5,"Alexander, Scott",RP,KC,\N,"[""alexander scott""]",\N,\N,\N,\N,\N,\N
06tsv,"Manzueta, Sami",2B,HOU,\N,"[""manzueta sami""]",\N,\N,\N,\N,\N,\N
073pr,"Scolari, Cal",SP,CHW,\N,"[""scolari cal""]",\N,\N,\N,\N,\N,\N
060mo,"Felipe, Angel",RP,(N/A),\N,"[""felipe angel""]",\N,\N,\N,\N,\N,\N
060mr,"Kuhn, Travis",RP,(N/A),\N,"[""kuhn travis""]",\N,\N,\N,\N,\N,\N
060ml,"Brazoban, Huascar",RP,CHW,\N,"[""brazoban huascar""]",\N,\N,\N,\N,\N,\N
04p10,"Stott, Bryson",2B,PHI,\N,"[""stott bryson""]",\N,\N,\N,\N,\N,\N
060mh,"Perozo, Vincent",C,NYM,\N,"[""perozo vincent""]",\N,\N,\N,\N,\N,\N
06cqx,"Echavarria, Steven",SP,ATH,\N,"[""echavarria steven""]",\N,\N,\N,\N,\N,\N
060mj,"Peguero, Francis",RP,(N/A),\N,"[""peguero francis""]",\N,\N,\N,\N,\N,\N
06cqy,"Marte, Yunior",SP,SF,\N,[],\N,\N,\N,\N,\N,\N
060mi,"Paino, Owen",SS,(N/A),\N,"[""paino owen""]",\N,\N,\N,\N,\N,\N
06cqw,"Cardona, Ryan",SP,(N/A),\N,"[""cardona ryan""]",\N,\N,\N,\N,\N,\N
060mc,"Humphreys, Zach",C,LAA,\N,"[""humphreys zach""]",\N,\N,\N,\N,\N,\N
06cqt,"Gonzalez, Cristopfer",LF,(N/A),\N,"[""gonzalez cristopfer""]",\N,\N,\N,\N,\N,\N
06cqu,"Agreda, Ismael",SP,TEX,\N,"[""agreda ismael""]",\N,\N,\N,\N,\N,\N
02hka,"Gamel, Ben",DH,ATL,\N,"[""gamel ben""]",\N,\N,\N,\N,\N,\N
060qc,"Owen, Noah",SP,(N/A),\N,"[""owen noah""]",\N,\N,\N,\N,\N,\N
060qf,"Espinosa, Carlos",RP,LAA,\N,"[""espinosa carlos""]",\N,\N,\N,\N,\N,\N
02hkd,"Weiss, Zack",RP,(N/A),\N,"[""weiss zack""]",\N,\N,\N,\N,\N,\N
06twb,"McAtee, Aric",RP,CHW,\N,"[""mcatee aric""]",\N,\N,\N,\N,\N,\N
0622w,"Simpson, Chandler",CF,TB,\N,"[""simpson chandler""]",\N,\N,\N,\N,\N,\N
06249,"Vargas, Marco",2B,NYM,\N,"[""vargas marco""]",\N,\N,\N,\N,\N,\N
0622v,"Carico, Michael",C,CHC,\N,"[""carico michael""]",\N,\N,\N,\N,\N,\N
06248,"Lasko, Ryan",CF,ATH,\N,"[""lasko ryan""]",\N,\N,\N,\N,\N,\N
073u9,"Sanford, Will",SP,(N/A),\N,"[""sanford will""]",\N,\N,\N,\N,\N,\N
06cuf,"Hobbs, Michael",RP,SEA,\N,"[""hobbs michael""]",\N,\N,\N,\N,\N,\N
02hjp,"deGrom, Jacob",SP,TEX,\N,"[""degrom jacob""]",\N,\N,\N,\N,\N,\N
0622s,"Schobel, Tanner",3B,MIN,\N,"[""schobel tanner""]",\N,\N,\N,\N,\N,\N
073u8,"Riojas, Ruger",RP,PHI,\N,"[""riojas ruger""]",\N,\N,\N,\N,\N,\N
0622r,"Cornielle, Alexander",SP,NYY,\N,"[""cornielle alexander""]",\N,\N,\N,\N,\N,\N
073u5,"Santos, Jhoendris",SS,PIT,\N,"[""santos jhoendris""]",\N,\N,\N,\N,\N,\N
06tx6,"Gray, Clayton",LF,COL,\N,"[""gray clayton""]",\N,\N,\N,\N,\N,\N
0622u,"Ahuna, Maui",SS,SF,\N,"[""ahuna maui""]",\N,\N,\N,\N,\N,\N
06247,"Hall, Tanner",SP,MIN,\N,"[""hall tanner""]",\N,\N,\N,\N,\N,\N
073u6,"Litman, James",SP,(N/A),\N,"[""litman james""]",\N,\N,\N,\N,\N,\N
0622t,"Wilson, Jacob",SS,ATH,\N,"[""wilson jacob""]",\N,\N,\N,\N,\N,\N
06tx7,"Gilbert, Jake",RP,(N/A),\N,"[""gilbert jake""]",\N,\N,\N,\N,\N,\N
0622o,"Plaz, Axiel",C,PIT,\N,"[""plaz axiel""]",\N,\N,\N,\N,\N,\N
07574,"Blum, Harry",RP,BOS,\N,"[""blum harry""]",\N,\N,\N,\N,\N,\N
04nr0,"Acosta, Aldry",RP,(N/A),\N,"[""acosta aldry""]",\N,\N,\N,\N,\N,\N
0622n,"Wagner, Max",3B,TEX,\N,"[""wagner max""]",\N,\N,\N,\N,\N,\N
073sm,"McPherson, Ryan",RP,(N/A),\N,"[""mcpherson ryan""]",\N,\N,\N,\N,\N,\N
06tvn,"Watters, Bino",LF,(N/A),\N,"[""watters bino""]",\N,\N,\N,\N,\N,\N
073sk,"Paulsen, Erik",1B,(N/A),\N,"[""paulsen erik""]",\N,\N,\N,\N,\N,\N
038hy,"Centeno, Juan",C,ARI,\N,"[""centeno juan""]",\N,\N,\N,\N,\N,\N
06tvl,"McDonagh, Ryan",SP,KC,\N,"[""mcdonagh ryan""]",\N,\N,\N,\N,\N,\N
0622m,"Cermak, Ryan",RF,TB,\N,"[""cermak ryan""]",\N,\N,\N,\N,\N,\N
060pm,"Langford, Wyatt",LF,TEX,\N,"[""langford wyatt""]",\N,\N,\N,\N,\N,\N
06tvm,"Hairston, Landon",CF,(N/A),\N,"[""hairston landon""]",\N,\N,\N,\N,\N,\N
073si,"Gibler, Cole",RP,(N/A),\N,"[""gibler cole""]",\N,\N,\N,\N,\N,\N
060pg,"Cepeda, Felix",SP,NYM,\N,"[""cepeda felix""]",\N,\N,\N,\N,\N,\N
025ey,"Jackson, Luke",RP,(N/A),\N,[],\N,\N,\N,\N,\N,\N
073sj,"Rager, Cord",SP,(N/A),\N,"[""rager cord""]",\N,\N,\N,\N,\N,\N
060pf,"Glod, Douglas",RF,(N/A),\N,"[""glod douglas""]",\N,\N,\N,\N,\N,\N
073sg,"Kelly, Gavin",2B,(N/A),\N,"[""kelly gavin""]",\N,\N,\N,\N,\N,\N
060pi,"Santa, Alimber",RP,HOU,\N,"[""santa alimber""]",\N,\N,\N,\N,\N,\N
025ew,"Syndergaard, Noah",SP,(N/A),\N,"[""syndergaard noah""]",\N,\N,\N,\N,\N,\N
073sh,"Lund, Ethan",SP,(N/A),\N,"[""lund ethan""]",\N,\N,\N,\N,\N,\N
06tvi,"Carrera, David",LF,NYY,\N,"[""carrera david""]",\N,\N,\N,\N,\N,\N
073se,"Goldstein, Cade",RF,(N/A),\N,"[""goldstein cade""]",\N,\N,\N,\N,\N,\N
073sf,"Paone, John",SP,(N/A),\N,"[""paone john""]",\N,\N,\N,\N,\N,\N
073sc,"Castelo, Diego",SP,SD,\N,"[""castelo diego""]",\N,\N,\N,\N,\N,\N
073sd,"Edwards, Mason",SP,ATH,\N,"[""edwards mason""]",\N,\N,\N,\N,\N,\N
025ej,"Smyly, Drew",RP,(N/A),\N,"[""smyly drew""]",\N,\N,\N,\N,\N,\N
060pa,"Hernandez, Alexis",RF,CHC,\N,[],\N,\N,\N,\N,\N,\N
025eo,"Canha, Mark",LF,(N/A),\N,"[""canha mark""]",\N,\N,\N,\N,\N,\N
060oz,"Isola, Alex",LF,(N/A),\N,"[""isola alex""]",\N,\N,\N,\N,\N,\N
02hiz,"Mariot, Michael",RP,(N/A),\N,"[""mariot michael""]",\N,\N,\N,\N,\N,\N
060ov,"Zapata, Genderson",SP,(N/A),\N,"[""zapata genderson""]",\N,\N,\N,\N,\N,\N
060ou,"Mordan, Aneudis",1B,(N/A),\N,"[""mordan aneudis""]",\N,\N,\N,\N,\N,\N
073t8,"Zeldin, Brian",RP,MIN,\N,"[""zeldin brian""]",\N,\N,\N,\N,\N,\N
04nq4,"Jordan, Blaze",3B,STL,\N,"[""jordan blaze""]",\N,\N,\N,\N,\N,\N
060q4,"Cabeza, Diosfran",1B,ARI,\N,"[""cabeza diosfran""]",\N,\N,\N,\N,\N,\N
073t7,"Ramirez, Santiago",C,TEX,\N,"[""ramirez santiago""]",\N,\N,\N,\N,\N,\N
060q3,"Saucke, Casey",RF,CHW,\N,"[""saucke casey""]",\N,\N,\N,\N,\N,\N
060ot,"Ramos, Lenerd",RP,(N/A),\N,"[""ramos lenerd""]",\N,\N,\N,\N,\N,\N
02hir,"Lorenzen, Michael",SP,TOR,\N,"[""lorenzen michael""]",\N,\N,\N,\N,\N,\N
060q2,"Iriarte, Jairo",RP,CHW,\N,"[""iriarte jairo""]",\N,\N,\N,\N,\N,\N
060q1,"Routzahn, Ethan",RP,SD,\N,"[""routzahn ethan""]",\N,\N,\N,\N,\N,\N
060oi,"Mako, Chance",SP,(N/A),\N,"[""mako chance""]",\N,\N,\N,\N,\N,\N
025dq,"Walker, Taijuan",SP,(N/A),\N,"[""walker taijuan""]",\N,\N,\N,\N,\N,\N
060of,"Silvera, Andres",RP,PIT,\N,"[""silvera andres""]",\N,\N,\N,\N,\N,\N
060oe,"Alcalde, Eliander",RP,(N/A),\N,"[""alcalde eliander""]",\N,\N,\N,\N,\N,\N
060oh,"Marcano, Carlos",SP,DET,\N,"[""marcano carlos""]",\N,\N,\N,\N,\N,\N
060og,"Reyes, Gabriel",SP,DET,\N,"[""reyes gabriel""]",\N,\N,\N,\N,\N,\N
025f7,"Rosario, Eddie",RF,(N/A),\N,"[""rosario eddie""]",\N,\N,\N,\N,\N,\N
074a2,"Pereira, Santiago",C,SEA,\N,"[""pereira santiago""]",\N,\N,\N,\N,\N,\N
074a0,"Hidalgo, Gabriel",SP,SEA,\N,"[""hidalgo gabriel""]",\N,\N,\N,\N,\N,\N
074a1,"Martinez, Carlos",SP,SEA,\N,[],\N,\N,\N,\N,\N,\N
05ra1,"Dunhurst, Hayden",C,(N/A),\N,"[""dunhurst hayden""]",\N,\N,\N,\N,\N,\N
02j6w,"Urena, Jose",RP,(N/A),\N,"[""urena jose""]",\N,\N,\N,\N,\N,\N
02j77,"Martin, Chris",RP,TEX,\N,"[""martin chris""]",\N,\N,\N,\N,\N,\N
060yx,"Pena, Yordalin",CF,STL,\N,"[""pena yordalin""]",\N,\N,\N,\N,\N,\N
060yv,"Alston, Garvin",RP,(N/A),\N,"[""alston garvin""]",\N,\N,\N,\N,\N,\N
060yu,"De La Cruz, Michael",C,(N/A),\N,[],\N,\N,\N,\N,\N,\N
060yp,"Mendez, Alberto",2B,(N/A),\N,"[""mendez alberto""]",\N,\N,\N,\N,\N,\N
060yo,"Hoopii-Tuionetoa, Anthony",RP,(N/A),\N,"[""hoopii tuionetoa anthony""]",\N,\N,\N,\N,\N,\N
060yr,"DeLabio, Jacob",RP,(N/A),\N,"[""delabio jacob""]",\N,\N,\N,\N,\N,\N
060yq,"John, Yorfran",SS,(N/A),\N,"[""john yorfran""]",\N,\N,\N,\N,\N,\N
05rc5,"Johnson, Termarr",2B,PIT,\N,"[""johnson termarr""]",\N,\N,\N,\N,\N,\N
05ras,"Cowser, Colton",CF,BAL,\N,"[""cowser colton""]",\N,\N,\N,\N,\N,\N
05rc2,"Valdez, Malvin",LF,(N/A),\N,"[""valdez malvin""]",\N,\N,\N,\N,\N,\N
05rc3,"Yoshida, Masataka",DH,BOS,\N,"[""yoshida masataka""]",\N,\N,\N,\N,\N,\N
05raq,"Moore, Robert",2B,PHI,\N,"[""moore robert""]",\N,\N,\N,\N,\N,\N
05rc0,"DiValerio, Jordan",SP,(N/A),\N,"[""divalerio jordan""]",\N,\N,\N,\N,\N,\N
05rc1,"Endersby, Jimmy",SP,(N/A),\N,"[""endersby jimmy""]",\N,\N,\N,\N,\N,\N
06uf2,"King, Luis Ramon",CF,KC,\N,"[""king luis ramon""]",\N,\N,\N,\N,\N,\N
074af,"Lira, Tony",1B,(N/A),\N,"[""lira tony""]",\N,\N,\N,\N,\N,\N
074ad,"Toro, Edgardo",CF,SEA,\N,"[""toro edgardo""]",\N,\N,\N,\N,\N,\N
074ae,"Rosario, Leomar",SP,HOU,\N,"[""rosario leomar""]",\N,\N,\N,\N,\N,\N
074ab,"Jimenez, Emilio",SP,STL,\N,"[""jimenez emilio""]",\N,\N,\N,\N,\N,\N
074ac,"Ishikawa, Kenny",CF,CIN,\N,"[""ishikawa kenny""]",\N,\N,\N,\N,\N,\N
074aa,"Moronta, Rafeli",SP,STL,\N,"[""moronta rafeli""]",\N,\N,\N,\N,\N,\N
02yxi,"Adams, Austin",RP,(N/A),\N,"[""adams austin""]",\N,\N,\N,\N,\N,\N
05rb7,"Morrobel, Yeison",RF,TEX,\N,"[""morrobel yeison""]",\N,\N,\N,\N,\N,\N
06ucw,"Davies, Drew",1B,CIN,\N,"[""davies drew""]",\N,\N,\N,\N,\N,\N
05rb5,"Franklin, Christian",CF,BAL,\N,"[""franklin christian""]",\N,\N,\N,\N,\N,\N
05rb6,"Reed, Tyree",LF,(N/A),\N,"[""reed tyree""]",\N,\N,\N,\N,\N,\N
05rb3,"Burns, Chase",SP,CIN,\N,"[""burns chase""]",\N,\N,\N,\N,\N,\N
05rb4,"Bachman, Sam",RP,LAA,\N,"[""bachman sam""]",\N,\N,\N,\N,\N,\N
05rb1,"Frelick, Sal",RF,MIL,\N,"[""frelick sal""]",\N,\N,\N,\N,\N,\N
05rb2,"Cannon, Jonathan",SP,CHW,\N,"[""cannon jonathan""]",\N,\N,\N,\N,\N,\N
05rb0,"Jobe, Jackson",SP,DET,\N,"[""jobe jackson""]",\N,\N,\N,\N,\N,\N
074a8,"Fernandez, Brandol",SP,COL,\N,"[""fernandez brandol""]",\N,\N,\N,\N,\N,\N
074a9,"Beltran, Jordan",SP,STL,\N,"[""beltran jordan""]",\N,\N,\N,\N,\N,\N
074a6,"Alana, Daniel",C,SEA,\N,"[""alana daniel""]",\N,\N,\N,\N,\N,\N
074a7,"Hernandez, Carlos",SS,CIN,\N,[],\N,\N,\N,\N,\N,\N
06ubv,"Palma, Alberth",SS,TB,\N,"[""palma alberth""]",\N,\N,\N,\N,\N,\N
074a5,"Recio, Ambeiro",CF,SEA,\N,"[""recio ambeiro""]",\N,\N,\N,\N,\N,\N
02hqe,"Emanuel, Kent",RP,CIN,\N,"[""emanuel kent""]",\N,\N,\N,\N,\N,\N
0629b,"Urena, Walbert",SP,LAA,\N,"[""urena walbert""]",\N,\N,\N,\N,\N,\N
0629a,"Gauthier, Austin",2B,LAD,\N,"[""gauthier austin""]",\N,\N,\N,\N,\N,\N
060wd,"Yanel Diaz, Luis",SS,(N/A),\N,"[""yanel diaz luis""]",\N,\N,\N,\N,\N,\N
060vy,"Basabe, Edgar",CF,(N/A),\N,"[""basabe edgar""]",\N,\N,\N,\N,\N,\N
060vz,"Devers, Luis",SP,(N/A),\N,"[""devers luis""]",\N,\N,\N,\N,\N,\N
060vu,"Chace, Moises",SP,PHI,\N,"[""chace moises""]",\N,\N,\N,\N,\N,\N
060vw,"Perez, Railin",RP,HOU,\N,"[""perez railin""]",\N,\N,\N,\N,\N,\N
02j2u,"Naquin, Tyler",RP,(N/A),\N,"[""naquin tyler""]",\N,\N,\N,\N,\N,\N
060x3,"Peguero, Antony",RF,(N/A),\N,"[""peguero antony""]",\N,\N,\N,\N,\N,\N
04nx3,"India, Jonathan",2B,KC,\N,"[""india jonathan""]",\N,\N,\N,\N,\N,\N
060x2,"Hernandez, Alberto",2B,HOU,\N,"[""hernandez alberto""]",\N,\N,\N,\N,\N,\N
060x5,"Peralta, Luis",RP,CHC,\N,"[""peralta luis""]",\N,\N,\N,\N,\N,\N
060x4,"Sanabria, Jose",3B,(N/A),\N,"[""sanabria jose""]",\N,\N,\N,\N,\N,\N
04nx4,"Gil, Mateo",SS,(N/A),\N,"[""gil mateo""]",\N,\N,\N,\N,\N,\N
060x1,"Abreu, Wilyer",RF,BOS,\N,"[""abreu wilyer""]",\N,\N,\N,\N,\N,\N
04nx1,"Hjelle, Sean",RP,(N/A),\N,"[""hjelle sean""]",\N,\N,\N,\N,\N,\N
02j2m,"Romano, Sal",RP,(N/A),\N,"[""romano sal""]",\N,\N,\N,\N,\N,\N
060x0,"Nowlin, Jaylen",RP,MIN,\N,"[""nowlin jaylen""]",\N,\N,\N,\N,\N,\N
025kq,"Hutchison, Drew",RP,(N/A),\N,"[""hutchison drew""]",\N,\N,\N,\N,\N,\N
060ve,"Naughton, Tim",RP,(N/A),\N,"[""naughton tim""]",\N,\N,\N,\N,\N,\N
060vg,"Brooks, Jake",SP,COL,\N,"[""brooks jake""]",\N,\N,\N,\N,\N,\N
060vb,"Demurias, Eddy",RP,(N/A),\N,"[""demurias eddy""]",\N,\N,\N,\N,\N,\N
025ko,"Wilson, Justin",RP,(N/A),\N,"[""wilson justin""]",\N,\N,\N,\N,\N,\N
02hq8,"Wick, Rowan",RP,SF,\N,"[""wick rowan""]",\N,\N,\N,\N,\N,\N
073xx,"Ungar, Alex",RF,(N/A),\N,"[""ungar alex""]",\N,\N,\N,\N,\N,\N
073xy,"Merite, Ryjeteri",SP,CIN,\N,"[""merite ryjeteri""]",\N,\N,\N,\N,\N,\N
073xw,"Siguenza, Kason",SS,LAA,\N,"[""siguenza kason""]",\N,\N,\N,\N,\N,\N
060uv,"Pineda, Leandro",RF,WSH,\N,"[""pineda leandro""]",\N,\N,\N,\N,\N,\N
060w8,"Timpanelli, Vin",RP,(N/A),\N,"[""timpanelli vin""]",\N,\N,\N,\N,\N,\N
060w7,"Cruz, Reynardo",RP,CIN,\N,"[""cruz reynardo""]",\N,\N,\N,\N,\N,\N
02j36,"Hinojosa, C.J.",SS,(N/A),\N,"[""hinojosa c j""]",\N,\N,\N,\N,\N,\N
025kd,"Quintana, Jose",SP,COL,\N,"[""quintana jose""]",\N,\N,\N,\N,\N,\N
060up,"Ingram, Kolton",RP,(N/A),\N,"[""ingram kolton""]",\N,\N,\N,\N,\N,\N
060w2,"Baldallo, Dayker",SS,(N/A),\N,"[""baldallo dayker""]",\N,\N,\N,\N,\N,\N
060w1,"Perez, Samuel",RP,(N/A),\N,"[""perez samuel""]",\N,\N,\N,\N,\N,\N
060w4,"Sanchez, Yanquiel",RP,(N/A),\N,"[""sanchez yanquiel""]",\N,\N,\N,\N,\N,\N
060ur,"Collado, Maick",1B,CLE,\N,"[""collado maick""]",\N,\N,\N,\N,\N,\N
04nur,"Serrano, Florencio",RP,(N/A),\N,"[""serrano florencio""]",\N,\N,\N,\N,\N,\N
060w3,"Encarnacion, Yamal",RF,HOU,\N,"[""encarnacion yamal""]",\N,\N,\N,\N,\N,\N
060ul,"Carey, Jack",RP,(N/A),\N,"[""carey jack""]",\N,\N,\N,\N,\N,\N
060uk,"Anderson, Jack",RP,MIN,\N,"[""anderson jack""]",\N,\N,\N,\N,\N,\N
060w0,"Sequeira, Gabriel",RP,(N/A),\N,"[""sequeira gabriel""]",\N,\N,\N,\N,\N,\N
060yn,"Lara, Luis",CF,MIL,\N,"[""lara luis""]",\N,\N,\N,\N,\N,\N
060yf,"Bernal, Jonatan",RP,ARI,\N,"[""bernal jonatan""]",\N,\N,\N,\N,\N,\N
060xw,"Misiaszek, Andrew",RP,(N/A),\N,"[""misiaszek andrew""]",\N,\N,\N,\N,\N,\N
060xy,"Gerardo, Jose",RP,(N/A),\N,"[""gerardo jose""]",\N,\N,\N,\N,\N,\N
060xx,"Artiles, Reny",RP,(N/A),\N,"[""artiles reny""]",\N,\N,\N,\N,\N,\N
060z3,"Okugawa, Yasunobu",SP,(N/A),\N,"[""okugawa yasunobu""]",\N,\N,\N,\N,\N,\N
05qzx,"Zerpa, Angel",RP,MIL,\N,"[""zerpa angel""]",\N,\N,\N,\N,\N,\N
0629r,"Elliott, Hunter",SP,(N/A),\N,"[""elliott hunter""]",\N,\N,\N,\N,\N,\N
060y0,"Smelley, Colby",C,(N/A),\N,"[""smelley colby""]",\N,\N,\N,\N,\N,\N
04p9n,"Walsh, Jared",1B,(N/A),\N,"[""walsh jared""]",\N,\N,\N,\N,\N,\N
060wn,"Gil, Samuel",2B,DET,\N,"[""gil samuel""]",\N,\N,\N,\N,\N,\N
03m6o,"Diaz, Yandy",DH,TB,\N,"[""diaz yandy""]",\N,\N,\N,\N,\N,\N
060y1,"Benschoter, Sam",RP,CIN,\N,"[""benschoter sam""]",\N,\N,\N,\N,\N,\N
06cgi,"Virahonda, Carlos",C,ARI,\N,"[""virahonda carlos""]",\N,\N,\N,\N,\N,\N
06cgf,"Thompson, Darrell",RP,(N/A),\N,"[""thompson darrell""]",\N,\N,\N,\N,\N,\N
06cgg,"Amick, Billy",1B,NYM,\N,"[""amick billy""]",\N,\N,\N,\N,\N,\N
06cge,"Presinal, Yimi",RP,KC,\N,"[""presinal yimi""]",\N,\N,\N,\N,\N,\N
04naz,"Holton, Tyler",RP,DET,\N,"[""holton tyler""]",\N,\N,\N,\N,\N,\N
04nay,"Baum, Tyler",RP,WSH,\N,"[""baum tyler""]",\N,\N,\N,\N,\N,\N
04nat,"Anello, Nick",RP,(N/A),\N,"[""anello nick""]",\N,\N,\N,\N,\N,\N
04nau,"Candelario, Wilmin",SS,(N/A),\N,"[""candelario wilmin""]",\N,\N,\N,\N,\N,\N
06cez,"Horn, Sam",SP,LAD,\N,"[""horn sam""]",\N,\N,\N,\N,\N,\N
06cex,"Lorenzo, Abel",RF,LAD,\N,"[""lorenzo abel""]",\N,\N,\N,\N,\N,\N
06cey,"Perez, Adonys",SP,ARI,\N,"[""perez adonys""]",\N,\N,\N,\N,\N,\N
06cev,"Lara, Jhancarlos",RP,WSH,\N,"[""lara jhancarlos""]",\N,\N,\N,\N,\N,\N
06cew,"Pereira, Sandro",2B,HOU,\N,"[""pereira sandro""]",\N,\N,\N,\N,\N,\N
06tfz,"Belen, Marcos",CF,CLE,\N,"[""belen marcos""]",\N,\N,\N,\N,\N,\N
06tfy,"Guerrero, Oliver",DH,TEX,\N,"[""guerrero oliver""]",\N,\N,\N,\N,\N,\N
06tl8,"Snyder, Jack",RP,(N/A),\N,"[""snyder jack""]",\N,\N,\N,\N,\N,\N
06tl9,"Thompson, Paxton",RP,(N/A),\N,"[""thompson paxton""]",\N,\N,\N,\N,\N,\N
06tl7,"Reyes, Jean",RP,(N/A),\N,"[""reyes jean""]",\N,\N,\N,\N,\N,\N
06tl4,"Carrillo, Alvaro",RP,(N/A),\N,"[""carrillo alvaro""]",\N,\N,\N,\N,\N,\N
06tl5,"Carrillo, Alex",RP,SF,\N,"[""carrillo alex""]",\N,\N,\N,\N,\N,\N
06tl2,"Moreno, Johan",SP,(N/A),\N,[],\N,\N,\N,\N,\N,\N
06tl1,"Rivero, Angel",SP,LAA,\N,"[""rivero angel""]",\N,\N,\N,\N,\N,\N
073ft,"Fredrikze, Tijn",SP,NYY,\N,"[""fredrikze tijn""]",\N,\N,\N,\N,\N,\N
073ag,"Cuello, Alexander",SS,CIN,\N,"[""cuello alexander""]",\N,\N,\N,\N,\N,\N
073af,"Ramirez, Angel",CF,WSH,\N,[],\N,\N,\N,\N,\N,\N
04nb5,"Barco, Hunter",RP,PIT,\N,"[""barco hunter""]",\N,\N,\N,\N,\N,\N
04nb4,"Hinds, Rece",RF,BAL,\N,"[""hinds rece""]",\N,\N,\N,\N,\N,\N
06th7,"Vinyard, Mason",RP,MIA,\N,"[""vinyard mason""]",\N,\N,\N,\N,\N,\N
04nb2,"Greene, Riley",LF,DET,\N,"[""greene riley""]",\N,\N,\N,\N,\N,\N
06cf5,"Vargas, Jhocsuanth",C,TEX,\N,"[""vargas jhocsuanth""]",\N,\N,\N,\N,\N,\N
06cf4,"Cabrera, Roni",RF,KC,\N,"[""cabrera roni""]",\N,\N,\N,\N,\N,\N
06cf1,"Ledesma, Bairon",2B,(N/A),\N,"[""ledesma bairon""]",\N,\N,\N,\N,\N,\N
06ce9,"Batista, Aldrin",RP,CHW,\N,"[""batista aldrin""]",\N,\N,\N,\N,\N,\N
06tf8,"Bauer, Jack",SP,(N/A),\N,"[""bauer jack""]",\N,\N,\N,\N,\N,\N
06tf9,"Middleton, JB",SP,COL,\N,"[""middleton jb""]",\N,\N,\N,\N,\N,\N
06cq3,"Musett, Andruw",C,BOS,\N,"[""musett andruw""]",\N,\N,\N,\N,\N,\N
06con,"Diaz, Angel",C,(N/A),\N,"[""diaz angel""]",\N,\N,\N,\N,\N,\N
06col,"Overn, Austin",CF,TB,\N,"[""overn austin""]",\N,\N,\N,\N,\N,\N
06com,"Javier, Ismael",SS,(N/A),\N,"[""javier ismael""]",\N,\N,\N,\N,\N,\N
06v2z,"Andujar, Luis",RP,BAL,\N,"[""andujar luis""]",\N,\N,\N,\N,\N,\N
02hdy,"Johnson, Pierce",RP,CIN,\N,"[""johnson pierce""]",\N,\N,\N,\N,\N,\N
06v2x,"De La Rosa, Jose",RP,SF,\N,[],\N,\N,\N,\N,\N,\N
02hds,"Greene, Shane",RP,(N/A),\N,"[""greene shane""]",\N,\N,\N,\N,\N,\N
06v2y,"De La Cruz, Jose",3B,HOU,\N,[],\N,\N,\N,\N,\N,\N
06v2v,"Hughes, Grif",RP,COL,\N,"[""hughes grif""]",\N,\N,\N,\N,\N,\N
06v2w,"Geraldo, Jose",RP,SEA,\N,[],\N,\N,\N,\N,\N,\N
06v2t,"Davis, Dalton",1B,SEA,\N,"[""davis dalton""]",\N,\N,\N,\N,\N,\N
060jp,"Brown, Eric",2B,MIL,\N,"[""brown eric""]",\N,\N,\N,\N,\N,\N
06v2u,"Useche, Miguel",C,CHC,\N,"[""useche miguel""]",\N,\N,\N,\N,\N,\N
06v2r,"Garcia, Brett",RP,(N/A),\N,"[""garcia brett""]",\N,\N,\N,\N,\N,\N
06v2s,"DeCarlo, Nick",RP,(N/A),\N,"[""decarlo nick""]",\N,\N,\N,\N,\N,\N
06v2p,"Moreno, Johan",RP,SD,\N,[],\N,\N,\N,\N,\N,\N
06v2q,"Matos, Dwayne",SP,(N/A),\N,"[""matos dwayne""]",\N,\N,\N,\N,\N,\N
060jo,"Smith, Cam",RF,HOU,\N,"[""smith cam""]",\N,\N,\N,\N,\N,\N
06v2n,"Pulido, Sebastian",RP,(N/A),\N,"[""pulido sebastian""]",\N,\N,\N,\N,\N,\N
06v2o,"Pimentel, Luis",RP,CIN,\N,"[""pimentel luis""]",\N,\N,\N,\N,\N,\N
06v2l,"Ramos, Anderson",RP,MIN,\N,"[""ramos anderson""]",\N,\N,\N,\N,\N,\N
06v2m,"Ramirez, Ruben",RP,SEA,\N,"[""ramirez ruben""]",\N,\N,\N,\N,\N,\N
"10260#30",Team Hitting,TmH,\N,\N,[],\N,\N,\N,\N,\N,\N
06v2j,"Rodriguez, Darwin",SP,KC,\N,[],\N,\N,\N,\N,\N,\N
06v2k,"Reyes, Jhon",RP,KC,\N,"[""reyes jhon""]",\N,\N,\N,\N,\N,\N
06v2h,"Paulino, Wilmis",RP,COL,\N,"[""paulino wilmis""]",\N,\N,\N,\N,\N,\N
06v2i,"Rodriguez, Geury",RP,TEX,\N,"[""rodriguez geury""]",\N,\N,\N,\N,\N,\N
06tpi,"Lara, Bryan",SP,LAD,\N,"[""lara bryan""]",\N,\N,\N,\N,\N,\N
06cp7,"Beltran, Gustavo",SS,(N/A),\N,"[""beltran gustavo""]",\N,\N,\N,\N,\N,\N
06v2f,"Obispo, Emilio",SP,NYM,\N,"[""obispo emilio""]",\N,\N,\N,\N,\N,\N
06cp8,"Semerite, Moises",SS,ATL,\N,"[""semerite moises""]",\N,\N,\N,\N,\N,\N
06v2g,"Pena, Ayendy",RP,CIN,\N,"[""pena ayendy""]",\N,\N,\N,\N,\N,\N
06cp5,"De La Cruz, Jancory",LF,MIA,\N,"[""de la cruz jancory""]",\N,\N,\N,\N,\N,\N
06v2d,"Morales, Moises",RP,TEX,\N,"[""morales moises""]",\N,\N,\N,\N,\N,\N
06cp6,"Sierra, Juan",RF,HOU,\N,"[""sierra juan""]",\N,\N,\N,\N,\N,\N
06v2e,"Paulino, Alexis",RP,(N/A),\N,"[""paulino alexis""]",\N,\N,\N,\N,\N,\N
06v2b,"Meza, Moises",SP,COL,\N,"[""meza moises""]",\N,\N,\N,\N,\N,\N
06v2c,"Montero, Darlyn",1B,(N/A),\N,"[""montero darlyn""]",\N,\N,\N,\N,\N,\N
02yg3,"Montas, Frankie",SP,(N/A),\N,"[""montas frankie""]",\N,\N,\N,\N,\N,\N
06v2a,"Medina, Raimel",LF,KC,\N,"[""medina raimel""]",\N,\N,\N,\N,\N,\N
06v1w,"Barr, Matt",SP,MIN,\N,"[""barr matt""]",\N,\N,\N,\N,\N,\N
06v1x,"Smith, Tyler",2B,(N/A),\N,"[""smith tyler""]",\N,\N,\N,\N,\N,\N
06v1u,"Coba, Jhonan",SP,DET,\N,"[""coba jhonan""]",\N,\N,\N,\N,\N,\N
06v35,"Contreras, Freddy",SP,KC,\N,"[""contreras freddy""]",\N,\N,\N,\N,\N,\N
060io,"Doty, Christian",SS,(N/A),\N,"[""doty christian""]",\N,\N,\N,\N,\N,\N
06v31,"Pimentel, Antonio",LF,PIT,\N,"[""pimentel antonio""]",\N,\N,\N,\N,\N,\N
06v32,"Sanchez, Samuell",LF,DET,\N,"[""sanchez samuell""]",\N,\N,\N,\N,\N,\N
060in,"Franco, Noah",1B,(N/A),\N,"[""franco noah""]",\N,\N,\N,\N,\N,\N
06v30,"Gonzalez, Jose",1B,LAD,\N,[],\N,\N,\N,\N,\N,\N
06cmz,"Monzon, Jose",3B,TB,\N,"[""monzon jose""]",\N,\N,\N,\N,\N,\N
060ih,"Melendez, Ivan",1B,(N/A),\N,"[""melendez ivan""]",\N,\N,\N,\N,\N,\N
060ig,"Beam, Drew",SP,KC,\N,"[""beam drew""]",\N,\N,\N,\N,\N,\N
06cmy,"Gonzalez, Josue",1B,NYY,\N,"[""gonzalez josue""]",\N,\N,\N,\N,\N,\N
060if,"Kasevich, Josh",SS,TOR,\N,"[""kasevich josh""]",\N,\N,\N,\N,\N,\N
06cmp,"Paredes, Wilkin",SP,ARI,\N,"[""paredes wilkin""]",\N,\N,\N,\N,\N,\N
06cmq,"Medina, Elias",RF,LAD,\N,"[""medina elias""]",\N,\N,\N,\N,\N,\N
06cqp,"Rodriguez, Wuilliams",RP,BOS,\N,[],\N,\N,\N,\N,\N,\N
06cqq,"Nunez, Starlyn",SS,BOS,\N,"[""nunez starlyn""]",\N,\N,\N,\N,\N,\N
06cqn,"Hernandez, Roynier",2B,COL,\N,"[""hernandez roynier""]",\N,\N,\N,\N,\N,\N
06cqo,"Nieblas, Angel",3B,(N/A),\N,"[""nieblas angel""]",\N,\N,\N,\N,\N,\N
06cql,"George, Kendall",CF,LAD,\N,"[""george kendall""]",\N,\N,\N,\N,\N,\N
06cqm,"Naylor, Myles",3B,ATH,\N,"[""naylor myles""]",\N,\N,\N,\N,\N,\N
06cqj,"Greenhouse, Mason",LF,(N/A),\N,"[""greenhouse mason""]",\N,\N,\N,\N,\N,\N
06v4z,"Bayles, Max",SP,MIN,\N,"[""bayles max""]",\N,\N,\N,\N,\N,\N
06cqk,"Serna, Omar",C,(N/A),\N,"[""serna omar""]",\N,\N,\N,\N,\N,\N
060n8,"Helmig, Lou",RF,(N/A),\N,"[""helmig lou""]",\N,\N,\N,\N,\N,\N
06cqh,"Fuller, Chase",SS,(N/A),\N,"[""fuller chase""]",\N,\N,\N,\N,\N,\N
06v4x,"Tinney, Carson",C,MIN,\N,"[""tinney carson""]",\N,\N,\N,\N,\N,\N
06cqi,"Hammond, Josh",SS,KC,\N,"[""hammond josh""]",\N,\N,\N,\N,\N,\N
06v4y,"Nickens, Cameron",LF,STL,\N,"[""nickens cameron""]",\N,\N,\N,\N,\N,\N
073q7,"Head, Ty",CF,BAL,\N,"[""head ty""]",\N,\N,\N,\N,\N,\N
06v68,"Torres, Luis",RP,TOR,\N,[],\N,\N,\N,\N,\N,\N
06cqg,"Johnson, Keon",SS,HOU,\N,"[""johnson keon""]",\N,\N,\N,\N,\N,\N
06v69,"Picone, Domenic",RP,STL,\N,"[""picone domenic""]",\N,\N,\N,\N,\N,\N
06v4w,"Amparo, Yunior",1B,NYM,\N,"[""amparo yunior""]",\N,\N,\N,\N,\N,\N
06204,"Pierre, Louis",RF,(N/A),\N,"[""pierre louis""]",\N,\N,\N,\N,\N,\N
02yhb,"Castro, Luis",1B,(N/A),\N,"[""castro luis""]",\N,\N,\N,\N,\N,\N
06v66,"Moss, Wylan",SP,(N/A),\N,"[""moss wylan""]",\N,\N,\N,\N,\N,\N
02hfr,"Thielbar, Caleb",RP,CHC,\N,"[""thielbar caleb""]",\N,\N,\N,\N,\N,\N
06207,"Zazueta, Christian",SP,LAD,\N,"[""zazueta christian""]",\N,\N,\N,\N,\N,\N
06206,"Torres, Ervin",RP,(N/A),\N,"[""torres ervin""]",\N,\N,\N,\N,\N,\N
06v67,"Wood, Zeke",RP,STL,\N,"[""wood zeke""]",\N,\N,\N,\N,\N,\N
06cqb,"McCusker, Carson",RF,(N/A),\N,"[""mccusker carson""]",\N,\N,\N,\N,\N,\N
06201,"Rodriguez, Jose",RF,(N/A),\N,[],\N,\N,\N,\N,\N,\N
06v64,"Schaffner, Jake",SS,BOS,\N,"[""schaffner jake""]",\N,\N,\N,\N,\N,\N
06v4r,"Lujo, Rylan",3B,LAA,\N,"[""lujo rylan""]",\N,\N,\N,\N,\N,\N
06cqc,"Reynoso, Juan",RP,MIA,\N,"[""reynoso juan""]",\N,\N,\N,\N,\N,\N
06v65,"Wright, Garrett",C,LAA,\N,[],\N,\N,\N,\N,\N,\N
06200,"Cruz, John",RF,MIA,\N,"[""cruz john""]",\N,\N,\N,\N,\N,\N
06v62,"Mercurius, LJ",SP,ARI,\N,"[""mercurius lj""]",\N,\N,\N,\N,\N,\N
06203,"Oviedo, Eduardo",CF,(N/A),\N,"[""oviedo eduardo""]",\N,\N,\N,\N,\N,\N
06cqa,"Bowen, Karson",C,(N/A),\N,"[""bowen karson""]",\N,\N,\N,\N,\N,\N
06v63,"Tiroly, Joe",2B,SD,\N,"[""tiroly joe""]",\N,\N,\N,\N,\N,\N
06v4q,"Castellon, Nate",SS,(N/A),\N,"[""castellon nate""]",\N,\N,\N,\N,\N,\N
06202,"De La Rosa, Moises",RF,(N/A),\N,"[""de la rosa moises""]",\N,\N,\N,\N,\N,\N
06v60,"Portuondo, Roilan",RP,PIT,\N,"[""portuondo roilan""]",\N,\N,\N,\N,\N,\N
06v61,"Bailey, Carson",SP,(N/A),\N,"[""bailey carson""]",\N,\N,\N,\N,\N,\N
"10260#50",Team,Tm,\N,\N,[],\N,\N,\N,\N,\N,\N
060lb,"Kuhns, Tegan",SP,STL,\N,"[""kuhns tegan""]",\N,\N,\N,\N,\N,\N
060la,"Williams, Jett",3B,MIL,\N,"[""williams jett""]",\N,\N,\N,\N,\N,\N
04nky,"Larnach, Trevor",DH,MIN,\N,"[""larnach trevor""]",\N,\N,\N,\N,\N,\N
073nx,"Montas, Angel",3B,(N/A),\N,"[""montas angel""]",\N,\N,\N,\N,\N,\N
06v3y,"Verdugo, Jose",SS,SD,\N,"[""verdugo jose""]",\N,\N,\N,\N,\N,\N
060m8,"Cijntje, Jurrangelo",SP,STL,\N,"[""cijntje jurrangelo""]",\N,\N,\N,\N,\N,\N
073nv,"Basker, Braston",SS,(N/A),\N,"[""basker braston""]",\N,\N,\N,\N,\N,\N
06v3w,"Montano, Omar",SP,MIN,\N,"[""montano omar""]",\N,\N,\N,\N,\N,\N
073nw,"Ishigaki, Genki",SP,(N/A),\N,"[""ishigaki genki""]",\N,\N,\N,\N,\N,\N
06v3x,"Semprun, Yorber",2B,NYM,\N,"[""semprun yorber""]",\N,\N,\N,\N,\N,\N
06v3v,"De La Cruz, Nauris",CF,WSH,\N,"[""de la cruz nauris""]",\N,\N,\N,\N,\N,\N
02hg4,"Stroman, Marcus",SP,(N/A),\N,"[""stroman marcus""]",\N,\N,\N,\N,\N,\N
02yh9,"Alcantara, Sergio",SS,(N/A),\N,"[""alcantara sergio""]",\N,\N,\N,\N,\N,\N
"10260#40",Team Pitching,TmP,\N,\N,[],\N,\N,\N,\N,\N,\N
06v50,"Angulo, Alan",2B,KC,\N,"[""angulo alan""]",\N,\N,\N,\N,\N,\N
073nh,"Hernandez, Felipe",SP,NYY,\N,"[""hernandez felipe""]",\N,\N,\N,\N,\N,\N
02yh5,"Rosario, Amed",3B,NYY,\N,"[""rosario amed""]",\N,\N,\N,\N,\N,\N
073nf,"Ball, Ethan",2B,(N/A),\N,"[""ball ethan""]",\N,\N,\N,\N,\N,\N
06cq8,"Moore, Christian",2B,LAA,\N,"[""moore christian""]",\N,\N,\N,\N,\N,\N
073ng,"Aguayo, Aiden",SS,(N/A),\N,"[""aguayo aiden""]",\N,\N,\N,\N,\N,\N
06cq9,"Neighbors, Tyson",RP,BAL,\N,"[""neighbors tyson""]",\N,\N,\N,\N,\N,\N
073nd,"Garcia, Linkin",SS,(N/A),\N,"[""garcia linkin""]",\N,\N,\N,\N,\N,\N
06cq6,"Schoff, Tyler",RP,ATL,\N,"[""schoff tyler""]",\N,\N,\N,\N,\N,\N
073ne,"Dubovik, Dylan",RF,(N/A),\N,"[""dubovik dylan""]",\N,\N,\N,\N,\N,\N
06cq7,"King, Seaver",SS,WSH,\N,"[""king seaver""]",\N,\N,\N,\N,\N,\N
06cq4,"Caraway, Trent",3B,(N/A),\N,"[""caraway trent""]",\N,\N,\N,\N,\N,\N
073nc,"Tatsu, Kota",SP,(N/A),\N,"[""tatsu kota""]",\N,\N,\N,\N,\N,\N
06cq5,"Ager, Matt",SP,PIT,\N,"[""ager matt""]",\N,\N,\N,\N,\N,\N
04nkc,"Melean, Alejandro",RP,(N/A),\N,"[""melean alejandro""]",\N,\N,\N,\N,\N,\N
06ckl,"De Leon, Luis",SP,BAL,\N,[],\N,\N,\N,\N,\N,\N
060fy,"Baez, Luis",RF,(N/A),\N,"[""baez luis""]",\N,\N,\N,\N,\N,\N
06ckm,"Cohen, Abraham",CF,(N/A),\N,"[""cohen abraham""]",\N,\N,\N,\N,\N,\N
060fx,"Riggio, Roc",2B,COL,\N,"[""riggio roc""]",\N,\N,\N,\N,\N,\N
073k9,"Romero, Sebastian",LF,CHW,\N,"[""romero sebastian""]",\N,\N,\N,\N,\N,\N
060ft,"Clavon, Bryce",SS,(N/A),\N,"[""clavon bryce""]",\N,\N,\N,\N,\N,\N
073k7,"Kelly, Ronald",SP,CHW,\N,"[""kelly ronald""]",\N,\N,\N,\N,\N,\N
06tn8,"Perez, Michael",RP,MIA,\N,[],\N,\N,\N,\N,\N,\N
060fw,"Lantigua, Rafael",2B,(N/A),\N,"[""lantigua rafael""]",\N,\N,\N,\N,\N,\N
06tlv,"Gomez, Miguel",RP,(N/A),\N,"[""gomez miguel""]",\N,\N,\N,\N,\N,\N
073k8,"Marte, Yordany",SP,CHW,\N,"[""marte yordany""]",\N,\N,\N,\N,\N,\N
06tlw,"Clode, Jesus",RP,(N/A),\N,"[""clode jesus""]",\N,\N,\N,\N,\N,\N
060fv,"Alcantara, Raul",RP,(N/A),\N,"[""alcantara raul""]",\N,\N,\N,\N,\N,\N
06tn9,"Petri, Jorger",RP,DET,\N,"[""petri jorger""]",\N,\N,\N,\N,\N,\N
073k5,"Valdez, Stiwarts",LF,CHW,\N,"[""valdez stiwarts""]",\N,\N,\N,\N,\N,\N
06tn6,"Tineo, Riskiel",RP,(N/A),\N,"[""tineo riskiel""]",\N,\N,\N,\N,\N,\N
06tlt,"Ruta, Sam",3B,KC,\N,"[""ruta sam""]",\N,\N,\N,\N,\N,\N
073k6,"Vielma, Carlos",SS,COL,\N,"[""vielma carlos""]",\N,\N,\N,\N,\N,\N
06tlu,"Merrill, Matt",RP,(N/A),\N,"[""merrill matt""]",\N,\N,\N,\N,\N,\N
06tn7,"Umberger, Grant",SP,CHW,\N,"[""umberger grant""]",\N,\N,\N,\N,\N,\N
073k3,"Aponte, Jeremias",LF,CHW,\N,"[""aponte jeremias""]",\N,\N,\N,\N,\N,\N
06tn4,"Arroyo, Carlos",2B,(N/A),\N,"[""arroyo carlos""]",\N,\N,\N,\N,\N,\N
04nh5,"Ovalles, Alexander",CF,(N/A),\N,"[""ovalles alexander""]",\N,\N,\N,\N,\N,\N
06tlr,"Hess, Kyle",RF,(N/A),\N,"[""hess kyle""]",\N,\N,\N,\N,\N,\N
073k4,"Lebron, Felix",SS,CHW,\N,"[""lebron felix""]",\N,\N,\N,\N,\N,\N
06tls,"Herder, Jholbran",RP,LAD,\N,"[""herder jholbran""]",\N,\N,\N,\N,\N,\N
06tn5,"Sanchez, Steven",RP,(N/A),\N,"[""sanchez steven""]",\N,\N,\N,\N,\N,\N
06tlp,"King, Chuck",SP,PHI,\N,"[""king chuck""]",\N,\N,\N,\N,\N,\N
073k2,"Natera, Diego",C,CHW,\N,"[""natera diego""]",\N,\N,\N,\N,\N,\N
06tlq,"Mercedes, Juan",RP,(N/A),\N,[],\N,\N,\N,\N,\N,\N
06tln,"Jose, Bernard",RP,SD,\N,"[""jose bernard""]",\N,\N,\N,\N,\N,\N
06tlo,"Geraldo, Jose",RP,(N/A),\N,[],\N,\N,\N,\N,\N,\N
04nfi,"Cruz, Fadriel",SS,(N/A),\N,"[""cruz fadriel""]",\N,\N,\N,\N,\N,\N
06tll,"White, Jack",RP,SEA,\N,"[""white jack""]",\N,\N,\N,\N,\N,\N
06tlm,"Lugo, Alejandro",RP,(N/A),\N,"[""lugo alejandro""]",\N,\N,\N,\N,\N,\N
06tlj,"Simeon, Victor",RP,TEX,\N,"[""simeon victor""]",\N,\N,\N,\N,\N,\N
06tlk,"Vasquez, Samuel",RP,MIA,\N,"[""vasquez samuel""]",\N,\N,\N,\N,\N,\N
06tlh,"Adams, Cooper",RP,BOS,\N,"[""adams cooper""]",\N,\N,\N,\N,\N,\N
02yc4,"Ohtani, Shohei",DH,LAD,\N,"[""ohtani shohei""]",\N,\N,\N,\N,\N,\N
06tli,"Griswold, Rob",RP,(N/A),\N,"[""griswold rob""]",\N,\N,\N,\N,\N,\N
06tlf,"Kirkpatrick, Jackson",RP,CHC,\N,"[""kirkpatrick jackson""]",\N,\N,\N,\N,\N,\N
06tlg,"Bell, Ethan",RP,CHC,\N,"[""bell ethan""]",\N,\N,\N,\N,\N,\N
06tld,"Kuncl, Trevor",RP,CIN,\N,"[""kuncl trevor""]",\N,\N,\N,\N,\N,\N
06tle,"Ascanio, Johnny",2B,CIN,\N,"[""ascanio johnny""]",\N,\N,\N,\N,\N,\N
06tlb,"Jimenez, Marco",RP,DET,\N,"[""jimenez marco""]",\N,\N,\N,\N,\N,\N
06tlc,"Brown, Cam",RP,(N/A),\N,[],\N,\N,\N,\N,\N,\N
06tla,"Ash, Konnor",RP,(N/A),\N,"[""ash konnor""]",\N,\N,\N,\N,\N,\N
06tm9,"Urbaez, Geison",RP,(N/A),\N,"[""urbaez geison""]",\N,\N,\N,\N,\N,\N
060g6,"Hines, Hunter",1B,WSH,\N,"[""hines hunter""]",\N,\N,\N,\N,\N,\N
060es,"Futrell, Devin",SP,BOS,\N,"[""futrell devin""]",\N,\N,\N,\N,\N,\N
060g5,"Green, Payton",SS,MIA,\N,"[""green payton""]",\N,\N,\N,\N,\N,\N
06tm7,"Terrero, Robert",SP,ARI,\N,"[""terrero robert""]",\N,\N,\N,\N,\N,\N
06tm8,"Thurman, Grayson",RP,(N/A),\N,"[""thurman grayson""]",\N,\N,\N,\N,\N,\N
060eu,"Joyce, Ben",RP,LAA,\N,"[""joyce ben""]",\N,\N,\N,\N,\N,\N
060g1,"Gelof, Jake",3B,LAD,\N,"[""gelof jake""]",\N,\N,\N,\N,\N,\N
060eq,"Kingsbury, Jimmy",RP,SEA,\N,"[""kingsbury jimmy""]",\N,\N,\N,\N,\N,\N
06tko,"Garcia, Adrian",2B,(N/A),\N,"[""garcia adrian""]",\N,\N,\N,\N,\N,\N
060g0,"Rodriguez, Pedro",RP,NYY,\N,"[""rodriguez pedro""]",\N,\N,\N,\N,\N,\N
06ciz,"Soler, Yassel",3B,ARI,\N,"[""soler yassel""]",\N,\N,\N,\N,\N,\N
073hk,"Fogel, Adam",RF,CHW,\N,"[""fogel adam""]",\N,\N,\N,\N,\N,\N
06ciy,"Dufault, Brandon",SP,(N/A),\N,"[""dufault brandon""]",\N,\N,\N,\N,\N,\N
06tkj,"Valdez, Jonawel",RP,MIA,\N,"[""valdez jonawel""]",\N,\N,\N,\N,\N,\N
06cmn,"Hernandez, Alix",RP,SF,\N,"[""hernandez alix""]",\N,\N,\N,\N,\N,\N
06cmo,"Luna, Jorge",SP,NYY,\N,"[""luna jorge""]",\N,\N,\N,\N,\N,\N
06cmh,"Tallon, James",RP,PHI,\N,"[""tallon james""]",\N,\N,\N,\N,\N,\N
06cmi,"Russell, AJ",SP,TEX,\N,"[""russell aj""]",\N,\N,\N,\N,\N,\N
06cmf,"Voit, Mitch",SS,NYM,\N,"[""voit mitch""]",\N,\N,\N,\N,\N,\N
06v28,"Betances, Yelinson",CF,LAA,\N,"[""betances yelinson""]",\N,\N,\N,\N,\N,\N
06cmg,"Maldonado, Cam",RF,SF,\N,"[""maldonado cam""]",\N,\N,\N,\N,\N,\N
06v29,"Marquez, Edinzo",SP,NYY,\N,"[""marquez edinzo""]",\N,\N,\N,\N,\N,\N
060hr,"Glendinning, Robbie",SS,(N/A),\N,"[""glendinning robbie""]",\N,\N,\N,\N,\N,\N
060hu,"Boushley, Caleb",RP,(N/A),\N,"[""boushley caleb""]",\N,\N,\N,\N,\N,\N
06v26,"German, Marconi",2B,WSH,\N,"[""german marconi""]",\N,\N,\N,\N,\N,\N
06cme,"Abeldt, Ben",RP,TEX,\N,"[""abeldt ben""]",\N,\N,\N,\N,\N,\N
06v27,"Portolatin, Yeferson",2B,STL,\N,"[""portolatin yeferson""]",\N,\N,\N,\N,\N,\N
06v24,"Morao, Jhonny",RP,(N/A),\N,"[""morao jhonny""]",\N,\N,\N,\N,\N,\N
06cmc,"Rios, Alberto",C,LAA,\N,"[""rios alberto""]",\N,\N,\N,\N,\N,\N
06v25,"Santana, Jose",SS,LAA,\N,"[""santana jose""]",\N,\N,\N,\N,\N,\N
06v22,"Cova, Jesus",SP,ATL,\N,"[""cova jesus""]",\N,\N,\N,\N,\N,\N
06v23,"Rodriguez, Alex",LF,TEX,\N,"[""rodriguez alex""]",\N,\N,\N,\N,\N,\N
060hm,"Lewis, Cory",RP,MIN,\N,"[""lewis cory""]",\N,\N,\N,\N,\N,\N
073ke,"Pack Jr., Anthony",RF,(N/A),\N,"[""pack jr anthony""]",\N,\N,\N,\N,\N,\N
073kf,"Blair, Ben",SP,TB,\N,"[""blair ben""]",\N,\N,\N,\N,\N,\N
073kc,"Armstrong, Tyce",1B,NYY,\N,"[""armstrong tyce""]",\N,\N,\N,\N,\N,\N
073kd,"Lodise, Jordan",SS,(N/A),\N,"[""lodise jordan""]",\N,\N,\N,\N,\N,\N
06cn3,"Cruz, Angel",RP,LAD,\N,[],\N,\N,\N,\N,\N,\N
06cn1,"Lin, Chen-Wei",SP,STL,\N,"[""lin chen wei""]",\N,\N,\N,\N,\N,\N
06clo,"Zerpa, Jose",RP,SEA,\N,"[""zerpa jose""]",\N,\N,\N,\N,\N,\N
06cn2,"Murphy, John",RP,(N/A),\N,"[""murphy john""]",\N,\N,\N,\N,\N,\N
06cn0,"Ramirez, Ramon",C,KC,\N,"[""ramirez ramon""]",\N,\N,\N,\N,\N,\N
0008c,"Hill, Rich",SP,(N/A),\N,"[""hill rich""]",\N,\N,\N,\N,\N,\N
04ni4,"Jimenez, Leo",SS,MIA,\N,"[""jimenez leo""]",\N,\N,\N,\N,\N,\N
04ni3,"Garcia, Luis",SP,NYY,\N,[],\N,\N,\N,\N,\N,\N
04ni5,"Basabe, Osleivis",SS,SF,\N,"[""basabe osleivis""]",\N,\N,\N,\N,\N,\N
060gn,"Franco, Carlos",C,ATH,\N,"[""franco carlos""]",\N,\N,\N,\N,\N,\N
060gm,"Semmel, Montana",RP,(N/A),\N,"[""semmel montana""]",\N,\N,\N,\N,\N,\N
060i2,"Bennett, Jake",SP,BOS,\N,[],\N,\N,\N,\N,\N,\N
060go,"Polanco, Bryan",SP,WSH,\N,"[""polanco bryan""]",\N,\N,\N,\N,\N,\N
060gj,"Gonzalez, Angel",RP,(N/A),\N,[],\N,\N,\N,\N,\N,\N
060gl,"Liendo, Ahbram",3B,BOS,\N,"[""liendo ahbram""]",\N,\N,\N,\N,\N,\N
060gk,"Rodriguez, Gabriel",RP,CHW,\N,[],\N,\N,\N,\N,\N,\N
060gf,"Isturiz, Eddy",LF,(N/A),\N,"[""isturiz eddy""]",\N,\N,\N,\N,\N,\N
060gh,"Pacheco, Carlos",RF,ATH,\N,"[""pacheco carlos""]",\N,\N,\N,\N,\N,\N
060gg,"Mazur, Adam",SP,MIA,\N,"[""mazur adam""]",\N,\N,\N,\N,\N,\N
02ybv,"Liberato, Luis",RF,(N/A),\N,"[""liberato luis""]",\N,\N,\N,\N,\N,\N
06tme,"Polanco, Dariel",RP,SD,\N,"[""polanco dariel""]",\N,\N,\N,\N,\N,\N
02yd1,"Polanco, Jorge",DH,NYM,\N,"[""polanco jorge""]",\N,\N,\N,\N,\N,\N
06tmc,"Polanco, Natanael",RP,MIA,\N,"[""polanco natanael""]",\N,\N,\N,\N,\N,\N
060gd,"Mathews, Quinn",SP,STL,\N,"[""mathews quinn""]",\N,\N,\N,\N,\N,\N
06tmd,"Polanco, Moises",2B,MIL,\N,"[""polanco moises""]",\N,\N,\N,\N,\N,\N
060gc,"Ruiz, Yarison",RP,(N/A),\N,"[""ruiz yarison""]",\N,\N,\N,\N,\N,\N
06ckp,"Gomez, Santiago",2B,NYY,\N,"[""gomez santiago""]",\N,\N,\N,\N,\N,\N
06tma,"Polanco, Brandison",RP,(N/A),\N,"[""polanco brandison""]",\N,\N,\N,\N,\N,\N
06tmb,"Polanco, Brayan",RP,(N/A),\N,"[""polanco brayan""]",\N,\N,\N,\N,\N,\N
06ckn,"Hernandez, Evelio",RP,CLE,\N,"[""hernandez evelio""]",\N,\N,\N,\N,\N,\N
0637g,"Correa, Jesus",SS,(N/A),\N,"[""correa jesus""]",\N,\N,\N,\N,\N,\N
04q7i,"Selby, Colin",RP,BAL,\N,"[""selby colin""]",\N,\N,\N,\N,\N,\N
02k1f,"Cordero, Franchy",DH,(N/A),\N,"[""cordero franchy""]",\N,\N,\N,\N,\N,\N
0637i,"Riera, Dennys",3B,SF,\N,"[""riera dennys""]",\N,\N,\N,\N,\N,\N
026l1,"McCullers Jr., Lance",SP,MIL,\N,"[""mccullers jr lance""]",\N,\N,\N,\N,\N,\N
0637h,"Cotes, Felix",2B,TB,\N,"[""cotes felix""]",\N,\N,\N,\N,\N,\N
04q7h,"Pagan, Ezequiel",RF,(N/A),\N,"[""pagan ezequiel""]",\N,\N,\N,\N,\N,\N
0637e,"Jean-Baptiste, Yanki",1B,(N/A),\N,"[""jean baptiste yanki""]",\N,\N,\N,\N,\N,\N
000dp,"Verlander, Justin",SP,DET,\N,"[""verlander justin""]",\N,\N,\N,\N,\N,\N
074xa,"Molina, Miguel",SP,PIT,\N,[],\N,\N,\N,\N,\N,\N
04otv,"Rangel, Alan",RP,PHI,\N,"[""rangel alan""]",\N,\N,\N,\N,\N,\N
061v8,"Castillo, Luis",LF,MIL,\N,[],\N,\N,\N,\N,\N,\N
061v7,"Vargas, Echedry",3B,MIA,\N,"[""vargas echedry""]",\N,\N,\N,\N,\N,\N
05t9v,"Aranda, Jonathan",1B,TB,\N,"[""aranda jonathan""]",\N,\N,\N,\N,\N,\N
02zpf,"Sosa, Edmundo",2B,PHI,\N,"[""sosa edmundo""]",\N,\N,\N,\N,\N,\N
"10210#40",Team Pitching,TmP,\N,\N,[],\N,\N,\N,\N,\N,\N
061v4,"Paz, Karell",LF,(N/A),\N,"[""paz karell""]",\N,\N,\N,\N,\N,\N
061tr,"Santana, Ruben",3B,STL,\N,"[""santana ruben""]",\N,\N,\N,\N,\N,\N
061tq,"Joseph, Jean",CF,TOR,\N,"[""joseph jean""]",\N,\N,\N,\N,\N,\N
0769r,"Peralta, Eliezer",SP,MIA,\N,"[""peralta eliezer""]",\N,\N,\N,\N,\N,\N
061v6,"Gomez, Yorman",SP,CLE,\N,"[""gomez yorman""]",\N,\N,\N,\N,\N,\N
0503r,"Perez, Milkar",1B,(N/A),\N,"[""perez milkar""]",\N,\N,\N,\N,\N,\N
074wp,"Rodriguez, Anderson",LF,LAA,\N,"[""rodriguez anderson""]",\N,\N,\N,\N,\N,\N
0769p,"Rudas, Ryan",RF,NYM,\N,"[""rudas ryan""]",\N,\N,\N,\N,\N,\N
061tn,"Acosta, Agustin",CF,LAD,\N,"[""acosta agustin""]",\N,\N,\N,\N,\N,\N
0769q,"Toro, Sebastian",SS,NYM,\N,"[""toro sebastian""]",\N,\N,\N,\N,\N,\N
061tm,"Holiday, Aaron",RP,(N/A),\N,"[""holiday aaron""]",\N,\N,\N,\N,\N,\N
0769n,"Lin, Eric",RP,TB,\N,"[""lin eric""]",\N,\N,\N,\N,\N,\N
05t9n,"Williams, Carson",SS,TB,\N,"[""williams carson""]",\N,\N,\N,\N,\N,\N
04ov2,"Warner, Austin",SP,(N/A),\N,"[""warner austin""]",\N,\N,\N,\N,\N,\N
0769o,"Park, Chan-Min",SP,PHI,\N,"[""park chan min""]",\N,\N,\N,\N,\N,\N
05t9o,"Whitaker, Tyler",RF,HOU,\N,"[""whitaker tyler""]",\N,\N,\N,\N,\N,\N
05t9l,"Muncy, Max",3B,ATH,\N,[],\N,\N,\N,\N,\N,\N
05t9m,"White, Lonnie",CF,PIT,\N,"[""white lonnie""]",\N,\N,\N,\N,\N,\N
0769m,"Matos, Leanders",SS,MIL,\N,"[""matos leanders""]",\N,\N,\N,\N,\N,\N
04q6i,"Whitney, Blake",P,(N/A),\N,"[""whitney blake""]",\N,\N,\N,\N,\N,\N
05t9j,"Kath, Wes",1B,CHW,\N,"[""kath wes""]",\N,\N,\N,\N,\N,\N
061tl,"Conliffe, Kashon",CF,(N/A),\N,"[""conliffe kashon""]",\N,\N,\N,\N,\N,\N
05t9k,"Hurd, Thatcher",SP,NYY,\N,"[""hurd thatcher""]",\N,\N,\N,\N,\N,\N
05t9h,"Bruns, Maddux",SP,LAD,\N,"[""bruns maddux""]",\N,\N,\N,\N,\N,\N
05t9i,"Kudrna, Ben",SP,KC,\N,"[""kudrna ben""]",\N,\N,\N,\N,\N,\N
05t9f,"Allen, Jay",CF,CIN,\N,"[""allen jay""]",\N,\N,\N,\N,\N,\N
05t9g,"Jump, Gage",SP,ATH,\N,"[""jump gage""]",\N,\N,\N,\N,\N,\N
026k6,"Anderson, Chase",RP,(N/A),\N,"[""anderson chase""]",\N,\N,\N,\N,\N,\N
05t9e,"Bednar, Will",RP,SF,\N,"[""bednar will""]",\N,\N,\N,\N,\N,\N
05t9c,"Palensky, Aaron",LF,(N/A),\N,"[""palensky aaron""]",\N,\N,\N,\N,\N,\N
04q6c,"Campbell, Isaiah",SP,ARI,\N,"[""campbell isaiah""]",\N,\N,\N,\N,\N,\N
02k19,"Mercado, Oscar",RF,(N/A),\N,"[""mercado oscar""]",\N,\N,\N,\N,\N,\N
074vy,"Dutton, Reese",SP,PHI,\N,"[""dutton reese""]",\N,\N,\N,\N,\N,\N
0768z,"Cedeno, Jose",SP,CLE,\N,[],\N,\N,\N,\N,\N,\N
074vz,"McPherson, Brandon",SP,HOU,\N,"[""mcpherson brandon""]",\N,\N,\N,\N,\N,\N
061sz,"Fuerte, Abel",SP,(N/A),\N,"[""fuerte abel""]",\N,\N,\N,\N,\N,\N
074vw,"Smith, Tanner",C,ATL,\N,[],\N,\N,\N,\N,\N,\N
074x9,"Almeida, Luis",SS,PIT,\N,"[""almeida luis""]",\N,\N,\N,\N,\N,\N
05t8w,"Diaz, Indigo",RP,(N/A),\N,"[""diaz indigo""]",\N,\N,\N,\N,\N,\N
04q5u,"Bermudez, Jonathan",SP,(N/A),\N,"[""bermudez jonathan""]",\N,\N,\N,\N,\N,\N
074vx,"ODowd, Jack",2B,COL,\N,"[""odowd jack""]",\N,\N,\N,\N,\N,\N
074vu,"Poole, Tom",CF,TB,\N,"[""poole tom""]",\N,\N,\N,\N,\N,\N
074vv,"Duarte, Victor",2B,SD,\N,[],\N,\N,\N,\N,\N,\N
04q78,"Boyle, Sean",SP,SD,\N,"[""boyle sean""]",\N,\N,\N,\N,\N,\N
"10210#50",Team,Tm,\N,\N,[],\N,\N,\N,\N,\N,\N
074vs,"Pelzer, Luke",CF,KC,\N,[],\N,\N,\N,\N,\N,\N
061u3,"Nin, Yerald",2B,ARI,\N,"[""nin yerald""]",\N,\N,\N,\N,\N,\N
074vt,"Madera, Alex",SS,CHC,\N,"[""madera alex""]",\N,\N,\N,\N,\N,\N
04q72,"Smith, Josh",P,(N/A),\N,[],\N,\N,\N,\N,\N,\N
074vq,"Benson, JT",CF,NYM,\N,"[""benson jt""]",\N,\N,\N,\N,\N,\N
04q5s,"Fernandez, Ryan",RP,STL,\N,"[""fernandez ryan""]",\N,\N,\N,\N,\N,\N
02zoa,"Senzatela, Antonio",SP,MIL,\N,"[""senzatela antonio""]",\N,\N,\N,\N,\N,\N
074vr,"McCarthy, Nolan",CF,DET,\N,"[""mccarthy nolan""]",\N,\N,\N,\N,\N,\N
074vo,"Ugueto, Angelo",CF,SF,\N,"[""ugueto angelo""]",\N,\N,\N,\N,\N,\N
074vp,"Lafalaise, Jesus",SP,TEX,\N,"[""lafalaise jesus""]",\N,\N,\N,\N,\N,\N
074vm,"Martinez, Jendy",SS,MIN,\N,"[""martinez jendy""]",\N,\N,\N,\N,\N,\N
06371,"Dunn, Ross",SP,MIN,\N,"[""dunn ross""]",\N,\N,\N,\N,\N,\N
074vn,"Briceno, Leandro",SS,KC,\N,"[""briceno leandro""]",\N,\N,\N,\N,\N,\N
05rzk,"Serrano, Jose",1B,(N/A),\N,[],\N,\N,\N,\N,\N,\N
0506h,"Dobnak, Randy",SP,KC,\N,"[""dobnak randy""]",\N,\N,\N,\N,\N,\N
061wi,"Lin, Yu-Min",SP,ARI,\N,"[""lin yu min""]",\N,\N,\N,\N,\N,\N
061wh,"Rojas, Jefferson",3B,NYM,\N,"[""rojas jefferson""]",\N,\N,\N,\N,\N,\N
061we,"Gonzalez, Cesar",1B,ATH,\N,"[""gonzalez cesar""]",\N,\N,\N,\N,\N,\N
03n6f,"Jay, Tyler",RP,(N/A),\N,"[""jay tyler""]",\N,\N,\N,\N,\N,\N
061wg,"Tamares, Miguel",SS,(N/A),\N,"[""tamares miguel""]",\N,\N,\N,\N,\N,\N
061wf,"Contreras, Jose",LF,(N/A),\N,"[""contreras jose""]",\N,\N,\N,\N,\N,\N
061vz,"Marcheco, Jorge",RP,ATH,\N,"[""marcheco jorge""]",\N,\N,\N,\N,\N,\N
061x3,"Alcantara, Marvin",2B,BOS,\N,"[""alcantara marvin""]",\N,\N,\N,\N,\N,\N
0638j,"Tejeda, Enmanuel",2B,NYY,\N,"[""tejeda enmanuel""]",\N,\N,\N,\N,\N,\N
0638i,"Perez, Reylin",2B,HOU,\N,"[""perez reylin""]",\N,\N,\N,\N,\N,\N
"10210#30",Team Hitting,TmH,\N,\N,[],\N,\N,\N,\N,\N,\N
0637r,"Johnston, Reid",SP,(N/A),\N,"[""johnston reid""]",\N,\N,\N,\N,\N,\N
074z3,"Sansone, Mike",SP,BOS,\N,"[""sansone mike""]",\N,\N,\N,\N,\N,\N
0637o,"Moreno, Luis",RP,MIA,\N,[],\N,\N,\N,\N,\N,\N
061w0,"Jordan, Levi",SS,WSH,\N,"[""jordan levi""]",\N,\N,\N,\N,\N,\N
0637q,"Hill, Jamison",RP,(N/A),\N,"[""hill jamison""]",\N,\N,\N,\N,\N,\N
061w2,"Hernandez, Diego",CF,(N/A),\N,[],\N,\N,\N,\N,\N,\N
0637p,"Pereira, Wilfredo",SP,(N/A),\N,"[""pereira wilfredo""]",\N,\N,\N,\N,\N,\N
0637k,"Sequera, Leonel",SP,STL,\N,"[""sequera leonel""]",\N,\N,\N,\N,\N,\N
0637j,"Briceno, Josue",C,DET,\N,"[""briceno josue""]",\N,\N,\N,\N,\N,\N
0637m,"Montero, Willy",CF,NYY,\N,"[""montero willy""]",\N,\N,\N,\N,\N,\N
04oul,"Cate, Tim",RP,(N/A),\N,"[""cate tim""]",\N,\N,\N,\N,\N,\N
0637l,"Munoz, Jean",RP,SEA,\N,"[""munoz jean""]",\N,\N,\N,\N,\N,\N
0766e,"Taveras, Jose",RP,LAD,\N,"[""taveras jose""]",\N,\N,\N,\N,\N,\N
0766f,"Dinesen, Mason",SS,BAL,\N,"[""dinesen mason""]",\N,\N,\N,\N,\N,\N
0766c,"Brown, Graham",CF,MIN,\N,"[""brown graham""]",\N,\N,\N,\N,\N,\N
06uwd,"Martinez, Kevin",SP,COL,\N,"[""martinez kevin""]",\N,\N,\N,\N,\N,\N
0633e,"Bernard, Derek",LF,COL,\N,"[""bernard derek""]",\N,\N,\N,\N,\N,\N
0766d,"Jimenez, Jonathan",SP,NYM,\N,"[""jimenez jonathan""]",\N,\N,\N,\N,\N,\N
0633d,"Prosecky, Michael",SP,COL,\N,"[""prosecky michael""]",\N,\N,\N,\N,\N,\N
0766a,"Millikan, Noah",SP,WSH,\N,"[""millikan noah""]",\N,\N,\N,\N,\N,\N
06uwb,"Bello, Angel",SP,CHW,\N,"[""bello angel""]",\N,\N,\N,\N,\N,\N
0766b,"Waco, LJ",SP,WSH,\N,"[""waco lj""]",\N,\N,\N,\N,\N,\N
06uwc,"Franco, Oliver",SP,(N/A),\N,"[""franco oliver""]",\N,\N,\N,\N,\N,\N
06uwa,"Benitez, Sthiven",RP,KC,\N,"[""benitez sthiven""]",\N,\N,\N,\N,\N,\N
0765x,"Miller, Cal",3B,(N/A),\N,"[""miller cal""]",\N,\N,\N,\N,\N,\N
04q48,"Roach, Dalton",RP,(N/A),\N,"[""roach dalton""]",\N,\N,\N,\N,\N,\N
06uvz,"Savoie, Nate",RF,(N/A),\N,"[""savoie nate""]",\N,\N,\N,\N,\N,\N
0765v,"Clark, Camden",RP,(N/A),\N,"[""clark camden""]",\N,\N,\N,\N,\N,\N
06uvw,"Urena, Antoni",SS,LAD,\N,"[""urena antoni""]",\N,\N,\N,\N,\N,\N
06ux9,"Francia, Dariel",RP,PIT,\N,"[""francia dariel""]",\N,\N,\N,\N,\N,\N
05t5w,"Melendez, Jaime",RP,(N/A),\N,"[""melendez jaime""]",\N,\N,\N,\N,\N,\N
0765w,"Yoder, Noah",RP,(N/A),\N,"[""yoder noah""]",\N,\N,\N,\N,\N,\N
05t79,"Taylor, Will",CF,PIT,\N,"[""taylor will""]",\N,\N,\N,\N,\N,\N
06uvx,"McDuffie, Walker",RP,(N/A),\N,"[""mcduffie walker""]",\N,\N,\N,\N,\N,\N
06ux7,"Fuentes, Alexander",SP,SF,\N,"[""fuentes alexander""]",\N,\N,\N,\N,\N,\N
06uvu,"Alcantara, Derik",LF,CHC,\N,"[""alcantara derik""]",\N,\N,\N,\N,\N,\N
0765u,"Cheatham, Cole",RP,SEA,\N,"[""cheatham cole""]",\N,\N,\N,\N,\N,\N
06ux8,"Franco, Marlon",RP,SF,\N,"[""franco marlon""]",\N,\N,\N,\N,\N,\N
05t5r,"Stefanic, Michael",2B,ATH,\N,"[""stefanic michael""]",\N,\N,\N,\N,\N,\N
06ux5,"Gonzalez, Javier",RP,BAL,\N,"[""gonzalez javier""]",\N,\N,\N,\N,\N,\N
06ux6,"Garcia, Jaiker",RP,PIT,\N,"[""garcia jaiker""]",\N,\N,\N,\N,\N,\N
06uvt,"Marquez, Luis",2B,TEX,\N,"[""marquez luis""]",\N,\N,\N,\N,\N,\N
0765p,"Pineda, Yeider",SP,BOS,\N,"[""pineda yeider""]",\N,\N,\N,\N,\N,\N
04q2n,"Rutschman, Adley",C,BOS,\N,"[""rutschman adley""]",\N,\N,\N,\N,\N,\N
0765q,"Holmann, Juan",SS,MIN,\N,"[""holmann juan""]",\N,\N,\N,\N,\N,\N
0765n,"Cervantes, Michel",RP,SD,\N,[],\N,\N,\N,\N,\N,\N
07670,"Schaum, Bryce",SP,MIL,\N,"[""schaum bryce""]",\N,\N,\N,\N,\N,\N
07671,"Vizcaino, Angel",RP,ATH,\N,"[""vizcaino angel""]",\N,\N,\N,\N,\N,\N
0765o,"Cespedes, Juan",SS,LAA,\N,"[""cespedes juan""]",\N,\N,\N,\N,\N,\N
06ux2,"Mieses, Frank",CF,CHW,\N,"[""mieses frank""]",\N,\N,\N,\N,\N,\N
05t5l,"De La Rosa, Samil",LF,(N/A),\N,"[""de la rosa samil""]",\N,\N,\N,\N,\N,\N
02zm9,"Reyes, Victor",RF,(N/A),\N,"[""reyes victor""]",\N,\N,\N,\N,\N,\N
05t5m,"Berry, Jacob",2B,KC,\N,"[""berry jacob""]",\N,\N,\N,\N,\N,\N
0765m,"Meza, Abner",SP,NYM,\N,"[""meza abner""]",\N,\N,\N,\N,\N,\N
04q2i,"Vega, Onix",C,NYM,\N,"[""vega onix""]",\N,\N,\N,\N,\N,\N
061pi,"Hiraldo, Yaramil",RP,BAL,\N,"[""hiraldo yaramil""]",\N,\N,\N,\N,\N,\N
06ux0,"Lopez, Gerardo",SP,PHI,\N,"[""lopez gerardo""]",\N,\N,\N,\N,\N,\N
05t5j,"Castillo, Wilton",SP,(N/A),\N,"[""castillo wilton""]",\N,\N,\N,\N,\N,\N
05t5k,"Dotel, Wilber",SP,PIT,\N,"[""dotel wilber""]",\N,\N,\N,\N,\N,\N
05t5i,"Saduy, Lexer",CF,(N/A),\N,"[""saduy lexer""]",\N,\N,\N,\N,\N,\N
0765f,"Gardner, Sam",RP,TOR,\N,"[""gardner sam""]",\N,\N,\N,\N,\N,\N
0765g,"Ortiz, Berny",SP,BOS,\N,"[""ortiz berny""]",\N,\N,\N,\N,\N,\N
0765d,"Still, Stephen",SP,BAL,\N,"[""still stephen""]",\N,\N,\N,\N,\N,\N
04q2b,"Tyler, Kyle",RP,(N/A),\N,"[""tyler kyle""]",\N,\N,\N,\N,\N,\N
0765e,"Almonte, Aneudy",SP,LAD,\N,"[""almonte aneudy""]",\N,\N,\N,\N,\N,\N
0765c,"Herbert, Andrew",RP,BAL,\N,"[""herbert andrew""]",\N,\N,\N,\N,\N,\N
04q2c,"Hendrickson, Josh",SP,HOU,\N,"[""hendrickson josh""]",\N,\N,\N,\N,\N,\N
06uva,"Villarreal, Varis",RP,NYY,\N,"[""villarreal varis""]",\N,\N,\N,\N,\N,\N
04ooy,"Luciano, Marco",LF,NYY,\N,"[""luciano marco""]",\N,\N,\N,\N,\N,\N
01fh9,"Harper, Bryce",1B,PHI,\N,"[""harper bryce""]",\N,\N,\N,\N,\N,\N
07669,"Bogosian, Adam",RP,WSH,\N,"[""bogosian adam""]",\N,\N,\N,\N,\N,\N
04q1u,"Knehr, Reiss",RP,MIL,\N,"[""knehr reiss""]",\N,\N,\N,\N,\N,\N
06uw8,"Chourio, Winyer",RP,SD,\N,"[""chourio winyer""]",\N,\N,\N,\N,\N,\N
04q1w,"Kilian, Caleb",RP,PHI,\N,"[""kilian caleb""]",\N,\N,\N,\N,\N,\N
06uw9,"Chiquillo, Alejandro",RP,TEX,\N,"[""chiquillo alejandro""]",\N,\N,\N,\N,\N,\N
06uut,"Cabrera, Yojancel",RF,LAA,\N,"[""cabrera yojancel""]",\N,\N,\N,\N,\N,\N
06uw6,"Rembert, Chris",2B,PIT,\N,"[""rembert chris""]",\N,\N,\N,\N,\N,\N
05t66,"Shook, TJ",RP,COL,\N,"[""shook tj""]",\N,\N,\N,\N,\N,\N
06uuu,"Evasco, AJ",RF,(N/A),\N,"[""evasco aj""]",\N,\N,\N,\N,\N,\N
06uw7,"Reynoso, Dario",2B,SF,\N,"[""reynoso dario""]",\N,\N,\N,\N,\N,\N
06uw4,"Marsh, Tatum",LF,(N/A),\N,"[""marsh tatum""]",\N,\N,\N,\N,\N,\N
05t64,"Bautista, Felix",RP,BAL,\N,"[""bautista felix""]",\N,\N,\N,\N,\N,\N
06uw5,"Nance, Anderson",RP,(N/A),\N,"[""nance anderson""]",\N,\N,\N,\N,\N,\N
07661,"Johnson, Rett",LF,(N/A),\N,"[""johnson rett""]",\N,\N,\N,\N,\N,\N
06uw2,"Burress, Braden",LF,(N/A),\N,"[""burress braden""]",\N,\N,\N,\N,\N,\N
04q1l,"Schulfer, Austin",RP,(N/A),\N,"[""schulfer austin""]",\N,\N,\N,\N,\N,\N
06uw3,"Carey, Tate",SP,(N/A),\N,"[""carey tate""]",\N,\N,\N,\N,\N,\N
06uw0,"Wentz, Dalton",3B,SF,\N,"[""wentz dalton""]",\N,\N,\N,\N,\N,\N
06uw1,"Yamaguchi, Sean",3B,(N/A),\N,"[""yamaguchi sean""]",\N,\N,\N,\N,\N,\N
0764g,"Duarte, Victor",RP,ATL,\N,[],\N,\N,\N,\N,\N,\N
0764e,"Marte, Josehp",SP,LAD,\N,"[""marte josehp""]",\N,\N,\N,\N,\N,\N
0764f,"Ramirez, Michael",RP,LAD,\N,"[""ramirez michael""]",\N,\N,\N,\N,\N,\N
04q5d,"Brehmer, Bradley",RP,BAL,\N,"[""brehmer bradley""]",\N,\N,\N,\N,\N,\N
074vc,"Strayer, Cash",CF,(N/A),\N,"[""strayer cash""]",\N,\N,\N,\N,\N,\N
074va,"Rusinek, Jesse",RP,(N/A),\N,"[""rusinek jesse""]",\N,\N,\N,\N,\N,\N
06uyb,"Rojas, Santiago",RP,MIN,\N,"[""rojas santiago""]",\N,\N,\N,\N,\N,\N
074vb,"Tokheim, Teddy",3B,(N/A),\N,"[""tokheim teddy""]",\N,\N,\N,\N,\N,\N
04q5b,"Bride, Jonah",2B,TEX,\N,"[""bride jonah""]",\N,\N,\N,\N,\N,\N
06uya,"Miguel Rodriguez, Jose",SP,NYY,\N,"[""miguel rodriguez jose""]",\N,\N,\N,\N,\N,\N
06uxy,"Rochard, Sam",RP,MIN,\N,"[""rochard sam""]",\N,\N,\N,\N,\N,\N
06uxz,"Mojica, Augie",RP,ARI,\N,"[""mojica augie""]",\N,\N,\N,\N,\N,\N
05t7v,"Walkinshaw, Jake",RP,MIA,\N,"[""walkinshaw jake""]",\N,\N,\N,\N,\N,\N
06uxw,"Kelly, Justin",RP,(N/A),\N,"[""kelly justin""]",\N,\N,\N,\N,\N,\N
06uxx,"Rojas, Cesar",RP,WSH,\N,"[""rojas cesar""]",\N,\N,\N,\N,\N,\N
05t7t,"Sanchez, Hugo",SS,(N/A),\N,"[""sanchez hugo""]",\N,\N,\N,\N,\N,\N
06uxu,"Leon, Edgar",RP,DET,\N,"[""leon edgar""]",\N,\N,\N,\N,\N,\N
05t7u,"Martinez, Raudelis",1B,BOS,\N,"[""martinez raudelis""]",\N,\N,\N,\N,\N,\N
06uxv,"Ledesma, Jose",RP,NYY,\N,"[""ledesma jose""]",\N,\N,\N,\N,\N,\N
04q67,"Alldred, Cam",SP,(N/A),\N,"[""alldred cam""]",\N,\N,\N,\N,\N,\N
04q62,"Curlis, Connor",P,(N/A),\N,"[""curlis connor""]",\N,\N,\N,\N,\N,\N
06uxs,"Mariano, Diovel",RP,CLE,\N,"[""mariano diovel""]",\N,\N,\N,\N,\N,\N
06uxt,"Liborius, Jecsua",RP,LAD,\N,"[""liborius jecsua""]",\N,\N,\N,\N,\N,\N
07692,"Castillo, Keisther",SP,KC,\N,"[""castillo keisther""]",\N,\N,\N,\N,\N,\N
074w2,"Morillo, Elier",RP,MIA,\N,"[""morillo elier""]",\N,\N,\N,\N,\N,\N
05t92,"Paniagua, Inohan",SP,(N/A),\N,"[""paniagua inohan""]",\N,\N,\N,\N,\N,\N
06uxq,"Mercado, Logan",RP,ARI,\N,"[""mercado logan""]",\N,\N,\N,\N,\N,\N
06uxr,"McNeely, Caleb",RF,(N/A),\N,"[""mcneely caleb""]",\N,\N,\N,\N,\N,\N
04q63,"Senger, Hayden",C,NYM,\N,"[""senger hayden""]",\N,\N,\N,\N,\N,\N
061t3,"Bernardino, Brennan",RP,COL,\N,"[""bernardino brennan""]",\N,\N,\N,\N,\N,\N
07690,"Hauge, Jackson",1B,NYM,\N,"[""hauge jackson""]",\N,\N,\N,\N,\N,\N
074w0,"Blanchard, Beau",SP,CIN,\N,"[""blanchard beau""]",\N,\N,\N,\N,\N,\N
06uxo,"Trabacchi, Nick",RP,MIN,\N,"[""trabacchi nick""]",\N,\N,\N,\N,\N,\N
05t91,"Armstrong, Ivan",RP,(N/A),\N,"[""armstrong ivan""]",\N,\N,\N,\N,\N,\N
074w1,"Medina, Carlos",SP,SD,\N,"[""medina carlos""]",\N,\N,\N,\N,\N,\N
07691,"Ramirez, Jeury",LF,CHC,\N,"[""ramirez jeury""]",\N,\N,\N,\N,\N,\N
04q4k,"Martin, Garrett",RF,NYY,\N,"[""martin garrett""]",\N,\N,\N,\N,\N,\N
06uxp,"OSaben, Blaze",CF,(N/A),\N,"[""osaben blaze""]",\N,\N,\N,\N,\N,\N
04q4n,"Chavez, Frainyer",1B,TEX,\N,"[""chavez frainyer""]",\N,\N,\N,\N,\N,\N
061t0,"Pouaka-Grego, Nikau",2B,PHI,\N,"[""pouaka grego nikau""]",\N,\N,\N,\N,\N,\N
06uxm,"Conrad, Teague",SP,(N/A),\N,"[""conrad teague""]",\N,\N,\N,\N,\N,\N
06uxn,"Barry, Justin",3B,BOS,\N,"[""barry justin""]",\N,\N,\N,\N,\N,\N
06uxk,"Diederich, Sayer",RP,(N/A),\N,"[""diederich sayer""]",\N,\N,\N,\N,\N,\N
061rg,"Perez, Robert",LF,(N/A),\N,"[""perez robert""]",\N,\N,\N,\N,\N,\N
04q4g,"Palmer, Jaylen",RF,NYM,\N,"[""palmer jaylen""]",\N,\N,\N,\N,\N,\N
06uxl,"Holt, Peyton",3B,(N/A),\N,"[""holt peyton""]",\N,\N,\N,\N,\N,\N
06uxi,"Morris, Zack",RP,COL,\N,"[""morris zack""]",\N,\N,\N,\N,\N,\N
06uxj,"Leonard, Dayne",C,CIN,\N,"[""leonard dayne""]",\N,\N,\N,\N,\N,\N
074uf,"De La Rosa, Mairon",SS,SEA,\N,"[""de la rosa mairon""]",\N,\N,\N,\N,\N,\N
06f8v,"Sandy, Will",SP,(N/A),\N,"[""sandy will""]",\N,\N,\N,\N,\N,\N
04q4d,"Helvey, Clay",RP,(N/A),\N,"[""helvey clay""]",\N,\N,\N,\N,\N,\N
06uxg,"Sass, Sammy",C,(N/A),\N,"[""sass sammy""]",\N,\N,\N,\N,\N,\N
"10030#30",Team Hitting,TmH,\N,\N,[],\N,\N,\N,\N,\N,\N
06uxh,"Pote, Owen",SP,CIN,\N,"[""pote owen""]",\N,\N,\N,\N,\N,\N
074ud,"Vartanian, Derek",SP,ATL,\N,"[""vartanian derek""]",\N,\N,\N,\N,\N,\N
06dvt,"Shears, Tanner",SP,(N/A),\N,"[""shears tanner""]",\N,\N,\N,\N,\N,\N
06uxe,"Guacache, Xiomer",RP,DET,\N,"[""guacache xiomer""]",\N,\N,\N,\N,\N,\N
061rf,"Baez, Jesus",SS,STL,\N,"[""baez jesus""]",\N,\N,\N,\N,\N,\N
074ue,"Miralles, Maikel",SP,SD,\N,"[""miralles maikel""]",\N,\N,\N,\N,\N,\N
06dvu,"Diaz, Lisbel",LF,SF,\N,"[""diaz lisbel""]",\N,\N,\N,\N,\N,\N
06f8u,"Choban, Brady",RP,LAA,\N,"[""choban brady""]",\N,\N,\N,\N,\N,\N
06uxf,"Van Sickle, Bryson",RP,COL,\N,"[""van sickle bryson""]",\N,\N,\N,\N,\N,\N
074ub,"Komoda, Haruki",SP,(N/A),\N,"[""komoda haruki""]",\N,\N,\N,\N,\N,\N
05t7b,"Hartle, Josh",SP,WSH,\N,"[""hartle josh""]",\N,\N,\N,\N,\N,\N
06uxc,"Gutierrez, Jose",SP,KC,\N,"[""gutierrez jose""]",\N,\N,\N,\N,\N,\N
06uxd,"Guevara, Anderson",RP,SEA,\N,"[""guevara anderson""]",\N,\N,\N,\N,\N,\N
06uxa,"Herrera, Jorge",RP,(N/A),\N,"[""herrera jorge""]",\N,\N,\N,\N,\N,\N
05t7a,"Solometo, Anthony",SP,PIT,\N,"[""solometo anthony""]",\N,\N,\N,\N,\N,\N
06uxb,"Guzman, Michael",3B,(N/A),\N,"[""guzman michael""]",\N,\N,\N,\N,\N,\N
06uwz,"Williamson, Andrew",CF,STL,\N,"[""williamson andrew""]",\N,\N,\N,\N,\N,\N
04q59,"Gonzalez, Saul",P,(N/A),\N,"[""gonzalez saul""]",\N,\N,\N,\N,\N,\N
074v9,"Ishizuka, Yusei",SS,(N/A),\N,"[""ishizuka yusei""]",\N,\N,\N,\N,\N,\N
0766w,"Palacios, Neiker",RP,ARI,\N,"[""palacios neiker""]",\N,\N,\N,\N,\N,\N
06uwx,"Croes, Dayson",3B,SF,\N,"[""croes dayson""]",\N,\N,\N,\N,\N,\N
04q3y,"Anderson, Grant",RP,MIL,\N,"[""anderson grant""]",\N,\N,\N,\N,\N,\N
0766x,"Figueroa, Diego",RP,KC,\N,"[""figueroa diego""]",\N,\N,\N,\N,\N,\N
06uwy,"Colina, Jesus",RP,CIN,\N,"[""colina jesus""]",\N,\N,\N,\N,\N,\N
05t6u,"Brieske, Beau",RP,DET,\N,"[""brieske beau""]",\N,\N,\N,\N,\N,\N
06f8f,"Jang, Hyun-Seok",SP,LAD,\N,"[""jang hyun seok""]",\N,\N,\N,\N,\N,\N
06uy8,"Shaffer, Bryce",RP,TB,\N,"[""shaffer bryce""]",\N,\N,\N,\N,\N,\N
02zma,"Castro, Harold",3B,(N/A),\N,"[""castro harold""]",\N,\N,\N,\N,\N,\N
04q54,"Hagenman, Justin",SP,NYM,\N,"[""hagenman justin""]",\N,\N,\N,\N,\N,\N
06uy9,"Silva, Yeferson",RP,(N/A),\N,"[""silva yeferson""]",\N,\N,\N,\N,\N,\N
06uww,"Colmenares, Mauricio",SP,(N/A),\N,"[""colmenares mauricio""]",\N,\N,\N,\N,\N,\N
05t6s,"Barger, Alec",SP,(N/A),\N,"[""barger alec""]",\N,\N,\N,\N,\N,\N
06uy6,"Simarra, Yoryi",RP,(N/A),\N,"[""simarra yoryi""]",\N,\N,\N,\N,\N,\N
06uwt,"Traeger, Nolan",C,(N/A),\N,"[""traeger nolan""]",\N,\N,\N,\N,\N,\N
04q57,"Ramsey, Lane",RP,(N/A),\N,"[""ramsey lane""]",\N,\N,\N,\N,\N,\N
04q3u,"Martinez, Daniel",SP,(N/A),\N,"[""martinez daniel""]",\N,\N,\N,\N,\N,\N
061qu,"Beltran, Nolan",SS,PHI,\N,"[""beltran nolan""]",\N,\N,\N,\N,\N,\N
06uy7,"Salgado, Edinson",RP,KC,\N,"[""salgado edinson""]",\N,\N,\N,\N,\N,\N
04q56,"OHoppe, Logan",C,TEX,\N,"[""ohoppe logan""]",\N,\N,\N,\N,\N,\N
06uwr,"Lynch, Ryan",RP,SD,\N,"[""lynch ryan""]",\N,\N,\N,\N,\N,\N
06uy4,"Jimenez, Yeuris",RP,WSH,\N,"[""jimenez yeuris""]",\N,\N,\N,\N,\N,\N
06uws,"Irby, Austin",1B,(N/A),\N,"[""irby austin""]",\N,\N,\N,\N,\N,\N
04q3n,"Eaton, Nate",RF,BOS,\N,"[""eaton nate""]",\N,\N,\N,\N,\N,\N
01fhm,"Perez, Martin",SP,ATL,\N,"[""perez martin""]",\N,\N,\N,\N,\N,\N
04q53,"Alvarez, Nelson",RP,(N/A),\N,"[""alvarez nelson""]",\N,\N,\N,\N,\N,\N
06uy2,"De Los Santos, Sebastian",RF,CLE,\N,"[""de los santos sebastian""]",\N,\N,\N,\N,\N,\N
06uwp,"Malamazian, Cooper",SS,(N/A),\N,"[""malamazian cooper""]",\N,\N,\N,\N,\N,\N
06uwq,"Daniel, Caleb",LF,(N/A),\N,"[""daniel caleb""]",\N,\N,\N,\N,\N,\N
05t6m,"Galan, Yosy",RF,(N/A),\N,"[""galan yosy""]",\N,\N,\N,\N,\N,\N
06uwn,"Ballinger, Brady",1B,DET,\N,"[""ballinger brady""]",\N,\N,\N,\N,\N,\N
06uy0,"Mahoney, Jack",RP,ATH,\N,[],\N,\N,\N,\N,\N,\N
06uwo,"Valincius, Tomas",SP,(N/A),\N,"[""valincius tomas""]",\N,\N,\N,\N,\N,\N
06uy1,"Leach, Dylan",C,(N/A),\N,"[""leach dylan""]",\N,\N,\N,\N,\N,\N
0633j,"Rojas, Juan",RP,BAL,\N,[],\N,\N,\N,\N,\N,\N
04q3m,"Stovall, Hunter",SS,(N/A),\N,"[""stovall hunter""]",\N,\N,\N,\N,\N,\N
06uwm,"Arana, Luis",3B,MIA,\N,"[""arana luis""]",\N,\N,\N,\N,\N,\N
0766i,"Rosa, Euri",C,LAD,\N,"[""rosa euri""]",\N,\N,\N,\N,\N,\N
06uwj,"Morejon, Luis",LF,COL,\N,"[""morejon luis""]",\N,\N,\N,\N,\N,\N
0766g,"Obando, Angel",RP,TOR,\N,"[""obando angel""]",\N,\N,\N,\N,\N,\N
05t6h,"Labrada, Victor",LF,SEA,\N,"[""labrada victor""]",\N,\N,\N,\N,\N,\N
026t9,"Guerrero, Tyron",RP,BOS,\N,"[""guerrero tyron""]",\N,\N,\N,\N,\N,\N
"10030#40",Team Pitching,TmP,\N,\N,[],\N,\N,\N,\N,\N,\N
"10030#50",Team,Tm,\N,\N,[],\N,\N,\N,\N,\N,\N
026qc,"Pederson, Joc",DH,TEX,\N,"[""pederson joc""]",\N,\N,\N,\N,\N,\N
"10300#30",Team Hitting,TmH,\N,\N,[],\N,\N,\N,\N,\N,\N
039vx,"Siri, Jose",CF,LAA,\N,"[""siri jose""]",\N,\N,\N,\N,\N,\N
01fug,"Moore, Matt",RP,KC,\N,"[""moore matt""]",\N,\N,\N,\N,\N,\N
"10300#40",Team Pitching,TmP,\N,\N,[],\N,\N,\N,\N,\N,\N
075c6,"Dunlap, Sean",C,(N/A),\N,"[""dunlap sean""]",\N,\N,\N,\N,\N,\N
061yk,"Castanon, Marcos",3B,SD,\N,"[""castanon marcos""]",\N,\N,\N,\N,\N,\N
061yj,"Haase, Aaron",RP,(N/A),\N,"[""haase aaron""]",\N,\N,\N,\N,\N,\N
061ym,"Thornton, Tyler",RP,(N/A),\N,"[""thornton tyler""]",\N,\N,\N,\N,\N,\N
061yf,"Dume, Kevin",1B,(N/A),\N,"[""dume kevin""]",\N,\N,\N,\N,\N,\N
061yi,"Hernandez, Joseph",RP,(N/A),\N,"[""hernandez joseph""]",\N,\N,\N,\N,\N,\N
061ye,"Quintero, Geraldo",LF,ATL,\N,"[""quintero geraldo""]",\N,\N,\N,\N,\N,\N
"10300#50",Team,Tm,\N,\N,[],\N,\N,\N,\N,\N,\N
061z8,"Novas, Josi",SS,KC,\N,"[""novas josi""]",\N,\N,\N,\N,\N,\N
061z7,"Delgado, Keiner",2B,PIT,\N,"[""delgado keiner""]",\N,\N,\N,\N,\N,\N
061z9,"Gonzalez, Ricardo",SS,TB,\N,"[""gonzalez ricardo""]",\N,\N,\N,\N,\N,\N
061xq,"Ullola, Miguel",SP,HOU,\N,"[""ullola miguel""]",\N,\N,\N,\N,\N,\N
061z0,"Osorio, Oswaldo",2B,LAD,\N,"[""osorio oswaldo""]",\N,\N,\N,\N,\N,\N
0507o,"Mendoza, Ramon",3B,STL,\N,"[""mendoza ramon""]",\N,\N,\N,\N,\N,\N
061z2,"Torres, Erick",LF,KC,\N,"[""torres erick""]",\N,\N,\N,\N,\N,\N
026mq,"Anderson, Tyler",SP,(N/A),\N,"[""anderson tyler""]",\N,\N,\N,\N,\N,\N
03lua,"Rodgers, Brendan",2B,BOS,\N,"[""rodgers brendan""]",\N,\N,\N,\N,\N,\N
026mp,"Ramirez, Nick",RP,(N/A),\N,"[""ramirez nick""]",\N,\N,\N,\N,\N,\N
026mn,"Baez, Javier",SS,DET,\N,"[""baez javier""]",\N,\N,\N,\N,\N,\N
026lz,"Bell, Josh",DH,MIN,\N,"[""bell josh""]",\N,\N,\N,\N,\N,\N
02iug,"Wacha, Michael",SP,KC,\N,"[""wacha michael""]",\N,\N,\N,\N,\N,\N
039si,"Chang, Yu",SS,(N/A),\N,"[""chang yu""]",\N,\N,\N,\N,\N,\N
061zx,"Batista, Edinson",SP,(N/A),\N,"[""batista edinson""]",\N,\N,\N,\N,\N,\N
061zs,"Morales, Daje",2B,(N/A),\N,"[""morales daje""]",\N,\N,\N,\N,\N,\N
061zv,"De Paula, Josue",RF,LAD,\N,"[""de paula josue""]",\N,\N,\N,\N,\N,\N
061zu,"Sosa, Thomas",RF,BAL,\N,"[""sosa thomas""]",\N,\N,\N,\N,\N,\N
061zp,"Aybar, Nicandro",LF,TB,\N,"[""aybar nicandro""]",\N,\N,\N,\N,\N,\N
061zo,"Holguin, Gery",3B,(N/A),\N,"[""holguin gery""]",\N,\N,\N,\N,\N,\N
061zq,"Luciano, Waner",3B,HOU,\N,"[""luciano waner""]",\N,\N,\N,\N,\N,\N
061zl,"Ramirez, Rafael",2B,WSH,\N,"[""ramirez rafael""]",\N,\N,\N,\N,\N,\N
061zk,"Capellan, Samuel",LF,(N/A),\N,"[""capellan samuel""]",\N,\N,\N,\N,\N,\N
061zn,"Luis, Jansel",2B,ARI,\N,"[""luis jansel""]",\N,\N,\N,\N,\N,\N
061zm,"Santana, Jancel",2B,(N/A),\N,"[""santana jancel""]",\N,\N,\N,\N,\N,\N
061zh,"Tavarez, Sammy",RP,(N/A),\N,"[""tavarez sammy""]",\N,\N,\N,\N,\N,\N
061zg,"Bastardo, Angel",SP,BOS,\N,"[""bastardo angel""]",\N,\N,\N,\N,\N,\N
061zj,"Encarnacion, Andy",LF,ARI,\N,"[""encarnacion andy""]",\N,\N,\N,\N,\N,\N
061zi,"Hermann, Sean",RP,SEA,\N,"[""hermann sean""]",\N,\N,\N,\N,\N,\N
0509c,"Cruz, Jesus",RP,(N/A),\N,"[""cruz jesus""]",\N,\N,\N,\N,\N,\N
0509b,"Berroa, Prelander",RP,CHW,\N,"[""berroa prelander""]",\N,\N,\N,\N,\N,\N
061zf,"Benitez, Angel",SP,NYY,\N,"[""benitez angel""]",\N,\N,\N,\N,\N,\N
061yx,"Antunez, Wuilfredo",RF,PHI,\N,"[""antunez wuilfredo""]",\N,\N,\N,\N,\N,\N
061yu,"Misiorowski, Jacob",SP,MIL,\N,"[""misiorowski jacob""]",\N,\N,\N,\N,\N,\N
061yt,"Roden, Alan",LF,MIN,\N,"[""roden alan""]",\N,\N,\N,\N,\N,\N
061yo,"Rivera, Javier",SP,CIN,\N,"[""rivera javier""]",\N,\N,\N,\N,\N,\N
061yn,"Arias, Jordy",RP,(N/A),\N,"[""arias jordy""]",\N,\N,\N,\N,\N,\N
061yp,"Castro, Allan",CF,BOS,\N,"[""castro allan""]",\N,\N,\N,\N,\N,\N
06ul9,"Zapata, Daury",RP,(N/A),\N,"[""zapata daury""]",\N,\N,\N,\N,\N,\N
05ri9,"Workinger, Ethan",RF,(N/A),\N,"[""workinger ethan""]",\N,\N,\N,\N,\N,\N
06uju,"Beckles, David",1B,(N/A),\N,"[""beckles david""]",\N,\N,\N,\N,\N,\N
06ul7,"Francisco, Brent",RP,MIN,\N,"[""francisco brent""]",\N,\N,\N,\N,\N,\N
06ul8,"Edwards, Jacob",RP,CIN,\N,"[""edwards jacob""]",\N,\N,\N,\N,\N,\N
06ul5,"Hrustich, Stephen",RF,DET,\N,"[""hrustich stephen""]",\N,\N,\N,\N,\N,\N
06ujs,"Leones, Luis",CF,(N/A),\N,"[""leones luis""]",\N,\N,\N,\N,\N,\N
06ul6,"Fregio, Dariel",RP,DET,\N,"[""fregio dariel""]",\N,\N,\N,\N,\N,\N
06ujt,"Wood, Gage",SP,PHI,\N,"[""wood gage""]",\N,\N,\N,\N,\N,\N
05rgp,"Aponte, Yhoangel",RF,(N/A),\N,"[""aponte yhoangel""]",\N,\N,\N,\N,\N,\N
06ul3,"Lee, David",RP,(N/A),\N,"[""lee david""]",\N,\N,\N,\N,\N,\N
06ujq,"Brutcher, Drew",RF,HOU,\N,"[""brutcher drew""]",\N,\N,\N,\N,\N,\N
05rgq,"Rojas, Kendry",SP,MIN,\N,"[""rojas kendry""]",\N,\N,\N,\N,\N,\N
06ul4,"Labriola, P.J.",RP,BOS,\N,"[""labriola p j""]",\N,\N,\N,\N,\N,\N
06ujr,"Willhoite, Trace",1B,NYM,\N,"[""willhoite trace""]",\N,\N,\N,\N,\N,\N
05ri0,"Tena, Felix",RF,(N/A),\N,"[""tena felix""]",\N,\N,\N,\N,\N,\N
06ul1,"Cabrera, Baldemix",SP,(N/A),\N,"[""cabrera baldemix""]",\N,\N,\N,\N,\N,\N
06ujo,"Hernandez, Arxy",3B,(N/A),\N,"[""hernandez arxy""]",\N,\N,\N,\N,\N,\N
05rgo,"Munoz, Yeuni",RF,(N/A),\N,"[""munoz yeuni""]",\N,\N,\N,\N,\N,\N
06ujp,"Freitez, Luis",RF,ATH,\N,"[""freitez luis""]",\N,\N,\N,\N,\N,\N
04of1,"Arias, Diosbel",SS,(N/A),\N,"[""arias diosbel""]",\N,\N,\N,\N,\N,\N
06ul2,"Murray, Zach",SP,(N/A),\N,"[""murray zach""]",\N,\N,\N,\N,\N,\N
05rgm,"Sims, Landon",RP,ARI,\N,"[""sims landon""]",\N,\N,\N,\N,\N,\N
06ul0,"Camacho, Kevin",RP,CHC,\N,"[""camacho kevin""]",\N,\N,\N,\N,\N,\N
06ujn,"Pittaro, C.J.",1B,ATH,\N,"[""pittaro c j""]",\N,\N,\N,\N,\N,\N
04odg,"Nieporte, Quincy",1B,(N/A),\N,"[""nieporte quincy""]",\N,\N,\N,\N,\N,\N
04oct,"Rojas, Josh",3B,KC,\N,"[""rojas josh""]",\N,\N,\N,\N,\N,\N
05rfu,"Manzardo, Kyle",DH,CLE,\N,"[""manzardo kyle""]",\N,\N,\N,\N,\N,\N
05rh7,"Vizcaya, Ruben",LF,(N/A),\N,"[""vizcaya ruben""]",\N,\N,\N,\N,\N,\N
05rh8,"Suarez, Alexander",LF,(N/A),\N,"[""suarez alexander""]",\N,\N,\N,\N,\N,\N
05rh5,"Alberto, Alexander",RP,TB,\N,"[""alberto alexander""]",\N,\N,\N,\N,\N,\N
061cq,"Watson, Ryan",RP,LAA,\N,"[""watson ryan""]",\N,\N,\N,\N,\N,\N
05rh6,"Pinto, Juan",SP,SEA,\N,"[""pinto juan""]",\N,\N,\N,\N,\N,\N
05rfo,"Barriera, Brandon",SP,TOR,\N,"[""barriera brandon""]",\N,\N,\N,\N,\N,\N
05rh1,"Sanchez, Bryan",SP,(N/A),\N,"[""sanchez bryan""]",\N,\N,\N,\N,\N,\N
05rfn,"Ort, Kaleb",RP,LAA,\N,"[""ort kaleb""]",\N,\N,\N,\N,\N,\N
05adw,"Fernandez, Yeiner",C,LAD,\N,"[""fernandez yeiner""]",\N,\N,\N,\N,\N,\N
05rfc,"Montes, Lazaro",RF,SEA,\N,"[""montes lazaro""]",\N,\N,\N,\N,\N,\N
05af0,"Reyes, Ripken",SS,(N/A),\N,"[""reyes ripken""]",\N,\N,\N,\N,\N,\N
05rez,"Mayea, Brando",CF,NYY,\N,"[""mayea brando""]",\N,\N,\N,\N,\N,\N
06uly,"Payano, Jeison",RP,BOS,\N,"[""payano jeison""]",\N,\N,\N,\N,\N,\N
04ofy,"Gaston, Sandy",RP,WSH,\N,"[""gaston sandy""]",\N,\N,\N,\N,\N,\N
06ulz,"Palma, Moises",RP,TB,\N,"[""palma moises""]",\N,\N,\N,\N,\N,\N
06ulw,"Lara, Wilton",3B,(N/A),\N,"[""lara wilton""]",\N,\N,\N,\N,\N,\N
05ahe,"Mead, Curtis",1B,BOS,\N,"[""mead curtis""]",\N,\N,\N,\N,\N,\N
06ulx,"Pichardo, Jank",RP,HOU,\N,"[""pichardo jank""]",\N,\N,\N,\N,\N,\N
05rk6,"Pierre, Mauricio",RF,(N/A),\N,"[""pierre mauricio""]",\N,\N,\N,\N,\N,\N
05rit,"Nigro, Frank",C,(N/A),\N,"[""nigro frank""]",\N,\N,\N,\N,\N,\N
06ulu,"Magallanes, Fermin",RP,BAL,\N,"[""magallanes fermin""]",\N,\N,\N,\N,\N,\N
05ahg,"Wells, Austin",C,NYY,\N,"[""wells austin""]",\N,\N,\N,\N,\N,\N
05rk7,"Reyes, Luis",1B,(N/A),\N,[],\N,\N,\N,\N,\N,\N
06ulv,"Lopez, Ronny",SP,(N/A),\N,"[""lopez ronny""]",\N,\N,\N,\N,\N,\N
05rk4,"Walter, Brandon",SP,HOU,\N,"[""walter brandon""]",\N,\N,\N,\N,\N,\N
06uls,"Mejia, Naoel",RP,PHI,\N,"[""mejia naoel""]",\N,\N,\N,\N,\N,\N
05rk5,"Hernandez, Ronald",C,NYM,\N,"[""hernandez ronald""]",\N,\N,\N,\N,\N,\N
06ult,"Martina, Clarence",RP,WSH,\N,"[""martina clarence""]",\N,\N,\N,\N,\N,\N
04oh1,"Scott, Connor",RF,KC,\N,"[""scott connor""]",\N,\N,\N,\N,\N,\N
06ulr,"Hogan, Matt",CF,(N/A),\N,"[""hogan matt""]",\N,\N,\N,\N,\N,\N
06ulo,"Jimenez, Ronaldys",RP,PIT,\N,"[""jimenez ronaldys""]",\N,\N,\N,\N,\N,\N
05rk1,"Terrero, Enmanuel",RF,(N/A),\N,"[""terrero enmanuel""]",\N,\N,\N,\N,\N,\N
06ulp,"Huang, Chung-Hsiang",SP,ARI,\N,"[""huang chung hsiang""]",\N,\N,\N,\N,\N,\N
06ulm,"Henriquez, Juan",SP,(N/A),\N,"[""henriquez juan""]",\N,\N,\N,\N,\N,\N
04ofm,"Restituyo, Bladimir",LF,(N/A),\N,"[""restituyo bladimir""]",\N,\N,\N,\N,\N,\N
06uln,"Julio, Jorge",RF,(N/A),\N,"[""julio jorge""]",\N,\N,\N,\N,\N,\N
05rij,"Tresh, Luca",C,KC,\N,"[""tresh luca""]",\N,\N,\N,\N,\N,\N
06ulk,"Hilario, Danny",RP,TB,\N,"[""hilario danny""]",\N,\N,\N,\N,\N,\N
05rik,"Chandler, Bubba",SP,PIT,\N,"[""chandler bubba""]",\N,\N,\N,\N,\N,\N
06ull,"Hernandez, Jommy",RP,(N/A),\N,"[""hernandez jommy""]",\N,\N,\N,\N,\N,\N
06uli,"Fajardo, Fred",RP,(N/A),\N,"[""fajardo fred""]",\N,\N,\N,\N,\N,\N
06ulj,"Fabian, Andy",RP,BAL,\N,"[""fabian andy""]",\N,\N,\N,\N,\N,\N
06ulg,"Clemente, Jharold",SP,(N/A),\N,"[""clemente jharold""]",\N,\N,\N,\N,\N,\N
06ulh,"Flores, Junior",RP,PIT,\N,"[""flores junior""]",\N,\N,\N,\N,\N,\N
06ule,"De Leon, Meylin",2B,(N/A),\N,"[""de leon meylin""]",\N,\N,\N,\N,\N,\N
06ulf,"De Jesus, Cesar",RP,TB,\N,"[""de jesus cesar""]",\N,\N,\N,\N,\N,\N
06ulc,"Diaz, Norbis",RP,(N/A),\N,"[""diaz norbis""]",\N,\N,\N,\N,\N,\N
06uld,"De Los Santos, Alexander",SP,PHI,\N,"[""de los santos alexander""]",\N,\N,\N,\N,\N,\N
06ula,"Vasquez, Geovanny",RP,CHC,\N,"[""vasquez geovanny""]",\N,\N,\N,\N,\N,\N
06ulb,"Diaz, Reudis",RP,CHW,\N,"[""diaz reudis""]",\N,\N,\N,\N,\N,\N
06ukz,"Carra, Carlos",RP,MIL,\N,"[""carra carlos""]",\N,\N,\N,\N,\N,\N
06ukx,"Chirino, Yoelvin",SP,BOS,\N,"[""chirino yoelvin""]",\N,\N,\N,\N,\N,\N
06um8,"Rund, Aaron",RP,(N/A),\N,"[""rund aaron""]",\N,\N,\N,\N,\N,\N
06ukv,"Beltran, Luis",RP,BAL,\N,"[""beltran luis""]",\N,\N,\N,\N,\N,\N
06um9,"Romero, Jose",RP,CHC,\N,[],\N,\N,\N,\N,\N,\N
06ukw,"Beltran, Jeiki",RP,(N/A),\N,"[""beltran jeiki""]",\N,\N,\N,\N,\N,\N
05rhs,"Castillo, Kenny",C,ARI,\N,"[""castillo kenny""]",\N,\N,\N,\N,\N,\N
06um6,"Newton, Ben",3B,ATH,\N,"[""newton ben""]",\N,\N,\N,\N,\N,\N
05rht,"Hidalgo, Alejandro",SP,MIN,\N,"[""hidalgo alejandro""]",\N,\N,\N,\N,\N,\N
06uku,"Bido, Merlin",SP,BOS,\N,"[""bido merlin""]",\N,\N,\N,\N,\N,\N
06um7,"Suarez, Ramon",RP,TOR,\N,"[""suarez ramon""]",\N,\N,\N,\N,\N,\N
05rhq,"Agostini, Gabriel",RP,(N/A),\N,"[""agostini gabriel""]",\N,\N,\N,\N,\N,\N
06um4,"Obertop, Jimmy",1B,COL,\N,"[""obertop jimmy""]",\N,\N,\N,\N,\N,\N
06ukr,"Brea, Victor",RP,(N/A),\N,"[""brea victor""]",\N,\N,\N,\N,\N,\N
05rhr,"Peralta, Ramon",SS,(N/A),\N,"[""peralta ramon""]",\N,\N,\N,\N,\N,\N
06um5,"Nova, Jose",RP,MIL,\N,"[""nova jose""]",\N,\N,\N,\N,\N,\N
06ukp,"Armbruester, Will",RP,SEA,\N,"[""armbruester will""]",\N,\N,\N,\N,\N,\N
06ukq,"Arias, Eligio",RP,PHI,\N,"[""arias eligio""]",\N,\N,\N,\N,\N,\N
06ukn,"Baez, Jhoster",RP,HOU,\N,"[""baez jhoster""]",\N,\N,\N,\N,\N,\N
06um0,"Mesa, Miguel",RP,BAL,\N,"[""mesa miguel""]",\N,\N,\N,\N,\N,\N
06uko,"Arroyo, Rowell",RP,CHC,\N,"[""arroyo rowell""]",\N,\N,\N,\N,\N,\N
06um1,"Melendez, Edwardo",RP,CHC,\N,"[""melendez edwardo""]",\N,\N,\N,\N,\N,\N
06ukl,"Alcala, Marcelo",CF,CHW,\N,"[""alcala marcelo""]",\N,\N,\N,\N,\N,\N
06ukm,"Barrios, Marco",RP,CHW,\N,"[""barrios marco""]",\N,\N,\N,\N,\N,\N
06ukj,"Almonte, Dawil",RP,(N/A),\N,"[""almonte dawil""]",\N,\N,\N,\N,\N,\N
06ukk,"Allmer, Jay",RP,BOS,\N,"[""allmer jay""]",\N,\N,\N,\N,\N,\N
06ukf,"DeRias, Tate",SP,(N/A),\N,"[""derias tate""]",\N,\N,\N,\N,\N,\N
05rhc,"Bolivar, Luis",LF,(N/A),\N,"[""bolivar luis""]",\N,\N,\N,\N,\N,\N
06ukd,"Arias, Isael",CF,NYY,\N,"[""arias isael""]",\N,\N,\N,\N,\N,\N
06uke,"Ciscar, AJ",SP,(N/A),\N,"[""ciscar aj""]",\N,\N,\N,\N,\N,\N
05rha,"Fernandez, Yosmi",SS,(N/A),\N,"[""fernandez yosmi""]",\N,\N,\N,\N,\N,\N
05rhb,"Mendez, Hendry",LF,MIN,\N,"[""mendez hendry""]",\N,\N,\N,\N,\N,\N
05rct,"Cueva, Danyer",SS,(N/A),\N,"[""cueva danyer""]",\N,\N,\N,\N,\N,\N
05rcu,"Alduey, Fran",3B,(N/A),\N,"[""alduey fran""]",\N,\N,\N,\N,\N,\N
05re4,"Schubart, Nolan",1B,CLE,\N,"[""schubart nolan""]",\N,\N,\N,\N,\N,\N
06uh5,"Belen, Adrian",RP,KC,\N,"[""belen adrian""]",\N,\N,\N,\N,\N,\N
05rcs,"Gonzalez, Gabriel",LF,MIN,\N,"[""gonzalez gabriel""]",\N,\N,\N,\N,\N,\N
06uh6,"Reyes, Jimmy",RP,(N/A),\N,"[""reyes jimmy""]",\N,\N,\N,\N,\N,\N
05rcp,"Nance, Tommy",RP,MIN,\N,"[""nance tommy""]",\N,\N,\N,\N,\N,\N
06uh3,"Stull, Eston",RP,MIN,\N,"[""stull eston""]",\N,\N,\N,\N,\N,\N
05re3,"Grant, Adari",SS,(N/A),\N,"[""grant adari""]",\N,\N,\N,\N,\N,\N
06uh4,"Berrier, Logan",RP,DET,\N,"[""berrier logan""]",\N,\N,\N,\N,\N,\N
074cn,"Meyers, Nishentel",2B,CIN,\N,"[""meyers nishentel""]",\N,\N,\N,\N,\N,\N
06uh1,"Garcia, Anthony",RP,(N/A),\N,"[""garcia anthony""]",\N,\N,\N,\N,\N,\N
06uh2,"Travinski, Hayden",1B,(N/A),\N,"[""travinski hayden""]",\N,\N,\N,\N,\N,\N
074cl,"Sprok, Ashwar",SS,MIN,\N,"[""sprok ashwar""]",\N,\N,\N,\N,\N,\N
05rcm,"Stevens, Felix",RF,(N/A),\N,"[""stevens felix""]",\N,\N,\N,\N,\N,\N
074cm,"Martina, D-Shawn",CF,ARI,\N,"[""martina d shawn""]",\N,\N,\N,\N,\N,\N
06uh0,"Glavine, Peyton",RP,(N/A),\N,"[""glavine peyton""]",\N,\N,\N,\N,\N,\N
074cj,"Rodriguez, Brad",RF,WSH,\N,"[""rodriguez brad""]",\N,\N,\N,\N,\N,\N
05rcj,"Arroyo, Edwin",SS,CIN,\N,"[""arroyo edwin""]",\N,\N,\N,\N,\N,\N
074ck,"Bergolla, Willy",SS,LAD,\N,"[""bergolla willy""]",\N,\N,\N,\N,\N,\N
074ch,"Guaraco, Jendry",SS,COL,\N,"[""guaraco jendry""]",\N,\N,\N,\N,\N,\N
05rch,"Montgomery, Colson",SS,CHW,\N,"[""montgomery colson""]",\N,\N,\N,\N,\N,\N
074ci,"Pulles, Ricardo",C,LAD,\N,"[""pulles ricardo""]",\N,\N,\N,\N,\N,\N
05rci,"Mooney, Alex",SS,CLE,\N,"[""mooney alex""]",\N,\N,\N,\N,\N,\N
05rcf,"Baez, Joshua",RF,STL,\N,"[""baez joshua""]",\N,\N,\N,\N,\N,\N
05rcg,"Montgomery, Braden",CF,CHW,\N,"[""montgomery braden""]",\N,\N,\N,\N,\N,\N
05rcd,"Mack, Joe",C,MIA,\N,"[""mack joe""]",\N,\N,\N,\N,\N,\N
074ce,"Espinoza, Sebastian",CF,CLE,\N,"[""espinoza sebastian""]",\N,\N,\N,\N,\N,\N
074cb,"Valbrune, Jack",CF,HOU,\N,"[""valbrune jack""]",\N,\N,\N,\N,\N,\N
074cc,"Rodriguez, Misael",CF,MIN,\N,"[""rodriguez misael""]",\N,\N,\N,\N,\N,\N
05aap,"Ramirez, Adolfo",RP,(N/A),\N,"[""ramirez adolfo""]",\N,\N,\N,\N,\N,\N
05rbw,"Valdez, Esmerlyn",RF,PIT,\N,"[""valdez esmerlyn""]",\N,\N,\N,\N,\N,\N
061a7,"Sanchez, Edgar",RP,ATH,\N,"[""sanchez edgar""]",\N,\N,\N,\N,\N,\N
061a6,"Ramsey, Ryan",SP,KC,\N,"[""ramsey ryan""]",\N,\N,\N,\N,\N,\N
05rd7,"Bowens, TT",1B,(N/A),\N,"[""bowens tt""]",\N,\N,\N,\N,\N,\N
05rbu,"Guilarte, Daniel",2B,MIL,\N,"[""guilarte daniel""]",\N,\N,\N,\N,\N,\N
05rbv,"Basallo, Samuel",C,BAL,\N,"[""basallo samuel""]",\N,\N,\N,\N,\N,\N
061a8,"Walters, Andrew",RP,CLE,\N,"[""walters andrew""]",\N,\N,\N,\N,\N,\N
05rbs,"Ballesteros, Moises",DH,LAA,\N,"[""ballesteros moises""]",\N,\N,\N,\N,\N,\N
074bt,"Cardozo, Ronald",C,CHW,\N,"[""cardozo ronald""]",\N,\N,\N,\N,\N,\N
05rbt,"Barrios, Gregory",SS,TB,\N,"[""barrios gregory""]",\N,\N,\N,\N,\N,\N
05rbq,"Park, Min-Woo",2B,(N/A),\N,"[""park min woo""]",\N,\N,\N,\N,\N,\N
061a5,"Martinez, Maximo",RP,(N/A),\N,"[""martinez maximo""]",\N,\N,\N,\N,\N,\N
02hxd,"Coulombe, Danny",RP,(N/A),\N,"[""coulombe danny""]",\N,\N,\N,\N,\N,\N
05rbc,"Aguilar, Starlin",3B,SEA,\N,"[""aguilar starlin""]",\N,\N,\N,\N,\N,\N
074bc,"Horn, Archer",SS,(N/A),\N,"[""horn archer""]",\N,\N,\N,\N,\N,\N
05rbd,"Pena, Manuel",1B,ARI,\N,"[""pena manuel""]",\N,\N,\N,\N,\N,\N
05raz,"Petty, Chase",SP,CIN,\N,"[""petty chase""]",\N,\N,\N,\N,\N,\N
05rax,"Pacheco, Izaac",3B,DET,\N,"[""pacheco izaac""]",\N,\N,\N,\N,\N,\N
05rav,"Fitts, Richard",SP,STL,\N,"[""fitts richard""]",\N,\N,\N,\N,\N,\N
05raw,"Ford, Harry",C,WSH,\N,"[""ford harry""]",\N,\N,\N,\N,\N,\N
05rat,"Wood, James",LF,WSH,\N,"[""wood james""]",\N,\N,\N,\N,\N,\N
05rau,"Watson, Kahlil",CF,CLE,\N,"[""watson kahlil""]",\N,\N,\N,\N,\N,\N
074g9,"Hernandez, Jose",1B,LAD,\N,[],\N,\N,\N,\N,\N,\N
05rg6,"Pendleton, Caleb",1B,(N/A),\N,"[""pendleton caleb""]",\N,\N,\N,\N,\N,\N
061bu,"De Los Santos, Juan",SP,(N/A),\N,"[""de los santos juan""]",\N,\N,\N,\N,\N,\N
061bp,"Morgan, Blake",SP,TB,\N,"[""morgan blake""]",\N,\N,\N,\N,\N,\N
06uj5,"Acosta, Angel",2B,KC,\N,"[""acosta angel""]",\N,\N,\N,\N,\N,\N
05rg5,"Brown, McCade",SP,COL,\N,"[""brown mccade""]",\N,\N,\N,\N,\N,\N
061bo,"Lowder, Rhett",SP,CIN,\N,"[""lowder rhett""]",\N,\N,\N,\N,\N,\N
06uj6,"Perez, Jean",2B,(N/A),\N,"[""perez jean""]",\N,\N,\N,\N,\N,\N
06uj4,"Espinal, Edwardo",CF,LAA,\N,"[""espinal edwardo""]",\N,\N,\N,\N,\N,\N
06uhm,"Tejada, Clevari",SP,PIT,\N,"[""tejada clevari""]",\N,\N,\N,\N,\N,\N
061bn,"Peterson, Austin",SP,CLE,\N,"[""peterson austin""]",\N,\N,\N,\N,\N,\N
05rem,"Bryant, Zach",RP,TEX,\N,"[""bryant zach""]",\N,\N,\N,\N,\N,\N
061bm,"Carver, Ross",RP,(N/A),\N,"[""carver ross""]",\N,\N,\N,\N,\N,\N
06uhk,"Perdomo, Cesar",SP,SF,\N,"[""perdomo cesar""]",\N,\N,\N,\N,\N,\N
05rek,"MacLeod, Christian",SP,MIA,\N,"[""macleod christian""]",\N,\N,\N,\N,\N,\N
06uhl,"Bormie, Wilian",RP,TEX,\N,"[""bormie wilian""]",\N,\N,\N,\N,\N,\N
05reh,"Chacin, Jose",SP,(N/A),\N,"[""chacin jose""]",\N,\N,\N,\N,\N,\N
06uhi,"Rosario, Raymon",RP,(N/A),\N,"[""rosario raymon""]",\N,\N,\N,\N,\N,\N
06uhj,"Guerra, Daniel",SP,TOR,\N,"[""guerra daniel""]",\N,\N,\N,\N,\N,\N
06uhg,"William, Junior",RP,TB,\N,"[""william junior""]",\N,\N,\N,\N,\N,\N
06uhh,"Steinbaugh, Conor",RP,HOU,\N,"[""steinbaugh conor""]",\N,\N,\N,\N,\N,\N
06uhe,"Ramos, Jose",2B,SF,\N,[],\N,\N,\N,\N,\N,\N
06uhf,"Hinderleider, Jacob",1B,COL,\N,"[""hinderleider jacob""]",\N,\N,\N,\N,\N,\N
05acp,"Martinez, Justin",RP,ARI,\N,"[""martinez justin""]",\N,\N,\N,\N,\N,\N
06ugz,"Gonzalez, Joseilyn",RP,LAD,\N,"[""gonzalez joseilyn""]",\N,\N,\N,\N,\N,\N
06ugx,"Camejo, Jesus",RP,(N/A),\N,"[""camejo jesus""]",\N,\N,\N,\N,\N,\N
05rf7,"Rhodes, John",1B,(N/A),\N,"[""rhodes john""]",\N,\N,\N,\N,\N,\N
074du,"Savinon, Samuel",SP,LAD,\N,"[""savinon samuel""]",\N,\N,\N,\N,\N,\N
06ugv,"Espinal, Cesar",RP,MIL,\N,"[""espinal cesar""]",\N,\N,\N,\N,\N,\N
06ui8,"Cruz, Rey",C,PHI,\N,"[""cruz rey""]",\N,\N,\N,\N,\N,\N
074dv,"Ramirez, Hanley",CF,PIT,\N,"[""ramirez hanley""]",\N,\N,\N,\N,\N,\N
06ugw,"Castro, Felix",RP,ATH,\N,"[""castro felix""]",\N,\N,\N,\N,\N,\N
05rf5,"Jorge, Carlos",CF,CIN,\N,"[""jorge carlos""]",\N,\N,\N,\N,\N,\N
05rds,"Ravelo, Luis",SS,(N/A),\N,"[""ravelo luis""]",\N,\N,\N,\N,\N,\N
06ugt,"Anderson, Luke",SP,(N/A),\N,"[""anderson luke""]",\N,\N,\N,\N,\N,\N
04oc7,"Vizcaino, Raffi",RP,(N/A),\N,"[""vizcaino raffi""]",\N,\N,\N,\N,\N,\N
074dt,"Duran, Juan",CF,WSH,\N,[],\N,\N,\N,\N,\N,\N
04oc6,"Diaz, Jhonathan",RP,SEA,\N,"[""diaz jhonathan""]",\N,\N,\N,\N,\N,\N
06ugu,"Fell, Mervin",SP,ARI,\N,"[""fell mervin""]",\N,\N,\N,\N,\N,\N
05rdq,"Lopez, Robert",C,(N/A),\N,"[""lopez robert""]",\N,\N,\N,\N,\N,\N
06ugr,"Breault, Hunter",RP,(N/A),\N,"[""breault hunter""]",\N,\N,\N,\N,\N,\N
05rdr,"Zavala, Samuel",CF,CHW,\N,"[""zavala samuel""]",\N,\N,\N,\N,\N,\N
061c0,"Garcia, Manuel",Default,(N/A),\N,"[""garcia manuel""]",\N,\N,\N,\N,\N,\N
05rdo,"Bastidas, Abel",2B,(N/A),\N,"[""bastidas abel""]",\N,\N,\N,\N,\N,\N
06ugp,"De La Torre, Luis",SP,SF,\N,"[""de la torre luis""]",\N,\N,\N,\N,\N,\N
05rdp,"Montesino, Daniel",LF,(N/A),\N,"[""montesino daniel""]",\N,\N,\N,\N,\N,\N
06ugq,"Broca, Jesus",RP,MIL,\N,"[""broca jesus""]",\N,\N,\N,\N,\N,\N
05rdn,"Lira, Enderso",C,(N/A),\N,"[""lira enderso""]",\N,\N,\N,\N,\N,\N
01vxp,"Raley, Brooks",RP,PHI,\N,"[""raley brooks""]",\N,\N,\N,\N,\N,\N
061ab,"Miley, Deylen",SP,(N/A),\N,"[""miley deylen""]",\N,\N,\N,\N,\N,\N
05ad7,"Rodriguez, Manuel",RP,TB,\N,[],\N,\N,\N,\N,\N,\N
05ad6,"Feliz, George",CF,SEA,\N,"[""feliz george""]",\N,\N,\N,\N,\N,\N
05rcz,"Perez, Andrew",RP,(N/A),\N,"[""perez andrew""]",\N,\N,\N,\N,\N,\N
05rcx,"Cabrera, Romtres",LF,(N/A),\N,"[""cabrera romtres""]",\N,\N,\N,\N,\N,\N
04ob8,"Dearden, Tyler",LF,(N/A),\N,"[""dearden tyler""]",\N,\N,\N,\N,\N,\N
05rcy,"Garrett, Ray",SS,(N/A),\N,"[""garrett ray""]",\N,\N,\N,\N,\N,\N
05rcv,"Flores, Yemal",SS,(N/A),\N,"[""flores yemal""]",\N,\N,\N,\N,\N,\N
05re8,"Montero, Fidel",RP,CHW,\N,"[""montero fidel""]",\N,\N,\N,\N,\N,\N
05rcw,"Bernal, Leo",C,STL,\N,"[""bernal leo""]",\N,\N,\N,\N,\N,\N
06dqq,"ODonnell, Ethan",CF,MIA,\N,"[""odonnell ethan""]",\N,\N,\N,\N,\N,\N
05t2b,"Lile, Daylen",RF,WSH,\N,"[""lile daylen""]",\N,\N,\N,\N,\N,\N
06dqr,"Anderson, Ethan",C,BAL,\N,"[""anderson ethan""]",\N,\N,\N,\N,\N,\N
06dqo,"Michel, Garrett",1B,(N/A),\N,"[""michel garrett""]",\N,\N,\N,\N,\N,\N
06dqp,"Vetrano, Joe",1B,LAD,\N,"[""vetrano joe""]",\N,\N,\N,\N,\N,\N
06dqm,"Castillo, Kevyn",CF,LAA,\N,"[""castillo kevyn""]",\N,\N,\N,\N,\N,\N
06dqn,"Fontenelle, Cole",3B,LAA,\N,"[""fontenelle cole""]",\N,\N,\N,\N,\N,\N
06dql,"Adams, Zane",SP,BAL,\N,"[""adams zane""]",\N,\N,\N,\N,\N,\N
06dqi,"Bloss, Jake",SP,TOR,\N,"[""bloss jake""]",\N,\N,\N,\N,\N,\N
06308,"Kempner, William",RP,MIA,\N,"[""kempner william""]",\N,\N,\N,\N,\N,\N
04q08,"Leahy, Kyle",RP,STL,\N,"[""leahy kyle""]",\N,\N,\N,\N,\N,\N
06307,"Olivares, Jose",SP,MIN,\N,"[""olivares jose""]",\N,\N,\N,\N,\N,\N
06dqg,"Morris, Kade",SP,ATH,\N,"[""morris kade""]",\N,\N,\N,\N,\N,\N
06dqh,"Varela, Jose",RP,HOU,\N,"[""varela jose""]",\N,\N,\N,\N,\N,\N
06309,"Martin, Trevor",RP,LAA,\N,"[""martin trevor""]",\N,\N,\N,\N,\N,\N
06dqf,"Wyatt, Hiro",SP,KC,\N,"[""wyatt hiro""]",\N,\N,\N,\N,\N,\N
07634,"German, Lewis",CF,KC,\N,"[""german lewis""]",\N,\N,\N,\N,\N,\N
074or,"Vargas, Christopher",CF,STL,\N,"[""vargas christopher""]",\N,\N,\N,\N,\N,\N
01fcp,"Kelly, Casey",RP,(N/A),\N,"[""kelly casey""]",\N,\N,\N,\N,\N,\N
06dqc,"Forrester, Garret",C,MIA,\N,"[""forrester garret""]",\N,\N,\N,\N,\N,\N
06dqd,"Williamson, Ben",3B,TB,\N,"[""williamson ben""]",\N,\N,\N,\N,\N,\N
04q05,"Vesia, Alex",RP,LAD,\N,"[""vesia alex""]",\N,\N,\N,\N,\N,\N
06dqa,"Pratt, Karniel",LF,(N/A),\N,"[""pratt karniel""]",\N,\N,\N,\N,\N,\N
06300,"Brannon, Brooks",C,BOS,\N,"[""brannon brooks""]",\N,\N,\N,\N,\N,\N
06ut3,"Pena, Emmanuel",SP,BAL,\N,"[""pena emmanuel""]",\N,\N,\N,\N,\N,\N
07633,"Frias, Luis",CF,SF,\N,[],\N,\N,\N,\N,\N,\N
06dqb,"Smith, Shane",SP,CHW,\N,"[""smith shane""]",\N,\N,\N,\N,\N,\N
061lp,"Calderon, Yorlin",RP,(N/A),\N,"[""calderon yorlin""]",\N,\N,\N,\N,\N,\N
04q02,"Case, Brad",RP,(N/A),\N,"[""case brad""]",\N,\N,\N,\N,\N,\N
061lo,"Hejka, Josh",RP,MIA,\N,"[""hejka josh""]",\N,\N,\N,\N,\N,\N
04q01,"Dean, Justin",CF,CHC,\N,"[""dean justin""]",\N,\N,\N,\N,\N,\N
06ut2,"Martinez, Keyner",SP,SF,\N,"[""martinez keyner""]",\N,\N,\N,\N,\N,\N
06301,"Simmons, Toby",CF,(N/A),\N,"[""simmons toby""]",\N,\N,\N,\N,\N,\N
061lj,"Santos, Winston",SP,TEX,\N,"[""santos winston""]",\N,\N,\N,\N,\N,\N
061li,"Percival, Cole",RP,(N/A),\N,"[""percival cole""]",\N,\N,\N,\N,\N,\N
06dpy,"Watson, Danny",RP,NYY,\N,"[""watson danny""]",\N,\N,\N,\N,\N,\N
0761f,"Harsch, Marcelo",RP,(N/A),\N,"[""harsch marcelo""]",\N,\N,\N,\N,\N,\N
05ao9,"Machado, Estiven",SS,(N/A),\N,"[""machado estiven""]",\N,\N,\N,\N,\N,\N
0761d,"Worthley, Jeter",C,(N/A),\N,"[""worthley jeter""]",\N,\N,\N,\N,\N,\N
06dpt,"Diaz, Jatnk",SP,DET,\N,"[""diaz jatnk""]",\N,\N,\N,\N,\N,\N
0761e,"Jones, Evan",RP,(N/A),\N,"[""jones evan""]",\N,\N,\N,\N,\N,\N
06dpu,"Campero, Gustavo",RF,LAA,\N,"[""campero gustavo""]",\N,\N,\N,\N,\N,\N
0761b,"Rodriguez, Victor",RP,MIA,\N,[],\N,\N,\N,\N,\N,\N
0761c,"Salcedo, Yeraldo",RP,PIT,\N,"[""salcedo yeraldo""]",\N,\N,\N,\N,\N,\N
0761a,"Ramirez, Chaily",RP,CHC,\N,"[""ramirez chaily""]",\N,\N,\N,\N,\N,\N
074nz,"Jatczak, Hayden",3B,SF,\N,"[""jatczak hayden""]",\N,\N,\N,\N,\N,\N
05t29,"Nahas, Joe",RP,(N/A),\N,"[""nahas joe""]",\N,\N,\N,\N,\N,\N
05t25,"Simon, Ronny",LF,PIT,\N,"[""simon ronny""]",\N,\N,\N,\N,\N,\N
06uqp,"Done, Carlos",RF,MIL,\N,[],\N,\N,\N,\N,\N,\N
05t0n,"Thoresen, Sam",RP,(N/A),\N,"[""thoresen sam""]",\N,\N,\N,\N,\N,\N
06uqj,"Urdaneta, Roberto",RP,ATH,\N,"[""urdaneta roberto""]",\N,\N,\N,\N,\N,\N
06uqk,"Villafana, Deivi",SP,CIN,\N,"[""villafana deivi""]",\N,\N,\N,\N,\N,\N
06dq9,"Smith, Aidan",CF,NYM,\N,"[""smith aidan""]",\N,\N,\N,\N,\N,\N
06uqh,"Solano, Mendry",RP,DET,\N,"[""solano mendry""]",\N,\N,\N,\N,\N,\N
06uqi,"Superlano, Jesus",3B,ATH,\N,"[""superlano jesus""]",\N,\N,\N,\N,\N,\N
06uqf,"Arias, Jesmaylin",RF,SD,\N,"[""arias jesmaylin""]",\N,\N,\N,\N,\N,\N
06uqg,"Alcantara, Stanly",RP,NYY,\N,"[""alcantara stanly""]",\N,\N,\N,\N,\N,\N
06dq5,"Morel, Braylin",RF,(N/A),\N,"[""morel braylin""]",\N,\N,\N,\N,\N,\N
06f1s,"Suozzi, Joe",RF,(N/A),\N,"[""suozzi joe""]",\N,\N,\N,\N,\N,\N
06uqd,"Batista, Erick",RP,SD,\N,"[""batista erick""]",\N,\N,\N,\N,\N,\N
06dq6,"Mahoney, Jack",SP,COL,\N,[],\N,\N,\N,\N,\N,\N
06uqe,"Arias, Yeimison",RP,(N/A),\N,"[""arias yeimison""]",\N,\N,\N,\N,\N,\N
0760a,"Salaya, Jubrayker",RP,CHC,\N,"[""salaya jubrayker""]",\N,\N,\N,\N,\N,\N
06f1q,"Oppor, Christian",SP,CHW,\N,"[""oppor christian""]",\N,\N,\N,\N,\N,\N
0760b,"Gonzalez, Harold",3B,LAD,\N,"[""gonzalez harold""]",\N,\N,\N,\N,\N,\N
06dq4,"Rojas, Eyeksson",2B,WSH,\N,"[""rojas eyeksson""]",\N,\N,\N,\N,\N,\N
06f1r,"Early, Connelly",SP,WSH,\N,"[""early connelly""]",\N,\N,\N,\N,\N,\N
061oc,"Rivera, Yaqui",RP,BAL,\N,"[""rivera yaqui""]",\N,\N,\N,\N,\N,\N
061ob,"Vargas, Imanol",1B,(N/A),\N,"[""vargas imanol""]",\N,\N,\N,\N,\N,\N
04q1b,"Villers, Ian",RP,(N/A),\N,"[""villers ian""]",\N,\N,\N,\N,\N,\N
04q26,"Capra, Vinny",SS,BOS,\N,"[""capra vinny""]",\N,\N,\N,\N,\N,\N
06uv9,"Ramos, Albert",SP,DET,\N,"[""ramos albert""]",\N,\N,\N,\N,\N,\N
06dse,"Fowler, Dalton",RP,(N/A),\N,"[""fowler dalton""]",\N,\N,\N,\N,\N,\N
06uv7,"Ahn, Hyun Min",RF,(N/A),\N,"[""ahn hyun min""]",\N,\N,\N,\N,\N,\N
04q0v,"Dabovich, R.J.",RP,SF,\N,"[""dabovich r j""]",\N,\N,\N,\N,\N,\N
06328,"Morlando, PJ",LF,MIA,\N,"[""morlando pj""]",\N,\N,\N,\N,\N,\N
07657,"Braffit, Yosangel",SP,MIN,\N,"[""braffit yosangel""]",\N,\N,\N,\N,\N,\N
061p7,"De Avila, Luis",SP,(N/A),\N,"[""de avila luis""]",\N,\N,\N,\N,\N,\N
06uv8,"Paez, Ricardo",LF,MIN,\N,"[""paez ricardo""]",\N,\N,\N,\N,\N,\N
0763r,"Ramos, Emilio",RP,CHC,\N,"[""ramos emilio""]",\N,\N,\N,\N,\N,\N
06dsc,"Storm, Justin",RP,MIA,\N,"[""storm justin""]",\N,\N,\N,\N,\N,\N
06dsd,"Widener, Jacob",RP,(N/A),\N,"[""widener jacob""]",\N,\N,\N,\N,\N,\N
04q0o,"Gonzalez, Romy",1B,BOS,\N,"[""gonzalez romy""]",\N,\N,\N,\N,\N,\N
0763p,"Wilson, Bradley",RP,TOR,\N,"[""wilson bradley""]",\N,\N,\N,\N,\N,\N
06dsa,"Karros, Kyle",3B,COL,\N,"[""karros kyle""]",\N,\N,\N,\N,\N,\N
04q0r,"Smith, Dylan",RP,SF,\N,"[""smith dylan""]",\N,\N,\N,\N,\N,\N
04q24,"Schuemann, Max",2B,NYY,\N,"[""schuemann max""]",\N,\N,\N,\N,\N,\N
0763q,"Denny, Hogan",RF,(N/A),\N,"[""denny hogan""]",\N,\N,\N,\N,\N,\N
06dsb,"Furtado, Hunter",RP,PIT,\N,"[""furtado hunter""]",\N,\N,\N,\N,\N,\N
04q23,"Alexander, CJ",3B,HOU,\N,"[""alexander cj""]",\N,\N,\N,\N,\N,\N
0763n,"Fuson, Justin",SP,CHW,\N,"[""fuson justin""]",\N,\N,\N,\N,\N,\N
0630l,"Morabito, Nick",CF,NYM,\N,"[""morabito nick""]",\N,\N,\N,\N,\N,\N
0763o,"Gregersen, Simon",RP,ARI,\N,"[""gregersen simon""]",\N,\N,\N,\N,\N,\N
0630k,"Burkhalter, Blake",SP,ATL,\N,"[""burkhalter blake""]",\N,\N,\N,\N,\N,\N
0763l,"Tejeda, Eduarlin",2B,SD,\N,"[""tejeda eduarlin""]",\N,\N,\N,\N,\N,\N
0630n,"Estrada, Aron",2B,BAL,\N,"[""estrada aron""]",\N,\N,\N,\N,\N,\N
0763m,"Valdez, Luis",RP,KC,\N,[],\N,\N,\N,\N,\N,\N
0630m,"Boyd, Justin",RF,(N/A),\N,"[""boyd justin""]",\N,\N,\N,\N,\N,\N
0763j,"Vivas, Leonel",SS,CHC,\N,"[""vivas leonel""]",\N,\N,\N,\N,\N,\N
0630h,"Barnett, Mason",SP,ATH,\N,"[""barnett mason""]",\N,\N,\N,\N,\N,\N
04q0h,"Kroon, Matt",LF,(N/A),\N,"[""kroon matt""]",\N,\N,\N,\N,\N,\N
074qk,"De Leon, Leonil",SP,STL,\N,"[""de leon leonil""]",\N,\N,\N,\N,\N,\N
0763k,"Vargas, Santiago",SS,SD,\N,"[""vargas santiago""]",\N,\N,\N,\N,\N,\N
0630g,"Lampe, Joe",LF,(N/A),\N,"[""lampe joe""]",\N,\N,\N,\N,\N,\N
0763h,"Rodriguez, Esterling",CF,PHI,\N,"[""rodriguez esterling""]",\N,\N,\N,\N,\N,\N
0630j,"Brannigan, Jack",SS,PIT,\N,"[""brannigan jack""]",\N,\N,\N,\N,\N,\N
0763i,"Elejandro, Juan",2B,ATL,\N,"[""elejandro juan""]",\N,\N,\N,\N,\N,\N
0630i,"Paciolla, Christopher",3B,(N/A),\N,"[""paciolla christopher""]",\N,\N,\N,\N,\N,\N
0763f,"Alvarez, Juan",1B,ARI,\N,"[""alvarez juan""]",\N,\N,\N,\N,\N,\N
0630d,"Baldwin, Drake",C,ATL,\N,"[""baldwin drake""]",\N,\N,\N,\N,\N,\N
06utg,"Kilby, Dax",SS,NYY,\N,"[""kilby dax""]",\N,\N,\N,\N,\N,\N
0763g,"Mindiola, Yeider",C,NYM,\N,"[""mindiola yeider""]",\N,\N,\N,\N,\N,\N
0630c,"Rogers, Dalton",SP,BOS,\N,"[""rogers dalton""]",\N,\N,\N,\N,\N,\N
06uth,"Fisher, Matthew",SP,PHI,\N,"[""fisher matthew""]",\N,\N,\N,\N,\N,\N
06ute,"Neville, Mason",LF,CIN,\N,"[""neville mason""]",\N,\N,\N,\N,\N,\N
0630f,"Rincones Jr., Gabriel",RF,PHI,\N,"[""rincones jr gabriel""]",\N,\N,\N,\N,\N,\N
0630e,"Thomas, Colby",RF,PHI,\N,"[""thomas colby""]",\N,\N,\N,\N,\N,\N
06utf,"Phillips, Marcus",SP,BOS,\N,"[""phillips marcus""]",\N,\N,\N,\N,\N,\N
06drr,"Portes, Edgar",RP,BAL,\N,"[""portes edgar""]",\N,\N,\N,\N,\N,\N
06utc,"Becker, Nick",SS,SEA,\N,"[""becker nick""]",\N,\N,\N,\N,\N,\N
06utd,"Blair, Alec",CF,(N/A),\N,"[""blair alec""]",\N,\N,\N,\N,\N,\N
06drp,"Campbell, Clayton",1B,DET,\N,"[""campbell clayton""]",\N,\N,\N,\N,\N,\N
0630b,"Vrieling, Trystan",SP,SF,\N,"[""vrieling trystan""]",\N,\N,\N,\N,\N,\N
06drq,"Josenberger, Tavian",RF,BAL,\N,"[""josenberger tavian""]",\N,\N,\N,\N,\N,\N
0630a,"Knorr, Michael",RP,HOU,\N,"[""knorr michael""]",\N,\N,\N,\N,\N,\N
05aom,"Quintana, Roismar",RF,(N/A),\N,"[""quintana roismar""]",\N,\N,\N,\N,\N,\N
05aoc,"Perez, Eury",SP,MIA,\N,"[""perez eury""]",\N,\N,\N,\N,\N,\N
05aof,"Alegre, Delvis",SP,(N/A),\N,"[""alegre delvis""]",\N,\N,\N,\N,\N,\N
061o0,"Chevalier, Luis",3B,KC,\N,"[""chevalier luis""]",\N,\N,\N,\N,\N,\N
061mp,"Strzelecki, Peter",RP,STL,\N,"[""strzelecki peter""]",\N,\N,\N,\N,\N,\N
04q12,"Wielansky, Michael",3B,(N/A),\N,"[""wielansky michael""]",\N,\N,\N,\N,\N,\N
061mj,"Perez, Jeral",2B,CHW,\N,"[""perez jeral""]",\N,\N,\N,\N,\N,\N
074pg,"Rodriguez, Luis",SP,HOU,\N,[],\N,\N,\N,\N,\N,\N
06ds9,"Romero, Kiko",1B,(N/A),\N,"[""romero kiko""]",\N,\N,\N,\N,\N,\N
061mi,"Coleman, Carson",RP,NYY,\N,"[""coleman carson""]",\N,\N,\N,\N,\N,\N
074ph,"Rego, Cristian",SP,PHI,\N,"[""rego cristian""]",\N,\N,\N,\N,\N,\N
061mh,"Snelling, Robby",SP,MIA,\N,"[""snelling robby""]",\N,\N,\N,\N,\N,\N
06dqu,"Johnson, Justin",2B,KC,\N,"[""johnson justin""]",\N,\N,\N,\N,\N,\N
074pf,"Kinjo, Tomoya",SP,TOR,\N,"[""kinjo tomoya""]",\N,\N,\N,\N,\N,\N
06ds8,"Nadal, Demetrio",LF,(N/A),\N,"[""nadal demetrio""]",\N,\N,\N,\N,\N,\N
06dqs,"Yorke, Zach",1B,(N/A),\N,"[""yorke zach""]",\N,\N,\N,\N,\N,\N
06dqt,"Redfield, Joe",LF,(N/A),\N,"[""redfield joe""]",\N,\N,\N,\N,\N,\N
05rkx,"Roxby, Braxton",RP,SF,\N,"[""roxby braxton""]",\N,\N,\N,\N,\N,\N
05ajg,"Kim, Ha-seong",SS,ATL,\N,"[""kim ha seong""]",\N,\N,\N,\N,\N,\N
061hw,"Beers, Blake",SP,ATH,\N,"[""beers blake""]",\N,\N,\N,\N,\N,\N
05ajh,"Crochet, Garrett",SP,BOS,\N,"[""crochet garrett""]",\N,\N,\N,\N,\N,\N
05rks,"Mey, Luis",RP,CIN,\N,"[""mey luis""]",\N,\N,\N,\N,\N,\N
05rkq,"Fernandez, Jose",SS,ARI,\N,[],\N,\N,\N,\N,\N,\N
05rkn,"Pena, Jefferson",LF,(N/A),\N,"[""pena jefferson""]",\N,\N,\N,\N,\N,\N
05rko,"Valenzuela, Brandon",C,TOR,\N,"[""valenzuela brandon""]",\N,\N,\N,\N,\N,\N
06dlz,"Waldschmidt, Ryan",LF,ARI,\N,"[""waldschmidt ryan""]",\N,\N,\N,\N,\N,\N
06dlx,"Nezuh, Jackson",SP,HOU,\N,"[""nezuh jackson""]",\N,\N,\N,\N,\N,\N
06dly,"Spikerman, John",RF,NYM,\N,"[""spikerman john""]",\N,\N,\N,\N,\N,\N
05rkf,"Tamarez, Misael",RP,SD,\N,"[""tamarez misael""]",\N,\N,\N,\N,\N,\N
06dn8,"Nivens, Spencer",LF,KC,\N,"[""nivens spencer""]",\N,\N,\N,\N,\N,\N
06dn9,"Brock, Julian",C,TEX,\N,"[""brock julian""]",\N,\N,\N,\N,\N,\N
06dn6,"Kayfus, CJ",RF,CLE,\N,"[""kayfus cj""]",\N,\N,\N,\N,\N,\N
06f07,"Perdomo, Jhonny",2B,(N/A),\N,"[""perdomo jhonny""]",\N,\N,\N,\N,\N,\N
06dn7,"Ewing, A.J.",CF,NYM,\N,"[""ewing a j""]",\N,\N,\N,\N,\N,\N
06dn4,"Rodden, Brock",SS,SEA,\N,"[""rodden brock""]",\N,\N,\N,\N,\N,\N
06dn5,"Cunningham, Jake",LF,SD,\N,"[""cunningham jake""]",\N,\N,\N,\N,\N,\N
06und,"Teran, Saul",RP,PHI,\N,"[""teran saul""]",\N,\N,\N,\N,\N,\N
06dn0,"Massey, Michael",SP,DET,\N,[],\N,\N,\N,\N,\N,\N
06dn1,"Lorusso, Nick",1B,NYM,\N,"[""lorusso nick""]",\N,\N,\N,\N,\N,\N
061gx,"Melton, Jacob",CF,TB,\N,"[""melton jacob""]",\N,\N,\N,\N,\N,\N
06umx,"Smith, Darien",RP,SF,\N,"[""smith darien""]",\N,\N,\N,\N,\N,\N
06umy,"Serrano, Jose",RP,HOU,\N,[],\N,\N,\N,\N,\N,\N
06uo8,"Bravo, Ayendy",RP,(N/A),\N,"[""bravo ayendy""]",\N,\N,\N,\N,\N,\N
06umv,"Suarez, Josdanner",RP,ARI,\N,"[""suarez josdanner""]",\N,\N,\N,\N,\N,\N
06umw,"Starling, Gant",RP,(N/A),\N,"[""starling gant""]",\N,\N,\N,\N,\N,\N
06umt,"Reyes, Yokelvin",RP,LAA,\N,"[""reyes yokelvin""]",\N,\N,\N,\N,\N,\N
06uo6,"Rodriguez, Daniel",SS,TEX,\N,"[""rodriguez daniel""]",\N,\N,\N,\N,\N,\N
06umu,"Reyes, Alan",RP,STL,\N,"[""reyes alan""]",\N,\N,\N,\N,\N,\N
06umr,"Romero, Luifer",SP,(N/A),\N,"[""romero luifer""]",\N,\N,\N,\N,\N,\N
05aid,"Corona, Kenedy",CF,NYY,\N,"[""corona kenedy""]",\N,\N,\N,\N,\N,\N
06ums,"Rojas, Daniel",LF,STL,\N,"[""rojas daniel""]",\N,\N,\N,\N,\N,\N
05rjo,"Cabrera, Ricky",3B,CIN,\N,"[""cabrera ricky""]",\N,\N,\N,\N,\N,\N
06ump,"Ramirez, Wanmer",RP,(N/A),\N,"[""ramirez wanmer""]",\N,\N,\N,\N,\N,\N
05rl2,"Stovall, Peyton",2B,CIN,\N,"[""stovall peyton""]",\N,\N,\N,\N,\N,\N
06umq,"Ruiz, Yermain",SP,BOS,\N,"[""ruiz yermain""]",\N,\N,\N,\N,\N,\N
05rjm,"Peguero, Jonathan",C,(N/A),\N,"[""peguero jonathan""]",\N,\N,\N,\N,\N,\N
06umn,"Ramos, Renil",RP,CLE,\N,"[""ramos renil""]",\N,\N,\N,\N,\N,\N
061i0,"De Los Santos, Omar",LF,(N/A),\N,"[""de los santos omar""]",\N,\N,\N,\N,\N,\N
06umo,"Ramos, Fernando",RP,(N/A),\N,"[""ramos fernando""]",\N,\N,\N,\N,\N,\N
06uml,"Napleton, Luke",C,(N/A),\N,"[""napleton luke""]",\N,\N,\N,\N,\N,\N
05rjl,"Planchart, Geovanny",C,TOR,\N,"[""planchart geovanny""]",\N,\N,\N,\N,\N,\N
06umm,"Curtis, Jake",RP,CHW,\N,"[""curtis jake""]",\N,\N,\N,\N,\N,\N
06umj,"Oxford, Brennen",RP,(N/A),\N,"[""oxford brennen""]",\N,\N,\N,\N,\N,\N
06umk,"Otosaka, Tomo",CF,(N/A),\N,"[""otosaka tomo""]",\N,\N,\N,\N,\N,\N
06umh,"Sophy, Kaleb",SP,(N/A),\N,"[""sophy kaleb""]",\N,\N,\N,\N,\N,\N
06umi,"Sheehan, Tommy",SP,CHW,\N,"[""sheehan tommy""]",\N,\N,\N,\N,\N,\N
06umf,"Blanco, Wilmer",SP,PHI,\N,"[""blanco wilmer""]",\N,\N,\N,\N,\N,\N
06umg,"Zapata, Deyer",RP,ARI,\N,"[""zapata deyer""]",\N,\N,\N,\N,\N,\N
05rjc,"Serrano, Jhoniel",SP,(N/A),\N,"[""serrano jhoniel""]",\N,\N,\N,\N,\N,\N
06umd,"Gonzalez, Orlando",RP,PHI,\N,"[""gonzalez orlando""]",\N,\N,\N,\N,\N,\N
06ume,"Denner, Jacob",RP,SEA,\N,"[""denner jacob""]",\N,\N,\N,\N,\N,\N
06umb,"Manning, Noah",RP,(N/A),\N,"[""manning noah""]",\N,\N,\N,\N,\N,\N
05rjb,"Diaz, Joel",SP,NYM,\N,"[""diaz joel""]",\N,\N,\N,\N,\N,\N
06umc,"Jimenez, Onias",RP,(N/A),\N,"[""jimenez onias""]",\N,\N,\N,\N,\N,\N
06uma,"Ramos, Porfirio",RP,HOU,\N,"[""ramos porfirio""]",\N,\N,\N,\N,\N,\N
06dm0,"De La Cruz, Felipe",RP,NYM,\N,"[""de la cruz felipe""]",\N,\N,\N,\N,\N,\N
06f1o,"Harrison, Trevor",SP,TB,\N,"[""harrison trevor""]",\N,\N,\N,\N,\N,\N
06f1p,"Birchard, Ryan",SP,MIL,\N,"[""birchard ryan""]",\N,\N,\N,\N,\N,\N
06dq2,"Maroudis, Landen",SP,TOR,\N,"[""maroudis landen""]",\N,\N,\N,\N,\N,\N
06f1m,"Jaworsky, Chase",SS,MIA,\N,"[""jaworsky chase""]",\N,\N,\N,\N,\N,\N
06f1n,"Levenson, Zach",CF,STL,\N,"[""levenson zach""]",\N,\N,\N,\N,\N,\N
06f1l,"Picard, Coleman",RP,KC,\N,"[""picard coleman""]",\N,\N,\N,\N,\N,\N
06f1i,"Denton, Cade",RP,COL,\N,"[""denton cade""]",\N,\N,\N,\N,\N,\N
06upy,"Luna, Jesus",RP,(N/A),\N,"[""luna jesus""]",\N,\N,\N,\N,\N,\N
06f1j,"Scarborough, Caden",SP,TEX,\N,"[""scarborough caden""]",\N,\N,\N,\N,\N,\N
06upz,"Garcia, Pedro",RP,DET,\N,[],\N,\N,\N,\N,\N,\N
07618,"Marte, Edwin",SP,BAL,\N,"[""marte edwin""]",\N,\N,\N,\N,\N,\N
06f1g,"Harry, Jay",SS,TOR,\N,"[""harry jay""]",\N,\N,\N,\N,\N,\N
06upw,"Crespo, Anthony",RP,(N/A),\N,"[""crespo anthony""]",\N,\N,\N,\N,\N,\N
07619,"Muniz, Juan",RP,PIT,\N,"[""muniz juan""]",\N,\N,\N,\N,\N,\N
06f1h,"Rosario, Alfonsin",CF,CLE,\N,"[""rosario alfonsin""]",\N,\N,\N,\N,\N,\N
06upx,"Alvarez, Efren",SP,STL,\N,"[""alvarez efren""]",\N,\N,\N,\N,\N,\N
07616,"Garcia, Luis",RP,TEX,\N,[],\N,\N,\N,\N,\N,\N
06f1e,"Gordon, Lucas",SP,CHW,\N,"[""gordon lucas""]",\N,\N,\N,\N,\N,\N
06upu,"Toscano, Miguel",SP,TB,\N,"[""toscano miguel""]",\N,\N,\N,\N,\N,\N
07617,"Jimenez, Elvin",RP,MIA,\N,"[""jimenez elvin""]",\N,\N,\N,\N,\N,\N
06f1f,"Weins, CJ",RP,DET,\N,"[""weins cj""]",\N,\N,\N,\N,\N,\N
06upv,"Tanner, Alistair",SP,DET,\N,"[""tanner alistair""]",\N,\N,\N,\N,\N,\N
07614,"Cruz, Manuel",SP,NYY,\N,"[""cruz manuel""]",\N,\N,\N,\N,\N,\N
06f1c,"Wenninger, Jack",SP,NYM,\N,"[""wenninger jack""]",\N,\N,\N,\N,\N,\N
06ups,"Vannelle, Vince",RP,(N/A),\N,"[""vannelle vince""]",\N,\N,\N,\N,\N,\N
04ol2,"Peguero, Liover",SS,PHI,\N,"[""peguero liover""]",\N,\N,\N,\N,\N,\N
07615,"De Aza, Diover",3B,NYM,\N,"[""de aza diover""]",\N,\N,\N,\N,\N,\N
06f1d,"Cravey, Jacob",RP,BAL,\N,"[""cravey jacob""]",\N,\N,\N,\N,\N,\N
06upt,"Turbi, Emil",SS,(N/A),\N,"[""turbi emil""]",\N,\N,\N,\N,\N,\N
07612,"Brito, Jean",SP,NYM,\N,"[""brito jean""]",\N,\N,\N,\N,\N,\N
06f1a,"Hawke, Tommy",LF,CLE,\N,"[""hawke tommy""]",\N,\N,\N,\N,\N,\N
07613,"Carrera, Alonso",RP,TB,\N,"[""carrera alonso""]",\N,\N,\N,\N,\N,\N
06f1b,"Hopkins, Brody",SP,TB,\N,"[""hopkins brody""]",\N,\N,\N,\N,\N,\N
074mn,"Hamilton, Connor",SP,(N/A),\N,"[""hamilton connor""]",\N,\N,\N,\N,\N,\N
07610,"Almonte, Raminel",SP,ARI,\N,"[""almonte raminel""]",\N,\N,\N,\N,\N,\N
07611,"Azocar, Gabriel",C,PHI,\N,"[""azocar gabriel""]",\N,\N,\N,\N,\N,\N
074mo,"Sims, Aiden",SP,(N/A),\N,"[""sims aiden""]",\N,\N,\N,\N,\N,\N
074mm,"Righi, Cam",RF,(N/A),\N,"[""righi cam""]",\N,\N,\N,\N,\N,\N
06f0z,"McAdoo, Charles",3B,TOR,\N,"[""mcadoo charles""]",\N,\N,\N,\N,\N,\N
06f0v,"Clark, Chris",SP,TB,\N,"[""clark chris""]",\N,\N,\N,\N,\N,\N
06f0w,"Questad, Dylan",RP,MIN,\N,"[""questad dylan""]",\N,\N,\N,\N,\N,\N
061jc,"Herrin, Tim",RP,CLE,\N,"[""herrin tim""]",\N,\N,\N,\N,\N,\N
06f0t,"Swan, Eriq",SP,WSH,\N,"[""swan eriq""]",\N,\N,\N,\N,\N,\N
02zg5,"Cameron, Daz",RF,TOR,\N,"[""cameron daz""]",\N,\N,\N,\N,\N,\N
06f0u,"Hamm, Jaden",SP,DET,\N,"[""hamm jaden""]",\N,\N,\N,\N,\N,\N
061je,"Hunley, Sean",RP,(N/A),\N,"[""hunley sean""]",\N,\N,\N,\N,\N,\N
05aku,"Suisbel, Luis",3B,SEA,\N,"[""suisbel luis""]",\N,\N,\N,\N,\N,\N
06f0r,"Riemer, Justin",2B,ATH,\N,"[""riemer justin""]",\N,\N,\N,\N,\N,\N
06f0s,"Troesser, Austin",RP,NYM,\N,"[""troesser austin""]",\N,\N,\N,\N,\N,\N
06f0p,"Ingle, Cooper",C,CLE,\N,"[""ingle cooper""]",\N,\N,\N,\N,\N,\N
061jb,"Nolasco, Yohemy",RP,(N/A),\N,"[""nolasco yohemy""]",\N,\N,\N,\N,\N,\N
06f0q,"Campbell, Kristian",RF,BOS,\N,"[""campbell kristian""]",\N,\N,\N,\N,\N,\N
06f0n,"Woodward, Jason",SP,MIL,\N,"[""woodward jason""]",\N,\N,\N,\N,\N,\N
06f0o,"Hudepohl, Wyatt",SP,NYM,\N,"[""hudepohl wyatt""]",\N,\N,\N,\N,\N,\N
06f0l,"Duffy, Matt",SP,BOS,\N,[],\N,\N,\N,\N,\N,\N
06f0m,"Harris, Calvin",C,CHW,\N,"[""harris calvin""]",\N,\N,\N,\N,\N,\N
06f0j,"Diaz, Franyel",RP,NYM,\N,"[""diaz franyel""]",\N,\N,\N,\N,\N,\N
06f0k,"Flores, Rafael",1B,PIT,\N,[],\N,\N,\N,\N,\N,\N
074lw,"Rojas, Sebastian",C,STL,\N,[],\N,\N,\N,\N,\N,\N
07609,"Parra, Jose",SP,ATH,\N,"[""parra jose""]",\N,\N,\N,\N,\N,\N
06uow,"Argudin, Marco",CF,TEX,\N,"[""argudin marco""]",\N,\N,\N,\N,\N,\N
06dnd,"Hernandez, Jorge",2B,KC,\N,"[""hernandez jorge""]",\N,\N,\N,\N,\N,\N
06dne,"Paz, Marcos",SP,(N/A),\N,"[""paz marcos""]",\N,\N,\N,\N,\N,\N
074lq,"Kuribayashi, Ryoji",SP,(N/A),\N,"[""kuribayashi ryoji""]",\N,\N,\N,\N,\N,\N
06dnb,"Boeve, Mike",1B,MIL,\N,"[""boeve mike""]",\N,\N,\N,\N,\N,\N
074lr,"Hosono, Haruki",SP,(N/A),\N,"[""hosono haruki""]",\N,\N,\N,\N,\N,\N
06dnc,"Winokur, Brandon",CF,MIN,\N,"[""winokur brandon""]",\N,\N,\N,\N,\N,\N
04ok0,"Vasil, Mike",RP,CHW,\N,"[""vasil mike""]",\N,\N,\N,\N,\N,\N
06uq2,"Netz, Dawson",RP,CHC,\N,"[""netz dawson""]",\N,\N,\N,\N,\N,\N
04ok3,"Toglia, Michael",1B,CIN,\N,"[""toglia michael""]",\N,\N,\N,\N,\N,\N
06dna,"Drake, Isaiah",CF,ATL,\N,"[""drake isaiah""]",\N,\N,\N,\N,\N,\N
06uq3,"Montero, Euri",RP,WSH,\N,"[""montero euri""]",\N,\N,\N,\N,\N,\N
06uq0,"Redona, Iker",SP,CIN,\N,"[""redona iker""]",\N,\N,\N,\N,\N,\N
06uq1,"Quintana, Yulian",RP,PIT,\N,"[""quintana yulian""]",\N,\N,\N,\N,\N,\N
06dmz,"Vradenburg, Brock",1B,(N/A),\N,"[""vradenburg brock""]",\N,\N,\N,\N,\N,\N
06f17,"Gonzalez Garcia, Bryan",C,LAD,\N,"[""gonzalez garcia bryan""]",\N,\N,\N,\N,\N,\N
06do7,"Mann, Luke",3B,ATH,\N,"[""mann luke""]",\N,\N,\N,\N,\N,\N
06f18,"Braun, Lucas",SP,KC,\N,"[""braun lucas""]",\N,\N,\N,\N,\N,\N
06f15,"Smith, Cade",SP,NYY,\N,[],\N,\N,\N,\N,\N,\N
06uod,"Montero, Angel",SP,NYM,\N,"[""montero angel""]",\N,\N,\N,\N,\N,\N
06f16,"Beshears, Jay",3B,MIA,\N,"[""beshears jay""]",\N,\N,\N,\N,\N,\N
06do6,"Russell, Jonathan",RP,TB,\N,"[""russell jonathan""]",\N,\N,\N,\N,\N,\N
06uoe,"Ubiera, Giomar",SS,NYM,\N,"[""ubiera giomar""]",\N,\N,\N,\N,\N,\N
06f13,"Roh, Si-Hwan",3B,(N/A),\N,"[""roh si hwan""]",\N,\N,\N,\N,\N,\N
06dmq,"Carr, Kyle",SP,NYY,\N,"[""carr kyle""]",\N,\N,\N,\N,\N,\N
05rlb,"Salazar, Eduardo",RP,MIN,\N,"[""salazar eduardo""]",\N,\N,\N,\N,\N,\N
06f14,"Pecko, Ethan",SP,HOU,\N,"[""pecko ethan""]",\N,\N,\N,\N,\N,\N
06dmr,"Wilkinson, Matt",SP,SF,\N,"[""wilkinson matt""]",\N,\N,\N,\N,\N,\N
06dmp,"Anderson, Max",2B,DET,\N,"[""anderson max""]",\N,\N,\N,\N,\N,\N
075zj,"Mendieta, Augusto",RP,KC,\N,"[""mendieta augusto""]",\N,\N,\N,\N,\N,\N
0516g,"Ward, Ryan",LF,LAD,\N,"[""ward ryan""]",\N,\N,\N,\N,\N,\N
0649g,"Palermo, Davis",RP,COL,\N,"[""palermo davis""]",\N,\N,\N,\N,\N,\N
0516i,"Dicochea, Jose",P,ATH,\N,"[""dicochea jose""]",\N,\N,\N,\N,\N,\N
0516h,"Herz, DJ",SP,WSH,\N,"[""herz dj""]",\N,\N,\N,\N,\N,\N
0516c,"Roberts, Austin",RP,TEX,\N,"[""roberts austin""]",\N,\N,\N,\N,\N,\N
0649d,"Hood, Josh",SS,SEA,\N,"[""hood josh""]",\N,\N,\N,\N,\N,\N
0649c,"Nielson, Cy",RP,PIT,\N,"[""nielson cy""]",\N,\N,\N,\N,\N,\N
0516e,"Adcock, Ty",RP,SD,\N,"[""adcock ty""]",\N,\N,\N,\N,\N,\N
0649f,"Gough, Tyler",SP,LAD,\N,"[""gough tyler""]",\N,\N,\N,\N,\N,\N
0516d,"Gragg, Logan",RP,(N/A),\N,"[""gragg logan""]",\N,\N,\N,\N,\N,\N
0649e,"Blubaugh, A.J.",RP,HOU,\N,"[""blubaugh a j""]",\N,\N,\N,\N,\N,\N
0516a,"Matthews, John",RP,(N/A),\N,"[""matthews john""]",\N,\N,\N,\N,\N,\N
0649b,"Hodo III, Douglas",LF,BAL,\N,"[""hodo iii douglas""]",\N,\N,\N,\N,\N,\N
04pwa,"Adolph, Ross",CF,(N/A),\N,"[""adolph ross""]",\N,\N,\N,\N,\N,\N
0649a,"Krob, Austin",RP,(N/A),\N,"[""krob austin""]",\N,\N,\N,\N,\N,\N
0515z,"Parrish, Drew",RP,(N/A),\N,"[""parrish drew""]",\N,\N,\N,\N,\N,\N
0648z,"Scott, Victor",CF,STL,\N,"[""scott victor""]",\N,\N,\N,\N,\N,\N
0515v,"Hamilton, David",2B,MIL,\N,"[""hamilton david""]",\N,\N,\N,\N,\N,\N
0648w,"Battles, Jalen",3B,(N/A),\N,"[""battles jalen""]",\N,\N,\N,\N,\N,\N
04pvw,"Kingham, Nolan",SP,SEA,\N,"[""kingham nolan""]",\N,\N,\N,\N,\N,\N
0515u,"Bell, Brock",RP,(N/A),\N,"[""bell brock""]",\N,\N,\N,\N,\N,\N
04px8,"Olson, Reese",SP,DET,\N,"[""olson reese""]",\N,\N,\N,\N,\N,\N
0648v,"Martorella, Nathan",1B,(N/A),\N,"[""martorella nathan""]",\N,\N,\N,\N,\N,\N
0648y,"Fluharty, Mason",RP,TOR,\N,"[""fluharty mason""]",\N,\N,\N,\N,\N,\N
04pvy,"Ponticelli, Thomas",RP,(N/A),\N,"[""ponticelli thomas""]",\N,\N,\N,\N,\N,\N
0648x,"Gonzalez, Tres",LF,(N/A),\N,"[""gonzalez tres""]",\N,\N,\N,\N,\N,\N
05174,"Schlaffer, Tyler",SP,CHC,\N,"[""schlaffer tyler""]",\N,\N,\N,\N,\N,\N
062x5,"Jimenez, Edwin",SP,MIL,\N,"[""jimenez edwin""]",\N,\N,\N,\N,\N,\N
0648s,"Halemanu, Cade",RP,(N/A),\N,"[""halemanu cade""]",\N,\N,\N,\N,\N,\N
04pvs,"Alexander, Blaze",3B,BAL,\N,"[""alexander blaze""]",\N,\N,\N,\N,\N,\N
0515q,"Macko, Adam",SP,TEX,\N,"[""macko adam""]",\N,\N,\N,\N,\N,\N
05173,"Gamboa, Alec",P,BOS,\N,"[""gamboa alec""]",\N,\N,\N,\N,\N,\N
0648r,"Morris, Andrew",SP,MIN,\N,"[""morris andrew""]",\N,\N,\N,\N,\N,\N
04pvr,"Myatt, Tanner",RP,(N/A),\N,"[""myatt tanner""]",\N,\N,\N,\N,\N,\N
0515t,"Paciorek, Nick",P,(N/A),\N,"[""paciorek nick""]",\N,\N,\N,\N,\N,\N
05176,"Henson, Spencer",1B,(N/A),\N,"[""henson spencer""]",\N,\N,\N,\N,\N,\N
04pvu,"Kolek, Stephen",SP,KC,\N,"[""kolek stephen""]",\N,\N,\N,\N,\N,\N
0648u,"Dean, Noah",SP,WSH,\N,"[""dean noah""]",\N,\N,\N,\N,\N,\N
0515s,"Robertson, Nick",SP,LAD,\N,"[""robertson nick""]",\N,\N,\N,\N,\N,\N
05175,"Miller, Darrien",C,MIL,\N,"[""miller darrien""]",\N,\N,\N,\N,\N,\N
0648t,"Massey, J.P.",RP,(N/A),\N,"[""massey j p""]",\N,\N,\N,\N,\N,\N
04px6,"Criswell, Cooper",RP,SEA,\N,"[""criswell cooper""]",\N,\N,\N,\N,\N,\N
04pvt,"Northcut, Nicholas",3B,(N/A),\N,"[""northcut nicholas""]",\N,\N,\N,\N,\N,\N
062x6,"Perachi, Dominic",SP,PIT,\N,"[""perachi dominic""]",\N,\N,\N,\N,\N,\N
05170,"McMahon, Hunter",P,(N/A),\N,"[""mcmahon hunter""]",\N,\N,\N,\N,\N,\N
0515n,"Yang, Eric",C,(N/A),\N,"[""yang eric""]",\N,\N,\N,\N,\N,\N
04px1,"Kelly, Antoine",RP,CHC,\N,"[""kelly antoine""]",\N,\N,\N,\N,\N,\N
0648o,"Giesting, Spencer",SP,ARI,\N,"[""giesting spencer""]",\N,\N,\N,\N,\N,\N
04pvn,"Van Scoyoc, Connor",RP,WSH,\N,"[""van scoyoc connor""]",\N,\N,\N,\N,\N,\N
0648n,"Meidroth, Chase",SS,CHW,\N,"[""meidroth chase""]",\N,\N,\N,\N,\N,\N
04pvq,"Poulin, PJ",RP,WSH,\N,"[""poulin pj""]",\N,\N,\N,\N,\N,\N
05171,"Milligan, Cody",CF,(N/A),\N,"[""milligan cody""]",\N,\N,\N,\N,\N,\N
0515o,"Sproat, Brandon",SP,MIL,\N,"[""sproat brandon""]",\N,\N,\N,\N,\N,\N
0648p,"Stuart, Tyler",SP,WSH,\N,"[""stuart tyler""]",\N,\N,\N,\N,\N,\N
04pvp,"Helman, Michael",CF,TEX,\N,"[""helman michael""]",\N,\N,\N,\N,\N,\N
0515j,"Ralston, Jack",RP,MIA,\N,"[""ralston jack""]",\N,\N,\N,\N,\N,\N
0648k,"Gervase, Paul",RP,LAD,\N,"[""gervase paul""]",\N,\N,\N,\N,\N,\N
0648j,"Keller, Seth",RP,(N/A),\N,"[""keller seth""]",\N,\N,\N,\N,\N,\N
0648m,"Villaman, Chris",RP,(N/A),\N,"[""villaman chris""]",\N,\N,\N,\N,\N,\N
04pvl,"Burrows, Mike",SP,HOU,\N,"[""burrows mike""]",\N,\N,\N,\N,\N,\N
0648l,"James, Kamren",LF,TB,\N,"[""james kamren""]",\N,\N,\N,\N,\N,\N
0515f,"Millas, Drew",C,WSH,\N,"[""millas drew""]",\N,\N,\N,\N,\N,\N
0648g,"Humphries, Jackson",SP,CLE,\N,"[""humphries jackson""]",\N,\N,\N,\N,\N,\N
04pvf,"Bradshaw, Davis",LF,(N/A),\N,"[""bradshaw davis""]",\N,\N,\N,\N,\N,\N
0648f,"Maxwell, Zach",RP,CIN,\N,"[""maxwell zach""]",\N,\N,\N,\N,\N,\N
0515h,"Curry, Xzavion",SP,NYM,\N,"[""curry xzavion""]",\N,\N,\N,\N,\N,\N
0648i,"Bright, Trace",SP,BAL,\N,"[""bright trace""]",\N,\N,\N,\N,\N,\N
0515g,"Ritter, Luke",3B,PHI,\N,"[""ritter luke""]",\N,\N,\N,\N,\N,\N
04pvh,"Villar, David",1B,(N/A),\N,"[""villar david""]",\N,\N,\N,\N,\N,\N
0648h,"Simon, Liam",RP,SF,\N,"[""simon liam""]",\N,\N,\N,\N,\N,\N
0515a,"Murdock, Noah",RP,PIT,\N,"[""murdock noah""]",\N,\N,\N,\N,\N,\N
0648b,"Pollard, Chandler",SS,TEX,\N,"[""pollard chandler""]",\N,\N,\N,\N,\N,\N
0515d,"Prato, Anthony",2B,(N/A),\N,"[""prato anthony""]",\N,\N,\N,\N,\N,\N
0515c,"Peterson, Todd",RP,(N/A),\N,"[""peterson todd""]",\N,\N,\N,\N,\N,\N
06ezq,"Cauro, Carlos",DH,HOU,\N,"[""cauro carlos""]",\N,\N,\N,\N,\N,\N
0648a,"Pintar, Andrew",CF,MIA,\N,"[""pintar andrew""]",\N,\N,\N,\N,\N,\N
04pva,"Davis, Noah",SP,PIT,\N,"[""davis noah""]",\N,\N,\N,\N,\N,\N
0514y,"Rosario, Dilan",SS,(N/A),\N,"[""rosario dilan""]",\N,\N,\N,\N,\N,\N
0647z,"Charles, Austin",3B,KC,\N,"[""charles austin""]",\N,\N,\N,\N,\N,\N
0514x,"Fellows, Drake",P,PHI,\N,"[""fellows drake""]",\N,\N,\N,\N,\N,\N
0514z,"Gipson-Long, Sawyer",RP,DET,\N,"[""gipson long sawyer""]",\N,\N,\N,\N,\N,\N
04pw8,"Roby, Sean",3B,(N/A),\N,"[""roby sean""]",\N,\N,\N,\N,\N,\N
04puv,"Maciejewski, Josh",RP,(N/A),\N,"[""maciejewski josh""]",\N,\N,\N,\N,\N,\N
06498,"Meador, Jacob",RP,(N/A),\N,"[""meador jacob""]",\N,\N,\N,\N,\N,\N
05166,"Wiles, Nathan",SP,(N/A),\N,"[""wiles nathan""]",\N,\N,\N,\N,\N,\N
06497,"Wagner, Logan",3B,LAD,\N,"[""wagner logan""]",\N,\N,\N,\N,\N,\N
04pw7,"Kaufman, Rylan",RP,(N/A),\N,"[""kaufman rylan""]",\N,\N,\N,\N,\N,\N
0514w,"Johnson, MD",SP,(N/A),\N,"[""johnson md""]",\N,\N,\N,\N,\N,\N
0514v,"Weems, Avery",RP,(N/A),\N,"[""weems avery""]",\N,\N,\N,\N,\N,\N
075xt,"Williams, Luke",SS,WSH,\N,[],\N,\N,\N,\N,\N,\N
0514q,"White, Colby",RP,(N/A),\N,"[""white colby""]",\N,\N,\N,\N,\N,\N
05163,"DeVito, Ricky",RP,(N/A),\N,"[""devito ricky""]",\N,\N,\N,\N,\N,\N
06494,"DeLucia, Dylan",SP,CLE,\N,"[""delucia dylan""]",\N,\N,\N,\N,\N,\N
0647r,"King, Lamar",C,SD,\N,"[""king lamar""]",\N,\N,\N,\N,\N,\N
04pw4,"Olsen, Jon",SP,(N/A),\N,"[""olsen jon""]",\N,\N,\N,\N,\N,\N
05162,"Brnovich, Kyle",SP,COL,\N,"[""brnovich kyle""]",\N,\N,\N,\N,\N,\N
0647q,"Huggins, Kenya",SP,ATH,\N,"[""huggins kenya""]",\N,\N,\N,\N,\N,\N
04pw3,"McArthur, James",RP,KC,\N,"[""mcarthur james""]",\N,\N,\N,\N,\N,\N
075xr,"Duncan, Sean",SP,NYY,\N,"[""duncan sean""]",\N,\N,\N,\N,\N,\N
05165,"Brennan, Will",RF,SF,\N,"[""brennan will""]",\N,\N,\N,\N,\N,\N
04put,"Grace, Regi",P,(N/A),\N,"[""grace regi""]",\N,\N,\N,\N,\N,\N
06496,"Jenkins, Andrew",1B,DET,\N,"[""jenkins andrew""]",\N,\N,\N,\N,\N,\N
075xs,"Prosek, Cole",3B,CHW,\N,"[""prosek cole""]",\N,\N,\N,\N,\N,\N
0514r,"Handley, Maverick",C,ATL,\N,"[""handley maverick""]",\N,\N,\N,\N,\N,\N
06495,"Diamond, Derek",RP,PIT,\N,"[""diamond derek""]",\N,\N,\N,\N,\N,\N
0514m,"Murphy, Chris",RP,CHW,\N,"[""murphy chris""]",\N,\N,\N,\N,\N,\N
0647n,"Watters, Jacob",SP,TB,\N,"[""watters jacob""]",\N,\N,\N,\N,\N,\N
04pun,"Andrews, Tanner",RP,TOR,\N,"[""andrews tanner""]",\N,\N,\N,\N,\N,\N
06490,"Patteson, Hunter",SP,KC,\N,"[""patteson hunter""]",\N,\N,\N,\N,\N,\N
04pw0,"Datres, Kyle",3B,(N/A),\N,"[""datres kyle""]",\N,\N,\N,\N,\N,\N
0514l,"Eden, Cam",RF,(N/A),\N,"[""eden cam""]",\N,\N,\N,\N,\N,\N
0647m,"Kennedy, Michael",SP,CLE,\N,"[""kennedy michael""]",\N,\N,\N,\N,\N,\N
0514o,"Bradford, Cody",SP,TEX,\N,"[""bradford cody""]",\N,\N,\N,\N,\N,\N
05161,"Canzone, Dominic",RF,SEA,\N,"[""canzone dominic""]",\N,\N,\N,\N,\N,\N
0647p,"Zibin, Jacob",SP,CLE,\N,"[""zibin jacob""]",\N,\N,\N,\N,\N,\N
04pw2,"Shugart, Chase",RP,PHI,\N,"[""shugart chase""]",\N,\N,\N,\N,\N,\N
0514n,"Schultz, Andrew",RP,STL,\N,"[""schultz andrew""]",\N,\N,\N,\N,\N,\N
06491,"Kerkering, Orion",RP,PHI,\N,"[""kerkering orion""]",\N,\N,\N,\N,\N,\N
0647o,"Ardoin, Silas",C,BAL,\N,"[""ardoin silas""]",\N,\N,\N,\N,\N,\N
0514i,"Saalfrank, Andrew",RP,ARI,\N,"[""saalfrank andrew""]",\N,\N,\N,\N,\N,\N
0514h,"Peek, Zach",RP,NYM,\N,"[""peek zach""]",\N,\N,\N,\N,\N,\N
0514k,"Pages, Pedro",C,STL,\N,"[""pages pedro""]",\N,\N,\N,\N,\N,\N
0514j,"Hollowell, Gavin",RP,CHC,\N,"[""hollowell gavin""]",\N,\N,\N,\N,\N,\N
0647k,"Hunter, Cade",C,CIN,\N,"[""hunter cade""]",\N,\N,\N,\N,\N,\N
04pyl,"Watson, Troy",RP,SEA,\N,"[""watson troy""]",\N,\N,\N,\N,\N,\N
0518j,"Lee Sang, Marcus",DH,TEX,\N,"[""lee sang marcus""]",\N,\N,\N,\N,\N,\N
0518e,"Marrero, Wendell",RF,(N/A),\N,"[""marrero wendell""]",\N,\N,\N,\N,\N,\N
0518d,"Maldonado, Anthony",RP,(N/A),\N,"[""maldonado anthony""]",\N,\N,\N,\N,\N,\N
0518g,"McDonald, Trevor",SP,SF,\N,"[""mcdonald trevor""]",\N,\N,\N,\N,\N,\N
0518f,"Lockhart, Nick",RP,(N/A),\N,"[""lockhart nick""]",\N,\N,\N,\N,\N,\N
0518c,"Torres, Victor",C,(N/A),\N,"[""torres victor""]",\N,\N,\N,\N,\N,\N
0518b,"Dunn, Oliver",2B,TB,\N,"[""dunn oliver""]",\N,\N,\N,\N,\N,\N
0517x,"Floyd, Taylor",RP,CIN,\N,"[""floyd taylor""]",\N,\N,\N,\N,\N,\N
05199,"Ryan, Sam",RP,(N/A),\N,"[""ryan sam""]",\N,\N,\N,\N,\N,\N
0517w,"Hendrie, Wyatt",C,(N/A),\N,"[""hendrie wyatt""]",\N,\N,\N,\N,\N,\N
0517z,"Spence, Mitch",RP,KC,\N,"[""spence mitch""]",\N,\N,\N,\N,\N,\N
062xz,"Arosemena, Erick",CF,(N/A),\N,"[""arosemena erick""]",\N,\N,\N,\N,\N,\N
062z7,"Milbrandt, Karson",SP,MIA,\N,"[""milbrandt karson""]",\N,\N,\N,\N,\N,\N
0517s,"Parker, Brandon",CF,(N/A),\N,"[""parker brandon""]",\N,\N,\N,\N,\N,\N
05198,"Collyer, Gavin",RP,TEX,\N,"[""collyer gavin""]",\N,\N,\N,\N,\N,\N
062z9,"Ortiz, German",1B,ATH,\N,"[""ortiz german""]",\N,\N,\N,\N,\N,\N
05197,"Contreras, Yan",SS,(N/A),\N,"[""contreras yan""]",\N,\N,\N,\N,\N,\N
062z8,"Machado, Anderson",SS,(N/A),\N,"[""machado anderson""]",\N,\N,\N,\N,\N,\N
04pz8,"McKay, Tyler",RP,(N/A),\N,"[""mckay tyler""]",\N,\N,\N,\N,\N,\N
05192,"Strowd, Kade",RP,ARI,\N,"[""strowd kade""]",\N,\N,\N,\N,\N,\N
04pxq,"Varland, Gus",RP,WSH,\N,"[""varland gus""]",\N,\N,\N,\N,\N,\N
062z3,"Baldwin, Brooks",LF,CHW,\N,"[""baldwin brooks""]",\N,\N,\N,\N,\N,\N
05191,"Cellucci, Brendan",RP,TOR,\N,"[""cellucci brendan""]",\N,\N,\N,\N,\N,\N
04pxp,"Vodnik, Victor",RP,MIA,\N,"[""vodnik victor""]",\N,\N,\N,\N,\N,\N
03mul,"Gallegos, Giovanny",RP,(N/A),\N,"[""gallegos giovanny""]",\N,\N,\N,\N,\N,\N
0517k,"Santiago, Glenn",2B,(N/A),\N,"[""santiago glenn""]",\N,\N,\N,\N,\N,\N
0517n,"Santos, Oscar",C,(N/A),\N,"[""santos oscar""]",\N,\N,\N,\N,\N,\N
05190,"Joyce, Corey",2B,TEX,\N,"[""joyce corey""]",\N,\N,\N,\N,\N,\N
04pxo,"Sabrowski, Erik",RP,CLE,\N,"[""sabrowski erik""]",\N,\N,\N,\N,\N,\N
0517g,"Holton, Jake",1B,(N/A),\N,"[""holton jake""]",\N,\N,\N,\N,\N,\N
0517j,"Corbett, Joe",RP,(N/A),\N,"[""corbett joe""]",\N,\N,\N,\N,\N,\N
04pxk,"Amaral, Daniel",CF,SEA,\N,"[""amaral daniel""]",\N,\N,\N,\N,\N,\N
0517i,"Stevenson, Jake",RP,(N/A),\N,"[""stevenson jake""]",\N,\N,\N,\N,\N,\N
04pxf,"Martin, Davis",SP,CHW,\N,"[""martin davis""]",\N,\N,\N,\N,\N,\N
04pxa,"Wilson, Cody",CF,(N/A),\N,"[""wilson cody""]",\N,\N,\N,\N,\N,\N
0517a,"Veneziano, Anthony",SP,TEX,\N,"[""veneziano anthony""]",\N,\N,\N,\N,\N,\N
04pxb,"Dubin, Shawn",RP,(N/A),\N,"[""dubin shawn""]",\N,\N,\N,\N,\N,\N
04pwx,"Heasley, Jonathan",RP,TB,\N,"[""heasley jonathan""]",\N,\N,\N,\N,\N,\N
0516v,"Kent, Zak",RP,WSH,\N,"[""kent zak""]",\N,\N,\N,\N,\N,\N
05188,"Boyer, Logan",RP,(N/A),\N,"[""boyer logan""]",\N,\N,\N,\N,\N,\N
0516x,"Headrick, Brent",RP,NYY,\N,"[""headrick brent""]",\N,\N,\N,\N,\N,\N
0516r,"Dungan, Clay",2B,SD,\N,"[""dungan clay""]",\N,\N,\N,\N,\N,\N
05184,"Pasquantino, Vinnie",1B,KC,\N,"[""pasquantino vinnie""]",\N,\N,\N,\N,\N,\N
0516u,"Blanchard, Jason",P,(N/A),\N,"[""blanchard jason""]",\N,\N,\N,\N,\N,\N
04py8,"Frisbee, Matt",P,(N/A),\N,"[""frisbee matt""]",\N,\N,\N,\N,\N,\N
05186,"Mikolajchak, Nick",RP,(N/A),\N,"[""mikolajchak nick""]",\N,\N,\N,\N,\N,\N
04py7,"Montes, Coco",3B,(N/A),\N,"[""montes coco""]",\N,\N,\N,\N,\N,\N
0516o,"Peluse, Colin",RP,PHI,\N,"[""peluse colin""]",\N,\N,\N,\N,\N,\N
0516n,"Collins, Isaac",LF,KC,\N,"[""collins isaac""]",\N,\N,\N,\N,\N,\N
05180,"Stubbs, C.J.",C,TOR,\N,"[""stubbs c j""]",\N,\N,\N,\N,\N,\N
04py1,"Lucky, Nick",SS,NYM,\N,"[""lucky nick""]",\N,\N,\N,\N,\N,\N
0516q,"Gillispie, Connor",SP,PHI,\N,"[""gillispie connor""]",\N,\N,\N,\N,\N,\N
04py4,"Holland, Korey",LF,(N/A),\N,"[""holland korey""]",\N,\N,\N,\N,\N,\N
04py3,"France, J.P.",RP,SD,\N,"[""france j p""]",\N,\N,\N,\N,\N,\N
04pwl,"Feduccia, Hunter",C,LAD,\N,"[""feduccia hunter""]",\N,\N,\N,\N,\N,\N
0516m,"McKendry, Evan",SP,MIA,\N,"[""mckendry evan""]",\N,\N,\N,\N,\N,\N
04py0,"Green, Josh",RP,(N/A),\N,"[""green josh""]",\N,\N,\N,\N,\N,\N
0516l,"Hopkins, TJ",RF,(N/A),\N,"[""hopkins tj""]",\N,\N,\N,\N,\N,\N
04pwm,"Bilous, Jason",SP,(N/A),\N,"[""bilous jason""]",\N,\N,\N,\N,\N,\N
0778f,"Brinham, Shane",SP,(N/A),\N,"[""brinham shane""]",\N,\N,\N,\N,\N,\N
0512c,"Marsh, Alec",SP,KC,\N,"[""marsh alec""]",\N,\N,\N,\N,\N,\N
04psd,"Winder, Josh",RP,PHI,\N,"[""winder josh""]",\N,\N,\N,\N,\N,\N
0512b,"Driscoll, Logan",C,MIA,\N,"[""driscoll logan""]",\N,\N,\N,\N,\N,\N
0778g,"Perez, Waner",RP,BAL,\N,"[""perez waner""]",\N,\N,\N,\N,\N,\N
0512e,"Steer, Spencer",1B,CIN,\N,"[""steer spencer""]",\N,\N,\N,\N,\N,\N
0778d,"Costello, Andrew",C,(N/A),\N,"[""costello andrew""]",\N,\N,\N,\N,\N,\N
062sf,"Loutos, Ryan",RP,SEA,\N,"[""loutos ryan""]",\N,\N,\N,\N,\N,\N
04psf,"Brennan, Tim",SP,(N/A),\N,"[""brennan tim""]",\N,\N,\N,\N,\N,\N
0778e,"Maginnis, Wills",1B,BOS,\N,"[""maginnis wills""]",\N,\N,\N,\N,\N,\N
0512d,"English, Tristin",1B,(N/A),\N,"[""english tristin""]",\N,\N,\N,\N,\N,\N
04pse,"Donovan, Brendan",2B,SEA,\N,"[""donovan brendan""]",\N,\N,\N,\N,\N,\N
0778b,"Ojeda, Ricky",RP,(N/A),\N,"[""ojeda ricky""]",\N,\N,\N,\N,\N,\N
0778c,"Armstrong, Ian",C,(N/A),\N,"[""armstrong ian""]",\N,\N,\N,\N,\N,\N
"10290#40",Team Pitching,TmP,\N,\N,[],\N,\N,\N,\N,\N,\N
0512a,"Henry, Tommy",RP,ARI,\N,"[""henry tommy""]",\N,\N,\N,\N,\N,\N
06vya,"Escobar, Alan",LF,CHW,\N,"[""escobar alan""]",\N,\N,\N,\N,\N,\N
0778a,"Cormier, LJ",RP,(N/A),\N,"[""cormier lj""]",\N,\N,\N,\N,\N,\N
0511z,"Gorski, Matt",CF,LAD,\N,"[""gorski matt""]",\N,\N,\N,\N,\N,\N
04prz,"Warren, Austin",RP,NYM,\N,"[""warren austin""]",\N,\N,\N,\N,\N,\N
0511v,"Canterino, Matt",SP,MIN,\N,"[""canterino matt""]",\N,\N,\N,\N,\N,\N
05138,"Brash, Matt",RP,SEA,\N,"[""brash matt""]",\N,\N,\N,\N,\N,\N
05137,"Cronin, Matt",RP,(N/A),\N,"[""cronin matt""]",\N,\N,\N,\N,\N,\N
0511u,"Kessinger, Grae",1B,PIT,\N,"[""kessinger grae""]",\N,\N,\N,\N,\N,\N
0511x,"Garcia, Ryan",RP,CIN,\N,"[""garcia ryan""]",\N,\N,\N,\N,\N,\N
07799,"Cordero, Jhunior Jose",C,(N/A),\N,"[""cordero jhunior jose""]",\N,\N,\N,\N,\N,\N
05139,"Massey, Michael",2B,KC,\N,[],\N,\N,\N,\N,\N,\N
0511w,"Schunk, Aaron",SS,(N/A),\N,"[""schunk aaron""]",\N,\N,\N,\N,\N,\N
04prx,"Barstad, Cameron",C,PIT,\N,"[""barstad cameron""]",\N,\N,\N,\N,\N,\N
07797,"Arnold, Grant",C,(N/A),\N,"[""arnold grant""]",\N,\N,\N,\N,\N,\N
05u97,"Wicklander, Patrick",RP,(N/A),\N,"[""wicklander patrick""]",\N,\N,\N,\N,\N,\N
0511r,"Jameson, Drey",RP,ARI,\N,"[""jameson drey""]",\N,\N,\N,\N,\N,\N
05134,"Song, Noah",RP,BOS,\N,"[""song noah""]",\N,\N,\N,\N,\N,\N
06vxv,"Quinn-Irons, James",RF,TB,\N,"[""quinn irons james""]",\N,\N,\N,\N,\N,\N
05u98,"Webb, Ryan",SP,CLE,\N,"[""webb ryan""]",\N,\N,\N,\N,\N,\N
05133,"Pallante, Andre",SP,STL,\N,"[""pallante andre""]",\N,\N,\N,\N,\N,\N
07798,"Swafford, Theo",SS,(N/A),\N,"[""swafford theo""]",\N,\N,\N,\N,\N,\N
0511q,"Jensen, Ryan",RP,(N/A),\N,"[""jensen ryan""]",\N,\N,\N,\N,\N,\N
0511t,"Johnson, Seth",RP,ATH,\N,"[""johnson seth""]",\N,\N,\N,\N,\N,\N
07795,"Blalock, Tristan",SP,(N/A),\N,"[""blalock tristan""]",\N,\N,\N,\N,\N,\N
05136,"Gray, Seth",3B,(N/A),\N,"[""gray seth""]",\N,\N,\N,\N,\N,\N
04pru,"Flynn, Michael",RP,SD,\N,"[""flynn michael""]",\N,\N,\N,\N,\N,\N
05135,"Mangum, Jake",LF,PIT,\N,"[""mangum jake""]",\N,\N,\N,\N,\N,\N
0511s,"Wendzel, Davis",SS,(N/A),\N,"[""wendzel davis""]",\N,\N,\N,\N,\N,\N
05u96,"Eldridge, Bryce",1B,SF,\N,"[""eldridge bryce""]",\N,\N,\N,\N,\N,\N
07796,"DiMaggio, Matti",CF,(N/A),\N,"[""dimaggio matti""]",\N,\N,\N,\N,\N,\N
06vxu,"Owens, Josh",SS,TEX,\N,"[""owens josh""]",\N,\N,\N,\N,\N,\N
04prt,"Butler, Lawrence",RF,ATH,\N,"[""butler lawrence""]",\N,\N,\N,\N,\N,\N
03mon,"Martinez, Rodolfo",RP,(N/A),\N,"[""martinez rodolfo""]",\N,\N,\N,\N,\N,\N
04pro,"Hilson, P.J.",CF,PIT,\N,"[""hilson p j""]",\N,\N,\N,\N,\N,\N
05132,"Kreidler, Ryan",CF,MIN,\N,"[""kreidler ryan""]",\N,\N,\N,\N,\N,\N
04pt3,"Williams, Chris",C,(N/A),\N,"[""williams chris""]",\N,\N,\N,\N,\N,\N
04prq,"Heuer, Codi",RP,BAL,\N,"[""heuer codi""]",\N,\N,\N,\N,\N,\N
05131,"Fitzgerald, Tyler",2B,LAD,\N,"[""fitzgerald tyler""]",\N,\N,\N,\N,\N,\N
04prp,"Simmons, Kendall",3B,(N/A),\N,"[""simmons kendall""]",\N,\N,\N,\N,\N,\N
04pt2,"Nootbaar, Lars",LF,ARI,\N,"[""nootbaar lars""]",\N,\N,\N,\N,\N,\N
03mol,"Pinto, Ricardo",RP,(N/A),\N,"[""pinto ricardo""]",\N,\N,\N,\N,\N,\N
04prm,"Decolati, Niko",CF,(N/A),\N,"[""decolati niko""]",\N,\N,\N,\N,\N,\N
0777i,"Castillo, Angel",RP,TB,\N,"[""castillo angel""]",\N,\N,\N,\N,\N,\N
0511f,"Sikkema, TJ",SP,(N/A),\N,"[""sikkema tj""]",\N,\N,\N,\N,\N,\N
03moe,"Tinoco, Jesus",RP,MIA,\N,"[""tinoco jesus""]",\N,\N,\N,\N,\N,\N
04prf,"Easley, Jayce",2B,(N/A),\N,"[""easley jayce""]",\N,\N,\N,\N,\N,\N
0777g,"Rojas, Darian",CF,ATH,\N,"[""rojas darian""]",\N,\N,\N,\N,\N,\N
06ex9,"Bidois, Brandan",RP,MIA,\N,"[""bidois brandan""]",\N,\N,\N,\N,\N,\N
0511g,"Small, Ethan",RP,(N/A),\N,"[""small ethan""]",\N,\N,\N,\N,\N,\N
0777h,"Chivilli, Julio",RP,WSH,\N,"[""chivilli julio""]",\N,\N,\N,\N,\N,\N
03mog,"Mejia, Erick",RP,WSH,\N,"[""mejia erick""]",\N,\N,\N,\N,\N,\N
0777e,"De Jesus, Juan",CF,CHC,\N,"[""de jesus juan""]",\N,\N,\N,\N,\N,\N
04prc,"Lockridge, Brandon",LF,MIL,\N,"[""lockridge brandon""]",\N,\N,\N,\N,\N,\N
0777f,"Mendoza, Helvin",CF,LAD,\N,"[""mendoza helvin""]",\N,\N,\N,\N,\N,\N
04prb,"Jarvis, Justin",SP,(N/A),\N,"[""jarvis justin""]",\N,\N,\N,\N,\N,\N
0777c,"Garcia, Ire",C,HOU,\N,"[""garcia ire""]",\N,\N,\N,\N,\N,\N
04a2t,"Senga, Kodai",SP,NYM,\N,"[""senga kodai""]",\N,\N,\N,\N,\N,\N
04pre,"Ward, Thaddeus",SP,(N/A),\N,"[""ward thaddeus""]",\N,\N,\N,\N,\N,\N
0777d,"Matos, Alfiery",CF,NYY,\N,"[""matos alfiery""]",\N,\N,\N,\N,\N,\N
04prd,"Weber, Andy",2B,CHW,\N,"[""weber andy""]",\N,\N,\N,\N,\N,\N
"10290#50",Team,Tm,\N,\N,[],\N,\N,\N,\N,\N,\N
0777b,"Fermin, Joshua",LF,KC,\N,"[""fermin joshua""]",\N,\N,\N,\N,\N,\N
04pra,"Cox, Austin",RP,(N/A),\N,"[""cox austin""]",\N,\N,\N,\N,\N,\N
0510y,"Feliz, Albert",1B,(N/A),\N,"[""feliz albert""]",\N,\N,\N,\N,\N,\N
04pqy,"Vallimont, Chris",SP,MIN,\N,"[""vallimont chris""]",\N,\N,\N,\N,\N,\N
0776z,"Reyes, Elian",RF,TOR,\N,"[""reyes elian""]",\N,\N,\N,\N,\N,\N
0510z,"Lee, Korey",C,CHW,\N,"[""lee korey""]",\N,\N,\N,\N,\N,\N
0776x,"Flores, Jesus",C,TEX,\N,[],\N,\N,\N,\N,\N,\N
04pqv,"Wolf, Adam",RP,(N/A),\N,"[""wolf adam""]",\N,\N,\N,\N,\N,\N
05126,"Valdes, Yordys",2B,(N/A),\N,"[""valdes yordys""]",\N,\N,\N,\N,\N,\N
0776y,"Rodriguez, Alessandro",C,NYY,\N,"[""rodriguez alessandro""]",\N,\N,\N,\N,\N,\N
04ps7,"Ryan, Joe",SP,MIN,\N,"[""ryan joe""]",\N,\N,\N,\N,\N,\N
03mp9,"Suero, Wander",RP,ATH,\N,"[""suero wander""]",\N,\N,\N,\N,\N,\N
0776v,"Mejia, Angel",C,SD,\N,"[""mejia angel""]",\N,\N,\N,\N,\N,\N
07788,"Davis, Lance",SP,(N/A),\N,"[""davis lance""]",\N,\N,\N,\N,\N,\N
05129,"Kauffmann, Karl",RP,(N/A),\N,"[""kauffmann karl""]",\N,\N,\N,\N,\N,\N
06vy9,"Bello, Carlos",2B,NYY,\N,"[""bello carlos""]",\N,\N,\N,\N,\N,\N
0776w,"Ferrufino, William",SS,COL,\N,"[""ferrufino william""]",\N,\N,\N,\N,\N,\N
07789,"Williford, Trey",SP,(N/A),\N,"[""williford trey""]",\N,\N,\N,\N,\N,\N
05128,"Triolo, Jared",SS,PIT,\N,"[""triolo jared""]",\N,\N,\N,\N,\N,\N
075v9,"Schafer, Luke",SP,LAA,\N,"[""schafer luke""]",\N,\N,\N,\N,\N,\N
07786,"Brown, Colt",C,(N/A),\N,"[""brown colt""]",\N,\N,\N,\N,\N,\N
03mnq,"Estevez, Carlos",RP,KC,\N,"[""estevez carlos""]",\N,\N,\N,\N,\N,\N
05123,"Wolf, Josh",RP,(N/A),\N,"[""wolf josh""]",\N,\N,\N,\N,\N,\N
0776t,"Suarez, Angel",SS,ARI,\N,"[""suarez angel""]",\N,\N,\N,\N,\N,\N
075tt,"Walker, Jack",RP,MIN,\N,"[""walker jack""]",\N,\N,\N,\N,\N,\N
04pqr,"Dunn, Nick",2B,(N/A),\N,"[""dunn nick""]",\N,\N,\N,\N,\N,\N
06vy7,"Valdez, Luisberth",SP,ATL,\N,"[""valdez luisberth""]",\N,\N,\N,\N,\N,\N
07787,"Lenahan, Grady",RF,(N/A),\N,"[""lenahan grady""]",\N,\N,\N,\N,\N,\N
05122,"Williams, Kendall",SP,(N/A),\N,"[""williams kendall""]",\N,\N,\N,\N,\N,\N
0776u,"Villarroel, Jhosep",C,ARI,\N,"[""villarroel jhosep""]",\N,\N,\N,\N,\N,\N
04pqq,"Vierling, Matt",CF,DET,\N,"[""vierling matt""]",\N,\N,\N,\N,\N,\N
06vy8,"Familia, Cesar",RP,CHW,\N,"[""familia cesar""]",\N,\N,\N,\N,\N,\N
04ps3,"Franklin, Kohl",SP,CHC,\N,"[""franklin kohl""]",\N,\N,\N,\N,\N,\N
0776r,"Lista, Jefer",1B,MIL,\N,"[""lista jefer""]",\N,\N,\N,\N,\N,\N
05u6r,"Gasser, Robert",SP,MIL,\N,"[""gasser robert""]",\N,\N,\N,\N,\N,\N
075tr,"Castellano, Dominic",RP,SEA,\N,"[""castellano dominic""]",\N,\N,\N,\N,\N,\N
05125,"Philip, Beau",SS,TOR,\N,"[""philip beau""]",\N,\N,\N,\N,\N,\N
06vy5,"Morel, Albert",SP,LAA,\N,"[""morel albert""]",\N,\N,\N,\N,\N,\N
0776s,"Ramirez, Gilbert",C,PIT,\N,"[""ramirez gilbert""]",\N,\N,\N,\N,\N,\N
075ts,"Nedrow, Jack",SP,TOR,\N,"[""nedrow jack""]",\N,\N,\N,\N,\N,\N
07785,"Baron, Randy",RP,CLE,\N,"[""baron randy""]",\N,\N,\N,\N,\N,\N
04ps5,"Delgado, Raynel",2B,HOU,\N,"[""delgado raynel""]",\N,\N,\N,\N,\N,\N
04pqs,"Bird, Jake",RP,WSH,\N,"[""bird jake""]",\N,\N,\N,\N,\N,\N
06vy6,"Reyno, Elias",LF,ATL,\N,"[""reyno elias""]",\N,\N,\N,\N,\N,\N
0776p,"Reyes, Adonanfer",RF,LAA,\N,"[""reyes adonanfer""]",\N,\N,\N,\N,\N,\N
05u6p,"Hurter, Brant",RP,DET,\N,"[""hurter brant""]",\N,\N,\N,\N,\N,\N
07782,"Oramas, Dayron",SS,NYM,\N,"[""oramas dayron""]",\N,\N,\N,\N,\N,\N
04pqn,"Scott, Adam",P,(N/A),\N,"[""scott adam""]",\N,\N,\N,\N,\N,\N
04ps0,"Haake, Zach",RP,(N/A),\N,"[""haake zach""]",\N,\N,\N,\N,\N,\N
0510l,"Hancock, Emerson",SP,SEA,\N,"[""hancock emerson""]",\N,\N,\N,\N,\N,\N
05u6q,"Schlittler, Cam",SP,NYY,\N,"[""schlittler cam""]",\N,\N,\N,\N,\N,\N
0776q,"Beltre, Germayhoni",SS,NYY,\N,"[""beltre germayhoni""]",\N,\N,\N,\N,\N,\N
07783,"Medina, Maximin",SP,WSH,\N,"[""medina maximin""]",\N,\N,\N,\N,\N,\N
06vy4,"Vargas, Esnaider",RF,WSH,\N,"[""vargas esnaider""]",\N,\N,\N,\N,\N,\N
0776n,"Delgado, Anthony",1B,NYM,\N,"[""delgado anthony""]",\N,\N,\N,\N,\N,\N
07780,"Montero, Williams",SP,BOS,\N,"[""montero williams""]",\N,\N,\N,\N,\N,\N
0776o,"Figueroa, Juan",LF,PIT,\N,"[""figueroa juan""]",\N,\N,\N,\N,\N,\N
05u6o,"Highfill, Sam",SP,PHI,\N,"[""highfill sam""]",\N,\N,\N,\N,\N,\N
07781,"De Freitas, Arturo",C,TEX,\N,"[""de freitas arturo""]",\N,\N,\N,\N,\N,\N
05120,"Williamson, Brandon",SP,CIN,\N,"[""williamson brandon""]",\N,\N,\N,\N,\N,\N
03mnn,"Rodriguez, Richard",RP,(N/A),\N,"[""rodriguez richard""]",\N,\N,\N,\N,\N,\N
04pqo,"Fisher, Braydon",RP,TOR,\N,"[""fisher braydon""]",\N,\N,\N,\N,\N,\N
04ps1,"Mack, Charles",SS,(N/A),\N,"[""mack charles""]",\N,\N,\N,\N,\N,\N
0776l,"Urbina, Anderber",SS,BOS,\N,"[""urbina anderber""]",\N,\N,\N,\N,\N,\N
05u6l,"Almeyda, Luis",3B,BAL,\N,"[""almeyda luis""]",\N,\N,\N,\N,\N,\N
03o0h,"Danner, Hagen",RP,LAA,\N,"[""danner hagen""]",\N,\N,\N,\N,\N,\N
0776m,"Garcia, Santiago",SS,MIL,\N,[],\N,\N,\N,\N,\N,\N
0510h,"Perdomo, Alan",RP,(N/A),\N,"[""perdomo alan""]",\N,\N,\N,\N,\N,\N
05u6j,"Mendes, Wes",SP,HOU,\N,"[""mendes wes""]",\N,\N,\N,\N,\N,\N
0776j,"Martinez, Geomaikel",RF,BOS,\N,"[""martinez geomaikel""]",\N,\N,\N,\N,\N,\N
04pql,"Roberts, Ethan",RP,CHC,\N,"[""roberts ethan""]",\N,\N,\N,\N,\N,\N
05u6k,"West, Dean",CF,TOR,\N,"[""west dean""]",\N,\N,\N,\N,\N,\N
0776k,"Estrella, Luis",RF,STL,\N,"[""estrella luis""]",\N,\N,\N,\N,\N,\N
05u6h,"Porter, Brock",RP,TEX,\N,"[""porter brock""]",\N,\N,\N,\N,\N,\N
0776h,"Rodriguez, Enny",SS,DET,\N,"[""rodriguez enny""]",\N,\N,\N,\N,\N,\N
04pqf,"Fortes, Nick",C,TB,\N,"[""fortes nick""]",\N,\N,\N,\N,\N,\N
027fx,"Candelario, Jeimer",3B,LAA,\N,"[""candelario jeimer""]",\N,\N,\N,\N,\N,\N
0776i,"Rodriguez, Brayan",SS,TB,\N,"[""rodriguez brayan""]",\N,\N,\N,\N,\N,\N
05u6i,"Dugan, Nick",SP,(N/A),\N,"[""dugan nick""]",\N,\N,\N,\N,\N,\N
0776f,"Lopez, Cesar",C,NYY,\N,"[""lopez cesar""]",\N,\N,\N,\N,\N,\N
04pqh,"Englert, Mason",RP,TB,\N,"[""englert mason""]",\N,\N,\N,\N,\N,\N
05u6g,"Ferris, Jackson",SP,LAD,\N,"[""ferris jackson""]",\N,\N,\N,\N,\N,\N
0776g,"Haseth, Fran-Jean",RF,LAD,\N,"[""haseth fran jean""]",\N,\N,\N,\N,\N,\N
04pqg,"Plassmeyer, Michael",RP,SEA,\N,"[""plassmeyer michael""]",\N,\N,\N,\N,\N,\N
0514e,"Bennett, Nick",RP,(N/A),\N,"[""bennett nick""]",\N,\N,\N,\N,\N,\N
075xi,"Requena, Jose",CF,ARI,\N,"[""requena jose""]",\N,\N,\N,\N,\N,\N
0514g,"Shuman, Seth",SP,SEA,\N,"[""shuman seth""]",\N,\N,\N,\N,\N,\N
0514f,"Wesneski, Hayden",SP,HOU,\N,"[""wesneski hayden""]",\N,\N,\N,\N,\N,\N
04pug,"Stevenson, Cal",CF,DET,\N,"[""stevenson cal""]",\N,\N,\N,\N,\N,\N
0514a,"Mayer, Gunner",RP,SEA,\N,"[""mayer gunner""]",\N,\N,\N,\N,\N,\N
06eyu,"Hope, Zyhir",RF,DET,\N,"[""hope zyhir""]",\N,\N,\N,\N,\N,\N
04pua,"Dalesandro, Nick",C,(N/A),\N,"[""dalesandro nick""]",\N,\N,\N,\N,\N,\N
0514c,"Paolini, Stephen",RF,(N/A),\N,"[""paolini stephen""]",\N,\N,\N,\N,\N,\N
0514b,"Ford, Grant",P,(N/A),\N,"[""ford grant""]",\N,\N,\N,\N,\N,\N
06eys,"Huezo, Anthony",CF,HOU,\N,"[""huezo anthony""]",\N,\N,\N,\N,\N,\N
04puc,"Sousa, Bennett",RP,HOU,\N,"[""sousa bennett""]",\N,\N,\N,\N,\N,\N
06eyo,"Ogando, Luis",3B,(N/A),\N,"[""ogando luis""]",\N,\N,\N,\N,\N,\N
0513x,"Thomas, Connor",RP,KC,\N,"[""thomas connor""]",\N,\N,\N,\N,\N,\N
05u9y,"Clark, Max",CF,DET,\N,"[""clark max""]",\N,\N,\N,\N,\N,\N
0513z,"Little, Jack",SP,DET,\N,"[""little jack""]",\N,\N,\N,\N,\N,\N
05u9z,"Anthony, Roman",RF,BOS,\N,"[""anthony roman""]",\N,\N,\N,\N,\N,\N
0513y,"Waldichuk, Ken",SP,WSH,\N,"[""waldichuk ken""]",\N,\N,\N,\N,\N,\N
05156,"Hoeing, Bryan",RP,SD,\N,"[""hoeing bryan""]",\N,\N,\N,\N,\N,\N
04ptu,"Madison, Ben",P,(N/A),\N,"[""madison ben""]",\N,\N,\N,\N,\N,\N
06487,"Furman, Nate",2B,SF,\N,"[""furman nate""]",\N,\N,\N,\N,\N,\N
0513s,"Rave, John",RF,KC,\N,"[""rave john""]",\N,\N,\N,\N,\N,\N
05155,"Deppermann, Brad",RP,SF,\N,"[""deppermann brad""]",\N,\N,\N,\N,\N,\N
05u9x,"Best, Justin",CF,(N/A),\N,"[""best justin""]",\N,\N,\N,\N,\N,\N
06486,"Cox, Brenner",RF,WSH,\N,"[""cox brenner""]",\N,\N,\N,\N,\N,\N
04pv6,"Daniel, Davis",SP,CIN,\N,"[""daniel davis""]",\N,\N,\N,\N,\N,\N
04ptt,"Skubal, Tarik",SP,LAD,\N,"[""skubal tarik""]",\N,\N,\N,\N,\N,\N
05u9u,"Mitchell, Derrick",RF,(N/A),\N,"[""mitchell derrick""]",\N,\N,\N,\N,\N,\N
05158,"Sabol, Blake",C,TB,\N,"[""sabol blake""]",\N,\N,\N,\N,\N,\N
03o3v,"Fabian, Sandro",LF,(N/A),\N,"[""fabian sandro""]",\N,\N,\N,\N,\N,\N
0779u,"Da Souza, Evan",SP,MIA,\N,"[""da souza evan""]",\N,\N,\N,\N,\N,\N
04pv9,"Roberts, Cody",C,(N/A),\N,"[""roberts cody""]",\N,\N,\N,\N,\N,\N
06489,"Williams, Alex",RP,MIA,\N,"[""williams alex""]",\N,\N,\N,\N,\N,\N
05157,"Vines, Darius",SP,CIN,\N,"[""vines darius""]",\N,\N,\N,\N,\N,\N
0513u,"Kravetz, Evan",RP,(N/A),\N,"[""kravetz evan""]",\N,\N,\N,\N,\N,\N
06488,"Zobac, Steven",SP,KC,\N,"[""zobac steven""]",\N,\N,\N,\N,\N,\N
04ptv,"Pipkin, Dominic",RP,PIT,\N,"[""pipkin dominic""]",\N,\N,\N,\N,\N,\N
05u9s,"Moller, Ian",C,TEX,\N,"[""moller ian""]",\N,\N,\N,\N,\N,\N
0779s,"Manaure, Jeyver",SP,ARI,\N,"[""manaure jeyver""]",\N,\N,\N,\N,\N,\N
05152,"Gordon, Tanner",SP,COL,\N,"[""gordon tanner""]",\N,\N,\N,\N,\N,\N
0513p,"Barber, Colin",RF,(N/A),\N,"[""barber colin""]",\N,\N,\N,\N,\N,\N
04ptq,"Cohen, Chase",P,(N/A),\N,"[""cohen chase""]",\N,\N,\N,\N,\N,\N
06483,"Adler, Eric",RP,(N/A),\N,"[""adler eric""]",\N,\N,\N,\N,\N,\N
0779t,"Torres, Alieski",SP,TOR,\N,"[""torres alieski""]",\N,\N,\N,\N,\N,\N
05u9t,"Brown, Devonte",CF,(N/A),\N,"[""brown devonte""]",\N,\N,\N,\N,\N,\N
05151,"Limoncelli, Michael",P,(N/A),\N,"[""limoncelli michael""]",\N,\N,\N,\N,\N,\N
04pv2,"Higginbotham, Jake",RP,(N/A),\N,"[""higginbotham jake""]",\N,\N,\N,\N,\N,\N
06482,"Wood, Matt",C,MIL,\N,"[""wood matt""]",\N,\N,\N,\N,\N,\N
04ptp,"Walters, Jake",SP,(N/A),\N,"[""walters jake""]",\N,\N,\N,\N,\N,\N
05154,"Hearn, Ethan",C,CHC,\N,"[""hearn ethan""]",\N,\N,\N,\N,\N,\N
05u9q,"Caglianone, Jac",RF,KC,\N,"[""caglianone jac""]",\N,\N,\N,\N,\N,\N
0779q,"Abreu, Ariel",SS,TEX,\N,"[""abreu ariel""]",\N,\N,\N,\N,\N,\N
06485,"McCabe, David",3B,ATL,\N,"[""mccabe david""]",\N,\N,\N,\N,\N,\N
05u9r,"Curiel, Derek",LF,PIT,\N,"[""curiel derek""]",\N,\N,\N,\N,\N,\N
0779r,"Brown, Austin",RP,NYM,\N,"[""brown austin""]",\N,\N,\N,\N,\N,\N
04ptr,"MacIver, Willie",C,SEA,\N,"[""maciver willie""]",\N,\N,\N,\N,\N,\N
0513l,"Doyle, Brenton",CF,CHW,\N,"[""doyle brenton""]",\N,\N,\N,\N,\N,\N
05u9o,"Stewart, Sal",1B,CIN,\N,"[""stewart sal""]",\N,\N,\N,\N,\N,\N
05u9p,"Walton, TJayy",LF,PHI,\N,"[""walton tjayy""]",\N,\N,\N,\N,\N,\N
0779p,"Rossi, Julio M",SP,CLE,\N,"[""rossi julio m""]",\N,\N,\N,\N,\N,\N
0513n,"Lewis, Brandon",1B,(N/A),\N,"[""lewis brandon""]",\N,\N,\N,\N,\N,\N
05150,"Cluff, Jackson",SS,CHC,\N,"[""cluff jackson""]",\N,\N,\N,\N,\N,\N
06481,"Reimer, Jacob",3B,NYM,\N,"[""reimer jacob""]",\N,\N,\N,\N,\N,\N
05u9n,"Stanford, Riley",SP,TB,\N,"[""stanford riley""]",\N,\N,\N,\N,\N,\N
0779n,"Nixon, Luke",2B,SF,\N,"[""nixon luke""]",\N,\N,\N,\N,\N,\N
0513m,"Cairo, Christian",3B,NYM,\N,"[""cairo christian""]",\N,\N,\N,\N,\N,\N
06480,"Johnson, Marcus",SP,TB,\N,"[""johnson marcus""]",\N,\N,\N,\N,\N,\N
0513h,"Rivera, Erik",RP,BOS,\N,"[""rivera erik""]",\N,\N,\N,\N,\N,\N
05u9k,"Sanders, Jackson",SP,(N/A),\N,"[""sanders jackson""]",\N,\N,\N,\N,\N,\N
0779k,"Garcia, Julian",SP,MIL,\N,[],\N,\N,\N,\N,\N,\N
0513g,"Freeman, Cody",2B,TEX,\N,"[""freeman cody""]",\N,\N,\N,\N,\N,\N
05u9l,"Selvidge, Brock",SP,NYY,\N,"[""selvidge brock""]",\N,\N,\N,\N,\N,\N
05u9i,"Zayas, Bryant",SS,(N/A),\N,"[""zayas bryant""]",\N,\N,\N,\N,\N,\N
05u9j,"Baumeister, Jackson",SP,TB,\N,"[""baumeister jackson""]",\N,\N,\N,\N,\N,\N
0513i,"Hill, GJ",RF,COL,\N,"[""hill gj""]",\N,\N,\N,\N,\N,\N
04ptj,"Hansen, Austin",P,(N/A),\N,"[""hansen austin""]",\N,\N,\N,\N,\N,\N
05u9g,"Smith, Tristan",RP,CIN,\N,"[""smith tristan""]",\N,\N,\N,\N,\N,\N
0646e,"Castillo, Walin",SP,MIA,\N,"[""castillo walin""]",\N,\N,\N,\N,\N,\N
0513c,"Ortiz, Joey",SS,MIL,\N,"[""ortiz joey""]",\N,\N,\N,\N,\N,\N
0513f,"Johnson, Ivan",LF,CIN,\N,"[""johnson ivan""]",\N,\N,\N,\N,\N,\N
075we,"Lowrance, Bo",3B,LAD,\N,"[""lowrance bo""]",\N,\N,\N,\N,\N,\N
05u9f,"Sharpe, Davis",RP,CLE,\N,"[""sharpe davis""]",\N,\N,\N,\N,\N,\N
0513e,"Edwards, Evan",1B,(N/A),\N,"[""edwards evan""]",\N,\N,\N,\N,\N,\N
0779c,"Shelar, Martin",CF,BOS,\N,"[""shelar martin""]",\N,\N,\N,\N,\N,\N
04pta,"Gerber, Joey",RP,NYM,\N,"[""gerber joey""]",\N,\N,\N,\N,\N,\N
05u9a,"Marks, Jordan",RP,(N/A),\N,"[""marks jordan""]",\N,\N,\N,\N,\N,\N
0513b,"McCann, Kyle",C,COL,\N,"[""mccann kyle""]",\N,\N,\N,\N,\N,\N
0779a,"Bonner, Landon",SS,(N/A),\N,"[""bonner landon""]",\N,\N,\N,\N,\N,\N
04ptc,"Berglund, Michael",C,(N/A),\N,"[""berglund michael""]",\N,\N,\N,\N,\N,\N
"10290#30",Team Hitting,TmH,\N,\N,[],\N,\N,\N,\N,\N,\N
075wb,"Pantoja, Miguel",RP,TOR,\N,"[""pantoja miguel""]",\N,\N,\N,\N,\N,\N
0779b,"Scott, Cullen",SP,(N/A),\N,"[""scott cullen""]",\N,\N,\N,\N,\N,\N
0513a,"Kahle, Nick",C,(N/A),\N,"[""kahle nick""]",\N,\N,\N,\N,\N,\N
04ptb,"Biggers, Jax",2B,HOU,\N,"[""biggers jax""]",\N,\N,\N,\N,\N,\N
06exo,"Pichardo, Starlyn",RP,(N/A),\N,"[""pichardo starlyn""]",\N,\N,\N,\N,\N,\N
0512w,"Sasaki, Shane",CF,CIN,\N,"[""sasaki shane""]",\N,\N,\N,\N,\N,\N
04psx,"Marrero, Elih",C,KC,\N,"[""marrero elih""]",\N,\N,\N,\N,\N,\N
05148,"Frechette, Garrett",1B,(N/A),\N,"[""frechette garrett""]",\N,\N,\N,\N,\N,\N
0512v,"Harris II, Michael",CF,ATL,\N,"[""harris ii michael""]",\N,\N,\N,\N,\N,\N
0512y,"Smith, Marcus",RF,CIN,\N,"[""smith marcus""]",\N,\N,\N,\N,\N,\N
0512x,"Naranjo, Joe",1B,(N/A),\N,"[""naranjo joe""]",\N,\N,\N,\N,\N,\N
0778v,"Perez, Luis",LF,TB,\N,"[""perez luis""]",\N,\N,\N,\N,\N,\N
05145,"Hernaiz, Darell",SS,ATH,\N,"[""hernaiz darell""]",\N,\N,\N,\N,\N,\N
0512s,"Brown, Dasan",CF,(N/A),\N,"[""brown dasan""]",\N,\N,\N,\N,\N,\N
04pst,"Duran, Jarren",LF,BOS,\N,"[""duran jarren""]",\N,\N,\N,\N,\N,\N
0778w,"Ojeda, Poly",1B,NYY,\N,"[""ojeda poly""]",\N,\N,\N,\N,\N,\N
05144,"Brown, Hunter",SP,HOU,\N,"[""brown hunter""]",\N,\N,\N,\N,\N,\N
0512r,"McCray, Grant",RF,SF,\N,"[""mccray grant""]",\N,\N,\N,\N,\N,\N
05147,"Strahm, Kellen",RF,(N/A),\N,"[""strahm kellen""]",\N,\N,\N,\N,\N,\N
0512u,"Kochanowicz, Jack",SP,LAA,\N,"[""kochanowicz jack""]",\N,\N,\N,\N,\N,\N
04psv,"Wilson, Steven",RP,TB,\N,"[""wilson steven""]",\N,\N,\N,\N,\N,\N
0512t,"Baylor, Jamari",SS,NYM,\N,"[""baylor jamari""]",\N,\N,\N,\N,\N,\N
0778u,"Sarmiento, Raymond",SP,MIL,\N,"[""sarmiento raymond""]",\N,\N,\N,\N,\N,\N
05146,"Fitterer, Evan",RP,SD,\N,"[""fitterer evan""]",\N,\N,\N,\N,\N,\N
04psu,"Outman, James",CF,DET,\N,"[""outman james""]",\N,\N,\N,\N,\N,\N
0512o,"Dalquist, Andrew",RP,SD,\N,"[""dalquist andrew""]",\N,\N,\N,\N,\N,\N
04psp,"Anchia, Jake",C,(N/A),\N,"[""anchia jake""]",\N,\N,\N,\N,\N,\N
05140,"Grammes, Conor",SP,(N/A),\N,"[""grammes conor""]",\N,\N,\N,\N,\N,\N
0512n,"Gambrell, Grant",SP,KC,\N,"[""gambrell grant""]",\N,\N,\N,\N,\N,\N
03o43,"Urias, Luis",2B,TOR,\N,"[""urias luis""]",\N,\N,\N,\N,\N,\N
05143,"Gaddis, Hunter",RP,CLE,\N,"[""gaddis hunter""]",\N,\N,\N,\N,\N,\N
0512q,"Slaten, Justin",RP,BOS,\N,"[""slaten justin""]",\N,\N,\N,\N,\N,\N
04psr,"Fry, David",DH,CLE,\N,"[""fry david""]",\N,\N,\N,\N,\N,\N
05142,"Stallings, Garrett",RP,MIL,\N,"[""stallings garrett""]",\N,\N,\N,\N,\N,\N
0512p,"Head, Hudson",RF,(N/A),\N,"[""head hudson""]",\N,\N,\N,\N,\N,\N
04psq,"Wantz, Andrew",RP,CHC,\N,"[""wantz andrew""]",\N,\N,\N,\N,\N,\N
0512k,"Stoudt, Levi",RP,PHI,\N,"[""stoudt levi""]",\N,\N,\N,\N,\N,\N
04psl,"Cotto, Gabriel",P,(N/A),\N,"[""cotto gabriel""]",\N,\N,\N,\N,\N,\N
02jmi,"Cisnero, Jose",RP,(N/A),\N,"[""cisnero jose""]",\N,\N,\N,\N,\N,\N
0512j,"Lipcius, Andre",1B,(N/A),\N,"[""lipcius andre""]",\N,\N,\N,\N,\N,\N
05svl,"Ohashi, Rafael",SP,(N/A),\N,"[""ohashi rafael""]",\N,\N,\N,\N,\N,\N
0512m,"Pepiot, Ryan",SP,TB,\N,"[""pepiot ryan""]",\N,\N,\N,\N,\N,\N
03mpg,"Didder, Ray-Patrick",SS,(N/A),\N,"[""didder ray patrick""]",\N,\N,\N,\N,\N,\N
0778j,"Wereski, Ben",SP,CIN,\N,"[""wereski ben""]",\N,\N,\N,\N,\N,\N
0512f,"Fraizer, Matt",RF,BOS,\N,"[""fraizer matt""]",\N,\N,\N,\N,\N,\N
04psg,"Salazar, Cesar",C,HOU,\N,"[""salazar cesar""]",\N,\N,\N,\N,\N,\N
0778h,"Perdomo, Luis",SP,BAL,\N,"[""perdomo luis""]",\N,\N,\N,\N,\N,\N
01gjf,"Lyles, Jordan",SP,(N/A),\N,"[""lyles jordan""]",\N,\N,\N,\N,\N,\N
0512i,"Wallace, Jacob",RP,CHC,\N,"[""wallace jacob""]",\N,\N,\N,\N,\N,\N
0778i,"Sena, Alfredo",SS,(N/A),\N,"[""sena alfredo""]",\N,\N,\N,\N,\N,\N
0512h,"McAvene, Michael",P,(N/A),\N,"[""mcavene michael""]",\N,\N,\N,\N,\N,\N
04psi,"Podkul, Nick",3B,(N/A),\N,"[""podkul nick""]",\N,\N,\N,\N,\N,\N
076cp,"Taschin, Giacomo",RP,TOR,\N,"[""taschin giacomo""]",\N,\N,\N,\N,\N,\N
076cn,"Beltre, Anibal",SS,MIN,\N,"[""beltre anibal""]",\N,\N,\N,\N,\N,\N
076co,"Vennaro, Zach",RP,MIN,\N,"[""vennaro zach""]",\N,\N,\N,\N,\N,\N
076cl,"Fortunato, Luis",SS,ATL,\N,"[""fortunato luis""]",\N,\N,\N,\N,\N,\N
076cm,"Pulido, Jorwin",C,ATL,\N,"[""pulido jorwin""]",\N,\N,\N,\N,\N,\N
076cj,"Suriel, Jeremy",CF,ARI,\N,"[""suriel jeremy""]",\N,\N,\N,\N,\N,\N
076ck,"Reynoso, Ariel",SS,LAD,\N,"[""reynoso ariel""]",\N,\N,\N,\N,\N,\N
076ch,"Hardy, Halton",RP,MIN,\N,"[""hardy halton""]",\N,\N,\N,\N,\N,\N
076ci,"Jaquez, Luis",SS,TEX,\N,"[""jaquez luis""]",\N,\N,\N,\N,\N,\N
05tcf,"Mejias, Manuel",C,(N/A),\N,"[""mejias manuel""]",\N,\N,\N,\N,\N,\N
05tcd,"Cross, Gavin",RF,KC,\N,"[""cross gavin""]",\N,\N,\N,\N,\N,\N
05tce,"Norby, Connor",3B,COL,\N,"[""norby connor""]",\N,\N,\N,\N,\N,\N
05tcb,"Mozzicato, Frank",SP,KC,\N,"[""mozzicato frank""]",\N,\N,\N,\N,\N,\N
076cc,"Barboza, Daiyer",SS,MIN,\N,"[""barboza daiyer""]",\N,\N,\N,\N,\N,\N
05tcc,"Kokoska, Zach",1B,COL,\N,"[""kokoska zach""]",\N,\N,\N,\N,\N,\N
05tca,"Rucker, Jake",2B,MIN,\N,"[""rucker jake""]",\N,\N,\N,\N,\N,\N
06ff3,"Hernandez, Jesus",3B,MIA,\N,"[""hernandez jesus""]",\N,\N,\N,\N,\N,\N
063a0,"Nunez, Juan",RP,BAL,\N,[],\N,\N,\N,\N,\N,\N
05taz,"Schwartz, JT",1B,NYM,\N,"[""schwartz jt""]",\N,\N,\N,\N,\N,\N
05tay,"Hardman, Tyler",1B,NYY,\N,"[""hardman tyler""]",\N,\N,\N,\N,\N,\N
05taw,"Nikhazy, Doug",SP,CHC,\N,"[""nikhazy doug""]",\N,\N,\N,\N,\N,\N
05tc7,"Bliss, Ryan",2B,SEA,\N,"[""bliss ryan""]",\N,\N,\N,\N,\N,\N
076g6,"Betancourt, Yoelvis",C,ATL,\N,"[""betancourt yoelvis""]",\N,\N,\N,\N,\N,\N
076g7,"Mendoza, Jose M.",C,CHW,\N,"[""mendoza jose m""]",\N,\N,\N,\N,\N,\N
076g4,"Gutierrez, Edgardo",C,BOS,\N,"[""gutierrez edgardo""]",\N,\N,\N,\N,\N,\N
076g5,"Alcantara, Jonathan",SS,PHI,\N,"[""alcantara jonathan""]",\N,\N,\N,\N,\N,\N
076g3,"Oropeza, Enrique",RF,CHC,\N,"[""oropeza enrique""]",\N,\N,\N,\N,\N,\N
063c4,"Vallecillo, Alexander",SP,(N/A),\N,"[""vallecillo alexander""]",\N,\N,\N,\N,\N,\N
05tdm,"Marcano, Rafael",RP,(N/A),\N,"[""marcano rafael""]",\N,\N,\N,\N,\N,\N
076f0,"Eom, Junsang",SS,ARI,\N,"[""eom junsang""]",\N,\N,\N,\N,\N,\N
05tdk,"Jones, Druw",CF,ARI,\N,"[""jones druw""]",\N,\N,\N,\N,\N,\N
05tdl,"Lesko, Dylan",RP,TB,\N,"[""lesko dylan""]",\N,\N,\N,\N,\N,\N
06fex,"Rodriguez, Gerardo",C,BOS,\N,"[""rodriguez gerardo""]",\N,\N,\N,\N,\N,\N
05tde,"Keegan, Dominic",C,BAL,\N,"[""keegan dominic""]",\N,\N,\N,\N,\N,\N
05tdf,"Coppola, Pierce",SP,CHC,\N,"[""coppola pierce""]",\N,\N,\N,\N,\N,\N
05tdd,"Rock, Joe",SP,ATH,\N,"[""rock joe""]",\N,\N,\N,\N,\N,\N
076cv,"Janicki, Jimmy",3B,(N/A),\N,"[""janicki jimmy""]",\N,\N,\N,\N,\N,\N
03mwy,"Daza, Yonathan",LF,(N/A),\N,"[""daza yonathan""]",\N,\N,\N,\N,\N,\N
04pzz,"Winans, Allan",SP,(N/A),\N,"[""winans allan""]",\N,\N,\N,\N,\N,\N
04pzw,"Andrews, Clayton",SP,(N/A),\N,"[""andrews clayton""]",\N,\N,\N,\N,\N,\N
0519u,"Tolbert, Tyler",CF,KC,\N,"[""tolbert tyler""]",\N,\N,\N,\N,\N,\N
062zv,"Britt, Rhett",SP,(N/A),\N,"[""britt rhett""]",\N,\N,\N,\N,\N,\N
03mwx,"Gomez, Jose",SS,(N/A),\N,"[""gomez jose""]",\N,\N,\N,\N,\N,\N
0519x,"Berryhill, Luke",C,(N/A),\N,"[""berryhill luke""]",\N,\N,\N,\N,\N,\N
0519w,"Komar, Brandon",SP,(N/A),\N,"[""komar brandon""]",\N,\N,\N,\N,\N,\N
04pzx,"Killgore, Keylan",RP,(N/A),\N,"[""killgore keylan""]",\N,\N,\N,\N,\N,\N
0519q,"King, Zach",SP,(N/A),\N,"[""king zach""]",\N,\N,\N,\N,\N,\N
02jtq,"Leon, Sandy",C,ATL,\N,"[""leon sandy""]",\N,\N,\N,\N,\N,\N
062zr,"Flores, Anthony",RP,MIL,\N,"[""flores anthony""]",\N,\N,\N,\N,\N,\N
062zu,"Gaeckle, Gabe",SP,ATH,\N,"[""gaeckle gabe""]",\N,\N,\N,\N,\N,\N
0519s,"Pries, Micah",1B,(N/A),\N,"[""pries micah""]",\N,\N,\N,\N,\N,\N
062zt,"Dallas, Matthew",SP,WSH,\N,"[""dallas matthew""]",\N,\N,\N,\N,\N,\N
062zo,"Gonzalez, Yoendris",RP,CHC,\N,"[""gonzalez yoendris""]",\N,\N,\N,\N,\N,\N
0519m,"Hammer, Dan",RP,NYM,\N,"[""hammer dan""]",\N,\N,\N,\N,\N,\N
04pzn,"Dillard, Trey",RP,(N/A),\N,"[""dillard trey""]",\N,\N,\N,\N,\N,\N
062zn,"De La Cruz, Rodolfo",SP,(N/A),\N,"[""de la cruz rodolfo""]",\N,\N,\N,\N,\N,\N
0519p,"Valenzuela, Sahid",2B,(N/A),\N,"[""valenzuela sahid""]",\N,\N,\N,\N,\N,\N
062zq,"De La Cruz, Juan",SP,MIA,\N,"[""de la cruz juan""]",\N,\N,\N,\N,\N,\N
062zp,"Virguez, Kendeglys",RP,WSH,\N,"[""virguez kendeglys""]",\N,\N,\N,\N,\N,\N
0519j,"Schofield-Sam, T.J.",1B,(N/A),\N,"[""schofield sam t j""]",\N,\N,\N,\N,\N,\N
0519l,"Anderson, Ben",SP,TEX,\N,"[""anderson ben""]",\N,\N,\N,\N,\N,\N
0519k,"Anderson, Ryan",RP,(N/A),\N,"[""anderson ryan""]",\N,\N,\N,\N,\N,\N
062zl,"Gonzalez, Robert",CF,(N/A),\N,"[""gonzalez robert""]",\N,\N,\N,\N,\N,\N
0519f,"Sogard, Nick",1B,BOS,\N,"[""sogard nick""]",\N,\N,\N,\N,\N,\N
062zg,"Sanchez, Heison",2B,(N/A),\N,"[""sanchez heison""]",\N,\N,\N,\N,\N,\N
04pzg,"Chaney, Chase",SP,(N/A),\N,"[""chaney chase""]",\N,\N,\N,\N,\N,\N
0519h,"Bigge, Hunter",RP,ATH,\N,"[""bigge hunter""]",\N,\N,\N,\N,\N,\N
04pzi,"Sisk, Evan",RP,PIT,\N,"[""sisk evan""]",\N,\N,\N,\N,\N,\N
062zi,"Mercedes, Jeffrey",3B,CLE,\N,"[""mercedes jeffrey""]",\N,\N,\N,\N,\N,\N
027ow,"Duvall, Adam",LF,(N/A),\N,"[""duvall adam""]",\N,\N,\N,\N,\N,\N
0519g,"Hernandez, Allan",RP,(N/A),\N,"[""hernandez allan""]",\N,\N,\N,\N,\N,\N
062zh,"Cuevas, Elis",RF,BAL,\N,"[""cuevas elis""]",\N,\N,\N,\N,\N,\N
0519b,"Short, Avery",SP,ARI,\N,"[""short avery""]",\N,\N,\N,\N,\N,\N
0519a,"Sanchez, Jadiel",RF,(N/A),\N,"[""sanchez jadiel""]",\N,\N,\N,\N,\N,\N
0519c,"Ribalta, Orlando",RP,WSH,\N,"[""ribalta orlando""]",\N,\N,\N,\N,\N,\N
04pza,"Mount, Drew",CF,(N/A),\N,"[""mount drew""]",\N,\N,\N,\N,\N,\N
0518y,"Wright, Chris",RP,(N/A),\N,"[""wright chris""]",\N,\N,\N,\N,\N,\N
04pyz,"Cardenas, Ruben",RF,(N/A),\N,"[""cardenas ruben""]",\N,\N,\N,\N,\N,\N
062yz,"Carrillo, Oliver",1B,(N/A),\N,"[""carrillo oliver""]",\N,\N,\N,\N,\N,\N
0518z,"Tyranski, Mitchell",RP,(N/A),\N,"[""tyranski mitchell""]",\N,\N,\N,\N,\N,\N
04pyv,"Lavastida, Bryan",C,ATH,\N,"[""lavastida bryan""]",\N,\N,\N,\N,\N,\N
0518t,"Keane, Sebastian",RP,(N/A),\N,"[""keane sebastian""]",\N,\N,\N,\N,\N,\N
062yu,"Valdez, Kevin",SP,CHC,\N,"[""valdez kevin""]",\N,\N,\N,\N,\N,\N
0518v,"Dashwood, Jack",RP,HOU,\N,"[""dashwood jack""]",\N,\N,\N,\N,\N,\N
062yw,"Dombroski, Trey",SP,HOU,\N,"[""dombroski trey""]",\N,\N,\N,\N,\N,\N
062yr,"Meyer, Noble",SP,MIA,\N,"[""meyer noble""]",\N,\N,\N,\N,\N,\N
04pyq,"Trogrlic-Iverson, Nick",RP,(N/A),\N,"[""trogrlic iverson nick""]",\N,\N,\N,\N,\N,\N
062yq,"Kuehler, Cade",SP,ATL,\N,"[""kuehler cade""]",\N,\N,\N,\N,\N,\N
0518s,"Gusto, Ryan",SP,MIA,\N,"[""gusto ryan""]",\N,\N,\N,\N,\N,\N
062yt,"Honeyman, Travis",CF,STL,\N,"[""honeyman travis""]",\N,\N,\N,\N,\N,\N
0518r,"Harris, Dustin",LF,SD,\N,"[""harris dustin""]",\N,\N,\N,\N,\N,\N
062ys,"Sanchez, Carlos",3B,CIN,\N,[],\N,\N,\N,\N,\N,\N
0518m,"Bowen, Jase",CF,SD,\N,"[""bowen jase""]",\N,\N,\N,\N,\N,\N
062yn,"Lobo, Inmer",RP,PIT,\N,"[""lobo inmer""]",\N,\N,\N,\N,\N,\N
0518l,"Arruda, J.T.",2B,TB,\N,"[""arruda j t""]",\N,\N,\N,\N,\N,\N
04pym,"Greene, Zach",RP,(N/A),\N,"[""greene zach""]",\N,\N,\N,\N,\N,\N
04pyp,"Funderburk, Kody",RP,MIN,\N,"[""funderburk kody""]",\N,\N,\N,\N,\N,\N
0518n,"Grissom, Vaughn",2B,LAA,\N,"[""grissom vaughn""]",\N,\N,\N,\N,\N,\N
076ah,"De Los Santos, Carlos",CF,MIA,\N,"[""de los santos carlos""]",\N,\N,\N,\N,\N,\N
076ai,"Cuneo, August",C,HOU,\N,"[""cuneo august""]",\N,\N,\N,\N,\N,\N
076af,"Da Costa Gomez, Sherrintley",CF,ATL,\N,"[""da costa gomez sherrintley""]",\N,\N,\N,\N,\N,\N
076ag,"Peralta, Engel",RP,MIA,\N,"[""peralta engel""]",\N,\N,\N,\N,\N,\N
076ad,"Jimenez, Jhordari",SP,CLE,\N,"[""jimenez jhordari""]",\N,\N,\N,\N,\N,\N
076ae,"Covey, Jake",SP,MIN,\N,"[""covey jake""]",\N,\N,\N,\N,\N,\N
076ab,"Tejera, Carlos",CF,PIT,\N,"[""tejera carlos""]",\N,\N,\N,\N,\N,\N
076ac,"Marcano, Jhosued",SP,CHC,\N,"[""marcano jhosued""]",\N,\N,\N,\N,\N,\N
076aa,"Sanchez, Johnderis",SS,NYM,\N,"[""sanchez johnderis""]",\N,\N,\N,\N,\N,\N
05tb4,"Albright, Luke",RP,(N/A),\N,"[""albright luke""]",\N,\N,\N,\N,\N,\N
01z83,"Keuchel, Dallas",SP,ATH,\N,"[""keuchel dallas""]",\N,\N,\N,\N,\N,\N
076a8,"Ramirez, Chris",SS,(N/A),\N,"[""ramirez chris""]",\N,\N,\N,\N,\N,\N
076a9,"Hotchkiss, Jackson",RF,(N/A),\N,"[""hotchkiss jackson""]",\N,\N,\N,\N,\N,\N
076a6,"Figuereo, Breyner",SP,TEX,\N,"[""figuereo breyner""]",\N,\N,\N,\N,\N,\N
06ekj,"Coupet, Isaiah",RP,COL,\N,"[""coupet isaiah""]",\N,\N,\N,\N,\N,\N
06ekk,"Sim, Kevin",1B,(N/A),\N,"[""sim kevin""]",\N,\N,\N,\N,\N,\N
06ekf,"Choi, B.Y.",2B,(N/A),\N,"[""choi b y""]",\N,\N,\N,\N,\N,\N
06ekg,"Ocopio, Yoiber",C,SD,\N,"[""ocopio yoiber""]",\N,\N,\N,\N,\N,\N
062h4,"Lagrange, Carlos",SP,NYY,\N,"[""lagrange carlos""]",\N,\N,\N,\N,\N,\N
075is,"Rosario, Hemmanuel",C,HOU,\N,"[""rosario hemmanuel""]",\N,\N,\N,\N,\N,\N
062h6,"Quiroz, Nelson",C,LAD,\N,"[""quiroz nelson""]",\N,\N,\N,\N,\N,\N
075iq,"Verde, Kevin",SS,NYY,\N,"[""verde kevin""]",\N,\N,\N,\N,\N,\N
06ekb,"Wilson, Dylan",SP,SEA,\N,"[""wilson dylan""]",\N,\N,\N,\N,\N,\N
075ir,"Rogers, Daniel",C,SF,\N,"[""rogers daniel""]",\N,\N,\N,\N,\N,\N
06ekc,"Kolokie, Aldalay",LF,(N/A),\N,"[""kolokie aldalay""]",\N,\N,\N,\N,\N,\N
075io,"Carapellotti, Owen",C,TOR,\N,"[""carapellotti owen""]",\N,\N,\N,\N,\N,\N
075ip,"Morris, Judah",1B,ATH,\N,"[""morris judah""]",\N,\N,\N,\N,\N,\N
06ejy,"Cronin, Declan",RP,TEX,\N,"[""cronin declan""]",\N,\N,\N,\N,\N,\N
06ejz,"Verdung, Will",1B,ATL,\N,"[""verdung will""]",\N,\N,\N,\N,\N,\N
062et,"Tapia, German",LF,(N/A),\N,"[""tapia german""]",\N,\N,\N,\N,\N,\N
062es,"Cabral, Riquelmin",3B,(N/A),\N,"[""cabral riquelmin""]",\N,\N,\N,\N,\N,\N
06ek8,"Pena, Dameury",2B,TOR,\N,"[""pena dameury""]",\N,\N,\N,\N,\N,\N
06ek9,"Bautista, Jorge",SP,(N/A),\N,"[""bautista jorge""]",\N,\N,\N,\N,\N,\N
06ek6,"Olson, Emmett",SP,MIA,\N,"[""olson emmett""]",\N,\N,\N,\N,\N,\N
062eb,"Pyne, Josh",3B,(N/A),\N,"[""pyne josh""]",\N,\N,\N,\N,\N,\N
06ek7,"Perez, Fernando",SP,TOR,\N,"[""perez fernando""]",\N,\N,\N,\N,\N,\N
062ea,"Findlay, Jack",RP,STL,\N,"[""findlay jack""]",\N,\N,\N,\N,\N,\N
06ek4,"Cox, Jonah",CF,SF,\N,"[""cox jonah""]",\N,\N,\N,\N,\N,\N
06ek5,"Pinckney, Andrew",CF,WSH,\N,"[""pinckney andrew""]",\N,\N,\N,\N,\N,\N
062ec,"DeMartini, Carson",3B,PHI,\N,"[""demartini carson""]",\N,\N,\N,\N,\N,\N
06ek2,"Meachem, Xavier",RP,MIA,\N,"[""meachem xavier""]",\N,\N,\N,\N,\N,\N
06ek3,"Haas, Hunter",3B,(N/A),\N,"[""haas hunter""]",\N,\N,\N,\N,\N,\N
06ek0,"Jasso, Dylan",3B,MIA,\N,"[""jasso dylan""]",\N,\N,\N,\N,\N,\N
06ek1,"Liranzo, Angel",SP,PHI,\N,"[""liranzo angel""]",\N,\N,\N,\N,\N,\N
062dz,"Chapelli, Loidel",2B,(N/A),\N,"[""chapelli loidel""]",\N,\N,\N,\N,\N,\N
062hy,"Bonilla, Enmanuel",CF,TOR,\N,"[""bonilla enmanuel""]",\N,\N,\N,\N,\N,\N
03mew,"Arraez, Luis",1B,PHI,\N,"[""arraez luis""]",\N,\N,\N,\N,\N,\N
075ky,"Meneses, Jose",RP,MIL,\N,"[""meneses jose""]",\N,\N,\N,\N,\N,\N
075kz,"Reyes, Anfernny",RP,MIL,\N,"[""reyes anfernny""]",\N,\N,\N,\N,\N,\N
03mey,"Garabito, Gerson",RP,MIL,\N,"[""garabito gerson""]",\N,\N,\N,\N,\N,\N
075kw,"Bracho, David",SP,CHC,\N,"[""bracho david""]",\N,\N,\N,\N,\N,\N
075kx,"Hodges, Garrett",RP,MIL,\N,"[""hodges garrett""]",\N,\N,\N,\N,\N,\N
04pht,"Rodriguez, Alberto",RF,KC,\N,"[""rodriguez alberto""]",\N,\N,\N,\N,\N,\N
075ku,"Kartsonas, Jack",SP,TB,\N,"[""kartsonas jack""]",\N,\N,\N,\N,\N,\N
062j9,"Gallagher, Ryan",SP,MIN,\N,"[""gallagher ryan""]",\N,\N,\N,\N,\N,\N
062hw,"Benjamin, Juan",3B,CLE,\N,"[""benjamin juan""]",\N,\N,\N,\N,\N,\N
075kv,"Myers, Braylon",RP,CHC,\N,"[""myers braylon""]",\N,\N,\N,\N,\N,\N
075ks,"Figueredo, Dilan",RP,LAD,\N,"[""figueredo dilan""]",\N,\N,\N,\N,\N,\N
075kt,"Falinski, Adam",RP,MIN,\N,"[""falinski adam""]",\N,\N,\N,\N,\N,\N
075kr,"Brockett, Jackson",RP,CHC,\N,"[""brockett jackson""]",\N,\N,\N,\N,\N,\N
062hm,"Cedeno, Jose",C,(N/A),\N,[],\N,\N,\N,\N,\N,\N
062hl,"Rodriguez, Justin",3B,(N/A),\N,"[""rodriguez justin""]",\N,\N,\N,\N,\N,\N
062ho,"Sanoja, Javier",3B,MIA,\N,"[""sanoja javier""]",\N,\N,\N,\N,\N,\N
062hn,"Ugarte, Ronny",1B,COL,\N,"[""ugarte ronny""]",\N,\N,\N,\N,\N,\N
075kf,"Caseres, Sebastian",RP,LAA,\N,"[""caseres sebastian""]",\N,\N,\N,\N,\N,\N
06elo,"Svanson, Matt",RP,STL,\N,"[""svanson matt""]",\N,\N,\N,\N,\N,\N
075l8,"Vasquez, Juanmi",RP,DET,\N,"[""vasquez juanmi""]",\N,\N,\N,\N,\N,\N
075l9,"Clark, Jonathan",RP,CHW,\N,"[""clark jonathan""]",\N,\N,\N,\N,\N,\N
075l6,"Salas, Braulio",RP,MIA,\N,"[""salas braulio""]",\N,\N,\N,\N,\N,\N
075l7,"Villar, Wily",RP,TEX,\N,"[""villar wily""]",\N,\N,\N,\N,\N,\N
075l4,"Mueller, Mitch",RP,MIN,\N,"[""mueller mitch""]",\N,\N,\N,\N,\N,\N
075l5,"Hammond, Eric",RP,MIN,\N,"[""hammond eric""]",\N,\N,\N,\N,\N,\N
075l2,"Flores, Eminen",RP,TOR,\N,"[""flores eminen""]",\N,\N,\N,\N,\N,\N
075l3,"Leal, Henson",RP,KC,\N,"[""leal henson""]",\N,\N,\N,\N,\N,\N
075l0,"Cooper, Trey",RP,CHW,\N,"[""cooper trey""]",\N,\N,\N,\N,\N,\N
075l1,"Manning, Grant",RP,WSH,\N,"[""manning grant""]",\N,\N,\N,\N,\N,\N
06ekv,"Flores, Stiven",C,CHW,\N,"[""flores stiven""]",\N,\N,\N,\N,\N,\N
06eku,"Kane, Tommy",RP,(N/A),\N,"[""kane tommy""]",\N,\N,\N,\N,\N,\N
06ekr,"Campbell, Dylan",CF,CHW,\N,"[""campbell dylan""]",\N,\N,\N,\N,\N,\N
06eks,"McDaniel, Quinn",2B,MIN,\N,"[""mcdaniel quinn""]",\N,\N,\N,\N,\N,\N
06ekp,"OHalloran, Connor",SP,TOR,\N,"[""ohalloran connor""]",\N,\N,\N,\N,\N,\N
06ekq,"Thornton, Zac",SP,NYM,\N,"[""thornton zac""]",\N,\N,\N,\N,\N,\N
06ekn,"Burns, Connor",C,CIN,\N,"[""burns connor""]",\N,\N,\N,\N,\N,\N
06eko,"Lindsey, Andrew",SP,TB,\N,"[""lindsey andrew""]",\N,\N,\N,\N,\N,\N
06ekl,"Miller, Cole",SP,ATH,\N,"[""miller cole""]",\N,\N,\N,\N,\N,\N
06ekm,"Saltiban, Devin",CF,PHI,\N,"[""saltiban devin""]",\N,\N,\N,\N,\N,\N
075g8,"Lampton, Zac",RP,BAL,\N,"[""lampton zac""]",\N,\N,\N,\N,\N,\N
062d1,"Southisene, Ty",2B,TOR,\N,"[""southisene ty""]",\N,\N,\N,\N,\N,\N
062d0,"Peralta, Fabio",1B,(N/A),\N,"[""peralta fabio""]",\N,\N,\N,\N,\N,\N
04pbq,"Perdomo, Geraldo",SS,ARI,\N,"[""perdomo geraldo""]",\N,\N,\N,\N,\N,\N
04pbp,"Morel, Christopher",LF,NYM,\N,"[""morel christopher""]",\N,\N,\N,\N,\N,\N
075f2,"Carr, Jordan",RP,HOU,\N,"[""carr jordan""]",\N,\N,\N,\N,\N,\N
075f0,"Steele, Anthony",RP,(N/A),\N,"[""steele anthony""]",\N,\N,\N,\N,\N,\N
075f1,"Biller, Sam",LF,NYM,\N,"[""biller sam""]",\N,\N,\N,\N,\N,\N
04paj,"Winn, Cole",RP,TEX,\N,"[""winn cole""]",\N,\N,\N,\N,\N,\N
04pf7,"Bautista, Danny",RF,(N/A),\N,"[""bautista danny""]",\N,\N,\N,\N,\N,\N
04pf6,"Garcia, Yunior",OF,(N/A),\N,"[""garcia yunior""]",\N,\N,\N,\N,\N,\N
062dw,"Ovalles, Layonel",RP,(N/A),\N,"[""ovalles layonel""]",\N,\N,\N,\N,\N,\N
075go,"Monile, Nick",LF,MIL,\N,"[""monile nick""]",\N,\N,\N,\N,\N,\N
075gm,"Sargent, Chris",C,SD,\N,"[""sargent chris""]",\N,\N,\N,\N,\N,\N
075gn,"Campagna, Joe",C,DET,\N,"[""campagna joe""]",\N,\N,\N,\N,\N,\N
075gk,"Genth, Harry",SS,MIN,\N,"[""genth harry""]",\N,\N,\N,\N,\N,\N
075gl,"Daugherty, Ian",C,MIN,\N,"[""daugherty ian""]",\N,\N,\N,\N,\N,\N
075gi,"Brooks, Michael",SS,ATH,\N,"[""brooks michael""]",\N,\N,\N,\N,\N,\N
075gj,"Birge, Alex",C,STL,\N,"[""birge alex""]",\N,\N,\N,\N,\N,\N
075gg,"Flores, Arturo",C,HOU,\N,"[""flores arturo""]",\N,\N,\N,\N,\N,\N
075gh,"Fossum, Kyle",LF,COL,\N,"[""fossum kyle""]",\N,\N,\N,\N,\N,\N
075gf,"Rivera, Ediel",C,NYY,\N,"[""rivera ediel""]",\N,\N,\N,\N,\N,\N
075ga,"Hodge, Ty",SS,BOS,\N,"[""hodge ty""]",\N,\N,\N,\N,\N,\N
075gb,"Blandford, Bobby",CF,ATH,\N,"[""blandford bobby""]",\N,\N,\N,\N,\N,\N
062cx,"Holliday, Ethan",SS,COL,\N,"[""holliday ethan""]",\N,\N,\N,\N,\N,\N
062e9,"Hackenberg, Drue",SP,ATL,\N,"[""hackenberg drue""]",\N,\N,\N,\N,\N,\N
062cz,"Martin, Roman",SS,ATH,\N,"[""martin roman""]",\N,\N,\N,\N,\N,\N
062cy,"Gamble, Sean",CF,KC,\N,"[""gamble sean""]",\N,\N,\N,\N,\N,\N
062e6,"Ferrer, Jaime",1B,MIN,\N,"[""ferrer jaime""]",\N,\N,\N,\N,\N,\N
062e5,"Honeycutt, Vance",CF,BAL,\N,"[""honeycutt vance""]",\N,\N,\N,\N,\N,\N
062e8,"Gourson, Duce",3B,PIT,\N,"[""gourson duce""]",\N,\N,\N,\N,\N,\N
062e7,"Anthony, Keaton",1B,PHI,\N,"[""anthony keaton""]",\N,\N,\N,\N,\N,\N
062e2,"Ray, Dylan",SP,ARI,\N,"[""ray dylan""]",\N,\N,\N,\N,\N,\N
062e1,"Purnell, Blake",RP,TOR,\N,"[""purnell blake""]",\N,\N,\N,\N,\N,\N
062e4,"Graham, Carter",3B,CIN,\N,"[""graham carter""]",\N,\N,\N,\N,\N,\N
062e3,"Austin, Cade",RP,MIA,\N,"[""austin cade""]",\N,\N,\N,\N,\N,\N
062e0,"Caminiti, Cam",SP,ATL,\N,"[""caminiti cam""]",\N,\N,\N,\N,\N,\N
075ey,"Holmes, Jackson",SP,ATH,\N,"[""holmes jackson""]",\N,\N,\N,\N,\N,\N
075ez,"Manzano, Alejandro",RP,ATH,\N,"[""manzano alejandro""]",\N,\N,\N,\N,\N,\N
075g9,"McMurray, Cooper",1B,ATL,\N,"[""mcmurray cooper""]",\N,\N,\N,\N,\N,\N
075ex,"Alvarado, Wilfred",RP,ATH,\N,"[""alvarado wilfred""]",\N,\N,\N,\N,\N,\N
062ob,"Ferrer, Jose",RP,SEA,\N,"[""ferrer jose""]",\N,\N,\N,\N,\N,\N
03mky,"Park, Hoy",RF,(N/A),\N,"[""park hoy""]",\N,\N,\N,\N,\N,\N
03mkv,"Perez, Carlos",1B,(N/A),\N,[],\N,\N,\N,\N,\N,\N
06428,"Albertus, Alexander",3B,CHW,\N,"[""albertus alexander""]",\N,\N,\N,\N,\N,\N
03mkx,"Diaz, Miguel",RP,(N/A),\N,"[""diaz miguel""]",\N,\N,\N,\N,\N,\N
075s9,"Roland, Cole",RP,TEX,\N,"[""roland cole""]",\N,\N,\N,\N,\N,\N
05ss9,"Munoz, Roddery",RP,HOU,\N,"[""munoz roddery""]",\N,\N,\N,\N,\N,\N
075s7,"Almonte, Jhon",SP,LAA,\N,"[""almonte jhon""]",\N,\N,\N,\N,\N,\N
05u3u,"Griffin, Konnor",SS,PIT,\N,"[""griffin konnor""]",\N,\N,\N,\N,\N,\N
03mm4,"Ibanez, Andy",3B,SEA,\N,"[""ibanez andy""]",\N,\N,\N,\N,\N,\N
075s8,"Lanzosa, Diego",SP,TEX,\N,"[""lanzosa diego""]",\N,\N,\N,\N,\N,\N
05u3v,"Jenkins, Walker",CF,MIN,\N,"[""jenkins walker""]",\N,\N,\N,\N,\N,\N
05ss8,"Contreras, Luis",SP,(N/A),\N,"[""contreras luis""]",\N,\N,\N,\N,\N,\N
06424,"Valdez, Luis",2B,(N/A),\N,[],\N,\N,\N,\N,\N,\N
05u3s,"Corniel, Juan",SS,(N/A),\N,"[""corniel juan""]",\N,\N,\N,\N,\N,\N
06427,"Camou, Alain",2B,(N/A),\N,"[""camou alain""]",\N,\N,\N,\N,\N,\N
05u3t,"Matthews, Micah",3B,(N/A),\N,"[""matthews micah""]",\N,\N,\N,\N,\N,\N
06426,"Monserrate, Jose",CF,MIA,\N,"[""monserrate jose""]",\N,\N,\N,\N,\N,\N
075s3,"Spray, Jr., Jason",LF,(N/A),\N,"[""spray jr jason""]",\N,\N,\N,\N,\N,\N
06421,"Powell, Walker",SP,(N/A),\N,"[""powell walker""]",\N,\N,\N,\N,\N,\N
02jhl,"Montero, Rafael",RP,NYY,\N,"[""montero rafael""]",\N,\N,\N,\N,\N,\N
075s4,"Miller, Brady",SP,NYM,\N,"[""miller brady""]",\N,\N,\N,\N,\N,\N
075s1,"Yormack, Derek",SP,(N/A),\N,"[""yormack derek""]",\N,\N,\N,\N,\N,\N
06423,"Escobar, Aroon",2B,PHI,\N,"[""escobar aroon""]",\N,\N,\N,\N,\N,\N
03mm1,"Reyes, Gerardo",RP,(N/A),\N,"[""reyes gerardo""]",\N,\N,\N,\N,\N,\N
075s2,"Mohammed, Samir",SP,(N/A),\N,"[""mohammed samir""]",\N,\N,\N,\N,\N,\N
06422,"Segura, Enrique",SP,TEX,\N,"[""segura enrique""]",\N,\N,\N,\N,\N,\N
075s0,"Garcia, Angel",LF,(N/A),\N,[],\N,\N,\N,\N,\N,\N
05u3c,"Martinez, Adrian",RP,(N/A),\N,"[""martinez adrian""]",\N,\N,\N,\N,\N,\N
01xfr,"Corbin, Patrick",SP,TOR,\N,"[""corbin patrick""]",\N,\N,\N,\N,\N,\N
05u2z,"Holcomb, Braden",CF,CHW,\N,"[""holcomb braden""]",\N,\N,\N,\N,\N,\N
05u2x,"Walker, Josh",RP,BAL,\N,"[""walker josh""]",\N,\N,\N,\N,\N,\N
04pmv,"Davis, Brennen",LF,SEA,\N,"[""davis brennen""]",\N,\N,\N,\N,\N,\N
05u2y,"Harris, Aiden",3B,(N/A),\N,"[""harris aiden""]",\N,\N,\N,\N,\N,\N
04pmu,"Jeffers, Ryan",C,MIN,\N,"[""jeffers ryan""]",\N,\N,\N,\N,\N,\N
05u2v,"Goodman, Hunter",C,COL,\N,"[""goodman hunter""]",\N,\N,\N,\N,\N,\N
04pmx,"Decker, Nick",CF,(N/A),\N,"[""decker nick""]",\N,\N,\N,\N,\N,\N
05u2w,"Grice, Caden",SP,ARI,\N,"[""grice caden""]",\N,\N,\N,\N,\N,\N
04pmw,"Thomas, Alek",CF,LAD,\N,"[""thomas alek""]",\N,\N,\N,\N,\N,\N
05u2t,"Jones, Jayson",SS,CHW,\N,"[""jones jayson""]",\N,\N,\N,\N,\N,\N
03ml3,"Gamboa, Arquimedes",SS,(N/A),\N,"[""gamboa arquimedes""]",\N,\N,\N,\N,\N,\N
04pmr,"Johnson, Osiris",SS,(N/A),\N,"[""johnson osiris""]",\N,\N,\N,\N,\N,\N
05u2u,"Black, Tyler",3B,MIL,\N,"[""black tyler""]",\N,\N,\N,\N,\N,\N
04pmq,"Ashcraft, Braxton",RP,PIT,\N,"[""ashcraft braxton""]",\N,\N,\N,\N,\N,\N
04pmt,"Jackson, Jeremiah",RF,BAL,\N,"[""jackson jeremiah""]",\N,\N,\N,\N,\N,\N
04pms,"White, Owen",SP,(N/A),\N,"[""white owen""]",\N,\N,\N,\N,\N,\N
05sr2,"McGreevy, Michael",SP,STL,\N,"[""mcgreevy michael""]",\N,\N,\N,\N,\N,\N
05u2p,"Wiggins, Jaxon",SP,CHC,\N,"[""wiggins jaxon""]",\N,\N,\N,\N,\N,\N
04pmn,"Meadows, Parker",CF,DET,\N,"[""meadows parker""]",\N,\N,\N,\N,\N,\N
03mjl,"Booser, Cam",RP,TB,\N,"[""booser cam""]",\N,\N,\N,\N,\N,\N
05u2q,"Tidwell, Blade",SP,SF,\N,"[""tidwell blade""]",\N,\N,\N,\N,\N,\N
04pmm,"Sandlin, Nick",RP,DET,\N,"[""sandlin nick""]",\N,\N,\N,\N,\N,\N
05u2n,"Young, Carter",SS,BAL,\N,"[""young carter""]",\N,\N,\N,\N,\N,\N
04pmp,"Woods-Richardson, Simeon",SP,SEA,\N,"[""woods richardson simeon""]",\N,\N,\N,\N,\N,\N
05u2o,"Wolkow, George",RF,CHW,\N,"[""wolkow george""]",\N,\N,\N,\N,\N,\N
04pmo,"Richardson, Lyon",RP,MIL,\N,"[""richardson lyon""]",\N,\N,\N,\N,\N,\N
05u2l,"Floyd, Ty",SP,CIN,\N,"[""floyd ty""]",\N,\N,\N,\N,\N,\N
04pmj,"Breaux, Josh",C,(N/A),\N,"[""breaux josh""]",\N,\N,\N,\N,\N,\N
05u2m,"Gillen, Theo",CF,TB,\N,"[""gillen theo""]",\N,\N,\N,\N,\N,\N
04pmi,"Stowers, Josh",CF,(N/A),\N,"[""stowers josh""]",\N,\N,\N,\N,\N,\N
05u2k,"Lee, Hao-Yu",3B,DET,\N,"[""lee hao yu""]",\N,\N,\N,\N,\N,\N
04pmk,"Grove, Michael",RP,ATL,\N,"[""grove michael""]",\N,\N,\N,\N,\N,\N
05u2h,"Denton, Zane",3B,(N/A),\N,"[""denton zane""]",\N,\N,\N,\N,\N,\N
04pmf,"Lavigne, Grant",1B,(N/A),\N,"[""lavigne grant""]",\N,\N,\N,\N,\N,\N
04pme,"Torres, Lenny",RP,(N/A),\N,"[""torres lenny""]",\N,\N,\N,\N,\N,\N
04pmh,"Hannah, Jameson",LF,(N/A),\N,"[""hannah jameson""]",\N,\N,\N,\N,\N,\N
04pmg,"Bowlan, Jonathan",RP,PHI,\N,"[""bowlan jonathan""]",\N,\N,\N,\N,\N,\N
04pmb,"Bubic, Kris",SP,LAD,\N,"[""bubic kris""]",\N,\N,\N,\N,\N,\N
04pma,"Lynch, Daniel",RP,KC,\N,"[""lynch daniel""]",\N,\N,\N,\N,\N,\N
04pmd,"Hoglund, Gunnar",SP,ATH,\N,"[""hoglund gunnar""]",\N,\N,\N,\N,\N,\N
0776d,"Sandoval, Carlos",LF,HOU,\N,"[""sandoval carlos""]",\N,\N,\N,\N,\N,\N
04pqb,"Siani, Michael",CF,DET,\N,"[""siani michael""]",\N,\N,\N,\N,\N,\N
0776e,"Moreno, Frank",C,NYM,\N,"[""moreno frank""]",\N,\N,\N,\N,\N,\N
0776b,"Santana, Dariel",SS,NYY,\N,"[""santana dariel""]",\N,\N,\N,\N,\N,\N
04pqd,"Rom, Drew",SP,ATH,\N,"[""rom drew""]",\N,\N,\N,\N,\N,\N
0510b,"Morel, Rafael",RF,(N/A),\N,"[""morel rafael""]",\N,\N,\N,\N,\N,\N
0776c,"Jean, Anyelo",SS,PIT,\N,"[""jean anyelo""]",\N,\N,\N,\N,\N,\N
04pqc,"Shortridge, Aaron",SP,WSH,\N,"[""shortridge aaron""]",\N,\N,\N,\N,\N,\N
0776a,"Cavero, Braulio",LF,TEX,\N,"[""cavero braulio""]",\N,\N,\N,\N,\N,\N
06ew0,"Rucker, Carson",3B,DET,\N,"[""rucker carson""]",\N,\N,\N,\N,\N,\N
06ew1,"Hales, Skylar",RP,STL,\N,"[""hales skylar""]",\N,\N,\N,\N,\N,\N
03mmw,"Gutierrez, Vladimir",RP,(N/A),\N,"[""gutierrez vladimir""]",\N,\N,\N,\N,\N,\N
04ppx,"Feltman, Durbin",SP,STL,\N,"[""feltman durbin""]",\N,\N,\N,\N,\N,\N
04ppz,"Irvin, Jake",SP,WSH,\N,"[""irvin jake""]",\N,\N,\N,\N,\N,\N
07779,"Borges, Oscar",C,PIT,\N,"[""borges oscar""]",\N,\N,\N,\N,\N,\N
04pr7,"Hoffman, Nolan",RP,KC,\N,"[""hoffman nolan""]",\N,\N,\N,\N,\N,\N
04ppt,"Kloffenstein, Adam",SP,NYY,\N,"[""kloffenstein adam""]",\N,\N,\N,\N,\N,\N
07777,"Rodriguez, Freilyn",CF,CLE,\N,"[""rodriguez freilyn""]",\N,\N,\N,\N,\N,\N
07778,"Faria, Ray",C,BAL,\N,"[""faria ray""]",\N,\N,\N,\N,\N,\N
04pr8,"Bradley, Taj",SP,MIN,\N,"[""bradley taj""]",\N,\N,\N,\N,\N,\N
07775,"Blanco, Aiberson",CF,NYM,\N,"[""blanco aiberson""]",\N,\N,\N,\N,\N,\N
03mo2,"Fernandez, Junior",RP,(N/A),\N,"[""fernandez junior""]",\N,\N,\N,\N,\N,\N
04ppq,"Herron, Jimmy",RF,(N/A),\N,"[""herron jimmy""]",\N,\N,\N,\N,\N,\N
07776,"Mendoza, Santiago",C,TB,\N,"[""mendoza santiago""]",\N,\N,\N,\N,\N,\N
062pp,"Isaac, Xavier",1B,TB,\N,"[""isaac xavier""]",\N,\N,\N,\N,\N,\N
04pr2,"Mann, Devin",3B,(N/A),\N,"[""mann devin""]",\N,\N,\N,\N,\N,\N
07773,"Del Cid, Adrian",SS,LAD,\N,"[""del cid adrian""]",\N,\N,\N,\N,\N,\N
04pps,"Harris, Hogan",RP,ATH,\N,"[""harris hogan""]",\N,\N,\N,\N,\N,\N
04pr5,"Riley, Trey",RP,(N/A),\N,"[""riley trey""]",\N,\N,\N,\N,\N,\N
07774,"Pire, Daniel",C,MIA,\N,"[""pire daniel""]",\N,\N,\N,\N,\N,\N
07771,"Estevez, Emerson",LF,NYM,\N,"[""estevez emerson""]",\N,\N,\N,\N,\N,\N
04ppm,"Rooney, John",RP,TB,\N,"[""rooney john""]",\N,\N,\N,\N,\N,\N
062pm,"Murphy, Owen",SP,ATL,\N,"[""murphy owen""]",\N,\N,\N,\N,\N,\N
07772,"Alvarez, Robert",C,CLE,\N,"[""alvarez robert""]",\N,\N,\N,\N,\N,\N
0775p,"Duran, Juanyerlin",SP,BOS,\N,"[""duran juanyerlin""]",\N,\N,\N,\N,\N,\N
04ppl,"Miller, Owen",1B,CHC,\N,"[""miller owen""]",\N,\N,\N,\N,\N,\N
05110,"Cappe, Yiddi",2B,(N/A),\N,"[""cappe yiddi""]",\N,\N,\N,\N,\N,\N
04pr1,"Kwan, Steven",LF,CLE,\N,"[""kwan steven""]",\N,\N,\N,\N,\N,\N
062po,"Aquino, Patricio",RP,MIL,\N,"[""aquino patricio""]",\N,\N,\N,\N,\N,\N
04ppo,"Isbel, Kyle",CF,KC,\N,"[""isbel kyle""]",\N,\N,\N,\N,\N,\N
07770,"Shirley, David",SS,MIA,\N,"[""shirley david""]",\N,\N,\N,\N,\N,\N
062pn,"Sandlin, David",RP,CHW,\N,"[""sandlin david""]",\N,\N,\N,\N,\N,\N
04ppn,"Kaiser, Connor",2B,KC,\N,"[""kaiser connor""]",\N,\N,\N,\N,\N,\N
0642n,"Woessner, Tyler",RP,(N/A),\N,"[""woessner tyler""]",\N,\N,\N,\N,\N,\N
04ppi,"Clemens, Kody",1B,MIN,\N,"[""clemens kody""]",\N,\N,\N,\N,\N,\N
04ppk,"Palacios, Richie",LF,TB,\N,"[""palacios richie""]",\N,\N,\N,\N,\N,\N
04ppj,"Pena, Jeremy",SS,HOU,\N,"[""pena jeremy""]",\N,\N,\N,\N,\N,\N
075sg,"Rouse, Scott",RP,SEA,\N,"[""rouse scott""]",\N,\N,\N,\N,\N,\N
0642d,"Torres, Luis",1B,(N/A),\N,[],\N,\N,\N,\N,\N,\N
075sf,"Scott, Win",RP,DET,\N,"[""scott win""]",\N,\N,\N,\N,\N,\N
05u5c,"Urbaez, Francisco",2B,CIN,\N,"[""urbaez francisco""]",\N,\N,\N,\N,\N,\N
0642a,"Alcala, Moises",C,ARI,\N,"[""alcala moises""]",\N,\N,\N,\N,\N,\N
075rz,"Nims, Brayden",LF,(N/A),\N,"[""nims brayden""]",\N,\N,\N,\N,\N,\N
04pq6,"Rivas, Alfonso",1B,(N/A),\N,"[""rivas alfonso""]",\N,\N,\N,\N,\N,\N
07769,"Franeites, Sebastian",C,MIL,\N,"[""franeites sebastian""]",\N,\N,\N,\N,\N,\N
04pq5,"Keirsey, DaShawn",RF,ATL,\N,"[""keirsey dashawn""]",\N,\N,\N,\N,\N,\N
06435,"Chacon, Javier",RP,SD,\N,"[""chacon javier""]",\N,\N,\N,\N,\N,\N
07766,"Sanchez, Jonnhan",1B,NYM,\N,"[""sanchez jonnhan""]",\N,\N,\N,\N,\N,\N
07767,"Cuello, Jhonael",CF,NYM,\N,"[""cuello jhonael""]",\N,\N,\N,\N,\N,\N
04pq7,"Weiss, Ryan",SP,HOU,\N,"[""weiss ryan""]",\N,\N,\N,\N,\N,\N
06437,"Olivar, Ricardo",C,MIN,\N,"[""olivar ricardo""]",\N,\N,\N,\N,\N,\N
07764,"Gonzalez, Victor",SS,TEX,\N,[],\N,\N,\N,\N,\N,\N
06432,"Hall, Anthony",RF,(N/A),\N,"[""hall anthony""]",\N,\N,\N,\N,\N,\N
04pq2,"Coleman, Dylan",RP,(N/A),\N,"[""coleman dylan""]",\N,\N,\N,\N,\N,\N
07765,"De Los Santos, Manny",CF,MIL,\N,"[""de los santos manny""]",\N,\N,\N,\N,\N,\N
06g6d,"Fondtain, T.J.",RP,TB,\N,"[""fondtain t j""]",\N,\N,\N,\N,\N,\N
06431,"Doersching, Griffin",1B,(N/A),\N,"[""doersching griffin""]",\N,\N,\N,\N,\N,\N
06434,"Crooks, Jimmy",C,STL,\N,"[""crooks jimmy""]",\N,\N,\N,\N,\N,\N
04pq4,"Bradish, Kyle",SP,BAL,\N,"[""bradish kyle""]",\N,\N,\N,\N,\N,\N
07763,"Yanes, Santiago",C,BOS,\N,"[""yanes santiago""]",\N,\N,\N,\N,\N,\N
06433,"Huff, Kody",C,CLE,\N,"[""huff kody""]",\N,\N,\N,\N,\N,\N
05u4l,"Palencia, Daniel",RP,CHC,\N,"[""palencia daniel""]",\N,\N,\N,\N,\N,\N
062q0,"Mautz, Brycen",SP,STL,\N,"[""mautz brycen""]",\N,\N,\N,\N,\N,\N
0641j,"Estanista, Jaydenn",RP,PHI,\N,"[""estanista jaydenn""]",\N,\N,\N,\N,\N,\N
0774g,"Gamez, Luis",SP,LAD,\N,"[""gamez luis""]",\N,\N,\N,\N,\N,\N
0641c,"Dezenzo, Zach",LF,HOU,\N,"[""dezenzo zach""]",\N,\N,\N,\N,\N,\N
03mle,"Mantiply, Joe",RP,TOR,\N,"[""mantiply joe""]",\N,\N,\N,\N,\N,\N
062jz,"Cova, Ricardo",LF,SEA,\N,"[""cova ricardo""]",\N,\N,\N,\N,\N,\N
075my,"Castro, Jesus",SP,SD,\N,[],\N,\N,\N,\N,\N,\N
062jy,"Nodal, Yordan",RP,(N/A),\N,"[""nodal yordan""]",\N,\N,\N,\N,\N,\N
062jx,"Serna, Jared",SS,MIA,\N,"[""serna jared""]",\N,\N,\N,\N,\N,\N
075o7,"Weaver, Jacob",RP,WSH,\N,"[""weaver jacob""]",\N,\N,\N,\N,\N,\N
062l5,"Rivera, Angel",C,(N/A),\N,"[""rivera angel""]",\N,\N,\N,\N,\N,\N
03mgq,"Hernandez, Jonathan",RP,LAD,\N,"[""hernandez jonathan""]",\N,\N,\N,\N,\N,\N
062l4,"Mendoza, Jordarlin",RP,NYY,\N,"[""mendoza jordarlin""]",\N,\N,\N,\N,\N,\N
075o5,"Parks, Brendan",RP,BAL,\N,"[""parks brendan""]",\N,\N,\N,\N,\N,\N
07715,"McCraine, Mason",1B,(N/A),\N,"[""mccraine mason""]",\N,\N,\N,\N,\N,\N
075o6,"Shockley, Jason",RP,BAL,\N,"[""shockley jason""]",\N,\N,\N,\N,\N,\N
07716,"Rose, Jackson",RP,(N/A),\N,"[""rose jackson""]",\N,\N,\N,\N,\N,\N
07713,"Marchand, Taj",SS,TB,\N,"[""marchand taj""]",\N,\N,\N,\N,\N,\N
062l1,"Castillo, Jesus",1B,PIT,\N,"[""castillo jesus""]",\N,\N,\N,\N,\N,\N
075o4,"Morales, Jordan",RP,CHW,\N,"[""morales jordan""]",\N,\N,\N,\N,\N,\N
07714,"Hanoian, Wyatt",SS,(N/A),\N,"[""hanoian wyatt""]",\N,\N,\N,\N,\N,\N
062l0,"Areinamo, Jadher",SS,TB,\N,"[""areinamo jadher""]",\N,\N,\N,\N,\N,\N
062l3,"Rojas, Anderdson",3B,ARI,\N,"[""rojas anderdson""]",\N,\N,\N,\N,\N,\N
03mgf,"Adames, Jose",RP,(N/A),\N,"[""adames jose""]",\N,\N,\N,\N,\N,\N
062jb,"Burke, Blake",1B,MIL,\N,"[""burke blake""]",\N,\N,\N,\N,\N,\N
06g24,"Garcia, Benito",RP,(N/A),\N,"[""garcia benito""]",\N,\N,\N,\N,\N,\N
062ja,"Feczko, Ryan",SP,(N/A),\N,"[""feczko ryan""]",\N,\N,\N,\N,\N,\N
062k8,"McGee, Cade",3B,STL,\N,"[""mcgee cade""]",\N,\N,\N,\N,\N,\N
062k7,"OFerrall, Griff",SS,BAL,\N,"[""oferrall griff""]",\N,\N,\N,\N,\N,\N
075lu,"Takahashi, Haruto",SP,(N/A),\N,"[""takahashi haruto""]",\N,\N,\N,\N,\N,\N
062k3,"Heefner, Luke",3B,(N/A),\N,"[""heefner luke""]",\N,\N,\N,\N,\N,\N
075lr,"Christman, Brady",LF,(N/A),\N,"[""christman brady""]",\N,\N,\N,\N,\N,\N
062k6,"Watts-Brown, Juaron",SP,BAL,\N,"[""watts brown juaron""]",\N,\N,\N,\N,\N,\N
075ls,"Hood, Landon",SP,(N/A),\N,"[""hood landon""]",\N,\N,\N,\N,\N,\N
062k5,"Kurtz, Nick",1B,ATH,\N,"[""kurtz nick""]",\N,\N,\N,\N,\N,\N
075lp,"Grindlinger, Trent",C,(N/A),\N,"[""grindlinger trent""]",\N,\N,\N,\N,\N,\N
075lq,"Elam, Kade",SS,(N/A),\N,"[""elam kade""]",\N,\N,\N,\N,\N,\N
075ln,"Kusiak, Henry",SS,MIN,\N,"[""kusiak henry""]",\N,\N,\N,\N,\N,\N
062k2,"White, Hudson",C,BOS,\N,"[""white hudson""]",\N,\N,\N,\N,\N,\N
075lo,"Jasa, Carson",SP,CHC,\N,"[""jasa carson""]",\N,\N,\N,\N,\N,\N
075ll,"Perez, Jose",SS,BAL,\N,[],\N,\N,\N,\N,\N,\N
075lm,"Gonzalez, Samuel",SS,ATH,\N,[],\N,\N,\N,\N,\N,\N
075lj,"Hernandez, Luis",C,MIN,\N,[],\N,\N,\N,\N,\N,\N
075lk,"Shpur, Caleb",RF,(N/A),\N,"[""shpur caleb""]",\N,\N,\N,\N,\N,\N
075lh,"Roberts, Jacob",RP,WSH,\N,"[""roberts jacob""]",\N,\N,\N,\N,\N,\N
075li,"Mata, Angel",C,PHI,\N,"[""mata angel""]",\N,\N,\N,\N,\N,\N
075lf,"Mejia, Rordy",RP,SD,\N,"[""mejia rordy""]",\N,\N,\N,\N,\N,\N
075lg,"Seppings, Jack",RP,MIL,\N,"[""seppings jack""]",\N,\N,\N,\N,\N,\N
075ld,"Romero, Alfredo",RP,CHC,\N,"[""romero alfredo""]",\N,\N,\N,\N,\N,\N
075le,"Henriquez, Jordan",RP,CHC,\N,"[""henriquez jordan""]",\N,\N,\N,\N,\N,\N
075lb,"Carter, Dylan",RP,SF,\N,"[""carter dylan""]",\N,\N,\N,\N,\N,\N
075lc,"Eshleman, Jack",RP,TOR,\N,"[""eshleman jack""]",\N,\N,\N,\N,\N,\N
075la,"Reynoso, Erick",RP,ARI,\N,"[""reynoso erick""]",\N,\N,\N,\N,\N,\N
06eo1,"Josepha, Jakey",CF,ARI,\N,"[""josepha jakey""]",\N,\N,\N,\N,\N,\N
05u1y,"Collier, Cam",3B,CIN,\N,"[""collier cam""]",\N,\N,\N,\N,\N,\N
05u1z,"Cozart, Sam",SP,(N/A),\N,"[""cozart sam""]",\N,\N,\N,\N,\N,\N
05u39,"Robinson, Ethan",SP,(N/A),\N,"[""robinson ethan""]",\N,\N,\N,\N,\N,\N
05u1w,"Leeper, Ben",RP,(N/A),\N,"[""leeper ben""]",\N,\N,\N,\N,\N,\N
07739,"Demey, Josue",C,LAA,\N,"[""demey josue""]",\N,\N,\N,\N,\N,\N
05u1x,"Coffey, Cutter",3B,TOR,\N,"[""coffey cutter""]",\N,\N,\N,\N,\N,\N
05u37,"Neal, Brady",C,CIN,\N,"[""neal brady""]",\N,\N,\N,\N,\N,\N
02jh6,"Suarez, Eugenio",3B,CIN,\N,"[""suarez eugenio""]",\N,\N,\N,\N,\N,\N
07738,"Kirby, Zach",SP,LAA,\N,"[""kirby zach""]",\N,\N,\N,\N,\N,\N
05u1v,"Arrambide, Cade",C,(N/A),\N,"[""arrambide cade""]",\N,\N,\N,\N,\N,\N
05u38,"Pallette, Peyton",RP,CHW,\N,"[""pallette peyton""]",\N,\N,\N,\N,\N,\N
04pn3,"Gray, Josiah",SP,WSH,\N,"[""gray josiah""]",\N,\N,\N,\N,\N,\N
05u36,"Miller, Aidan",SS,PHI,\N,"[""miller aidan""]",\N,\N,\N,\N,\N,\N
062n2,"Gonzalez, Omar",SP,NYY,\N,"[""gonzalez omar""]",\N,\N,\N,\N,\N,\N
04pn2,"Dodson, Tanner",RP,(N/A),\N,"[""dodson tanner""]",\N,\N,\N,\N,\N,\N
05u1q,"Escudero, Samuel",C,PIT,\N,"[""escudero samuel""]",\N,\N,\N,\N,\N,\N
05u1r,"Marquez, Emilio",RP,(N/A),\N,"[""marquez emilio""]",\N,\N,\N,\N,\N,\N
05u31,"Quinones, Luis",SP,MIN,\N,"[""quinones luis""]",\N,\N,\N,\N,\N,\N
05u32,"Benitez, Diego",1B,(N/A),\N,"[""benitez diego""]",\N,\N,\N,\N,\N,\N
05u30,"Jones, Jared",1B,PIT,\N,[],\N,\N,\N,\N,\N,\N
04pn0,"Roederer, Cole",LF,(N/A),\N,"[""roederer cole""]",\N,\N,\N,\N,\N,\N
06er5,"Martinez, Emmanuel",RP,(N/A),\N,"[""martinez emmanuel""]",\N,\N,\N,\N,\N,\N
06er6,"Cozart, Jacob",C,LAA,\N,"[""cozart jacob""]",\N,\N,\N,\N,\N,\N
06er4,"Gonzalez, J.D.",C,TB,\N,"[""gonzalez j d""]",\N,\N,\N,\N,\N,\N
075nz,"Holjes, Carter",RP,(N/A),\N,"[""holjes carter""]",\N,\N,\N,\N,\N,\N
04pkx,"Munguia, Ismael",CF,TOR,\N,"[""munguia ismael""]",\N,\N,\N,\N,\N,\N
03mhv,"Perdomo, Angel",RP,(N/A),\N,"[""perdomo angel""]",\N,\N,\N,\N,\N,\N
04pm9,"Schnell, Nick",RF,(N/A),\N,"[""schnell nick""]",\N,\N,\N,\N,\N,\N
075ny,"Diffey, Choyce",RP,CHW,\N,"[""diffey choyce""]",\N,\N,\N,\N,\N,\N
04pkt,"Ginn, J.T.",SP,ATH,\N,"[""ginn j t""]",\N,\N,\N,\N,\N,\N
04pks,"McLain, Matt",2B,CIN,\N,"[""mclain matt""]",\N,\N,\N,\N,\N,\N
04pko,"Rodriguez, Grayson",SP,LAA,\N,"[""rodriguez grayson""]",\N,\N,\N,\N,\N,\N
0770p,"Guzman, Randy",RP,NYM,\N,[],\N,\N,\N,\N,\N,\N
06g2a,"Arronde, Felix",SP,KC,\N,"[""arronde felix""]",\N,\N,\N,\N,\N,\N
04pkr,"Hoerner, Nico",2B,CHC,\N,"[""hoerner nico""]",\N,\N,\N,\N,\N,\N
0770q,"Almonte, Manny",1B,ARI,\N,"[""almonte manny""]",\N,\N,\N,\N,\N,\N
04pkq,"Seigler, Anthony",C,BOS,\N,"[""seigler anthony""]",\N,\N,\N,\N,\N,\N
0770l,"Barroso, Hector",RF,COL,\N,"[""barroso hector""]",\N,\N,\N,\N,\N,\N
04pkn,"Murray, Kyler",CF,ATH,\N,"[""murray kyler""]",\N,\N,\N,\N,\N,\N
062kc,"Torres, Marcos",RF,TEX,\N,"[""torres marcos""]",\N,\N,\N,\N,\N,\N
